Timestamp|Amount|Fee|Project ID|txHash|Currency (0 if ETH, 1 if USD)
1664202407|13000000000000000000000|238106642279243377|5|0xd4a9b0ecc93af432a0e037f1225448b358f387023e1487a2538599c6d029eae9|1
1664166431|4960957254665863937|236236059745993521|33|0x14bf174479e68460ff8611497fc9c87ec820d5d0fa3f8f5179cad95c5cda1256|0
1664152631|4563000000000000000000|85086149026627881|302|0x125d94032bc46450ce1936d43fc3c72b56e5d3eeb01a6506fcb66f75977b4475|1
1664146715|30000000000000000000000|567365488024418525|329|0x24758511cd779ede42a8d4ccd1ec757faa64e9236d4aff72a92f2bf3979ed62d|1
1664092163|174147500000000000000000|3196493076459963878|1|0xd0e0f4a5c9d8e343b68197e552d4d56f001306226473f4ca2cb2dc65962370e2|1
1663800539|2000000000000000001|48780487804878049|197|0x6cc8397ad472c95d455b3a530ee5a10c0c4b5b6a1528a50ef45a05973542fa67|0
1663636463|8062000000000000000000|143799507910523844|302|0x808e21006d01a72a900bd83b388859698596fb3e5ca4864ed73bf09730b01ca0|1
1663551479|30000000000000000000000|544091425142612564|329|0xd40f408a39dee37cafba09cefa300f28f32b553d9bde8cf09d567278ef70acc8|1
1663056228|80697000000000000000000|1146613563365542485|294|0xea2bd45e8e91df71bb71cdcf97a4ce36ffe77b354f7e3fd96529375189d2dadd|1
1663013967|512000000000000000000|7233621142660243|168|0x90da3725b7d8194b3878a1105d58834f9e8675b29dba2697fdd139eb1291ca0b|1
1663001614|11100800000000000000000|157971449965861970|5|0x5b5966d48f3900bf6e95f22245e1fd294ce19230dcdf2d3e0771f244c8c8a1f9|1
1662942687|30000000000000000000000|414897675515028044|329|0x030b5218b2316b36a410d6d96693c4824053009bac08d145c2151e468663b11a|1
1662932285|3753594037572863662|178742573217755413|33|0xd1e9c674f81cb62079c770c2b70252ce64f726a1d0ff52278b8d880c62ff104c|0
1662880342|154160000000000000000000|2142462350212821726|1|0x71fc26f58f57c3e4513f063741b007fba44a24d3218fb4441f40bba0b1b230a2|1
1662434028|4521000000000000000000|67386895409259552|302|0x00cf0b6e4eb4f22017eff61a1b67507fd34b08cd91f5969ecbce5a19c97d6902|1
1662423167|30000000000000000000000|449452773270432318|329|0x24ed2e61472c14b7a92ed8e9648bd6c4a24e7e5999a40baa939f5c39e2c66ab8|1
1661860107|11100800000000000000000|170561317722399291|5|0xef5838366899a06539898aacfcd4e245dd86f616ab15427bb362e0db77439cbc|1
1661834283|12941000000000000000000|200059673158055027|302|0xfcd17eb50f7c439f7b63a2acf1888a2c8343aa4fa01ca54c844bc5d99198909c|1
1661801236|4543899430020745315|216376163334321206|33|0xc89ee331ee0709bc7e3e4ae723662fe4c6a3d57d48b30e505a0e07e926ae57d1|0
1661753867|30000000000000000000000|504034762311015499|329|0x35fb0dc14d4ec74536ad3d36b82733c0c7820f86babddd7728fa8041107916f3|1
1661753625|158260000000000000000000|2660362663946572199|1|0x60db193e6e5d9ad8aeb34fe11f0b158cbbb554b48ad1e8e42b7e60eba42723a8|1
1661553535|1556000000000000000000|47827771852391379|380|0xf70dfe96328320c7d304badfe7666830447e211aee38e84c8a7d68d340b3ea11|1
1661486627|512000000000000000000|7392645645948296|168|0x67684b0e511cc9fbf8a7c14bfa540712dd53b716fd2eae41660559ed19c4cb40|1
1661153930|201207000000000000000000|3119172586093221880|294|0x3ad2e9176af4159d20ad41800aeb93be44617a5a2dabf079cef0c8ad68af13cb|1
1661129268|31794000000000000000000|481687205109756780|329|0xfb536c42f95782bddf94e6aed9c6c61358ae6f9c8d11c323599f473b0f26348a|1
1660926868|1650000000000000000|78571428571428572|434|0x84b6d885c428b92fe83a2685e6066dd3accbf89f0e517312b73941907e485bcb|0
1660524252|27179000000000000000000|340295237564408742|329|0x6f22d66420008e1dcd04ca4a0e0ce46c21d186e5ce22ed159b4829e7bb6d25c2|1
1660510793|3318646932759158458|158030806321864689|33|0x88bb5f1b608b46eb4f3ebe21fd463ed5d3e5b51b887ac28341cb75aee28e71e8|0
1660443473|175172500000000000000000|2149382728470957551|1|0xa5d68edbf660ca26e19cf8566a4db571728c32a6dc6f600f9a7af2f0d78c9908|1
1660396984|11100800000000000000000|136686264685194158|5|0x81d0795209a82042606c678d28fac89a0b1c88d86197f4af47ab7986777e66fb|1
1660313017|1670000000000000000000|21653017270161326|8|0x549c6c8166cc13b4543167b4df9d6886ab87704ad5ad49335971c498a3a61764|1
1660228761|3538000000000000000000|45372783972968183|168|0xfdc4c56dc8eb04ec05a6fec6f1030116bfe7d37cc638ad0e97db0e88101bdde1|1
1660143701|251199000000000000000000|3324472041688129622|294|0xf087c8c3a5f2fb73134f22586de7f0a719d1102f9b114234174cb920a2f0a755|1
1660128685|20096000000000000000000|288948565688709396|302|0xb5de550a9e2f67cb1225a686c6aac5fa87cd7712768a0dd7b7c50fde1dca73e4|1
1659916055|27179000000000000000000|391010172097627414|329|0xdeab5f1c0ef6648a387a3b100a12f0b4209541d511ae429982c57fb6c3077eca|1
1659311998|27179000000000000000000|394290570895853970|329|0xeb1dc0b902a74b847f65ae3b5f4e29f690b7ea40311c03ca118fb284d6ba0f8f|1
1659300687|3854783012891510794|183561095851976705|33|0xce9e2c4a9b560511cd954c21eab7f01abf50fec61a8efd42d994944e59218adb|0
1659209503|154672500000000000000000|2205253439869285352|1|0x601573018be0c558db0554223740264fc5ae2d19ee32d273531238d6ceb722db|1
1658994733|11100800000000000000000|167309390225411918|5|0x3cafcc54678531a47baa21b1be52a445c47548558927694a5a8f00eacb83fad0|1
1658708585|27179000000000000000000|414843468366746964|329|0x3cda35f47c56a0358411200b1fc0cc369b9949037b82888e7fb131a6af8d0df3|1
1658190096|200000000000000000|9523809523809524|437|0x8b50f01f483a084bd4175f9d28bc2cd7bd838f4fe6982ffa8f78325fb4881479|0
1658180329|923000000000000000000|15175485096637037|168|0x48b1d71f14195c6219d23601919faf2a077981f8683399469933ece4badff908|1
1658166558|5000000000000000000000|82856020513162135|8|0xe9f9c9aa136f17a6cafc7a515176776616eee2783a8c2c191c7fa56b891d1693|1
1658100896|27179000000000000000000|490432160974490996|329|0xbbbbd345a9b7e53ce3d09aeb5ea6a85a051e4937b18e32bd68f9ee20d5f844cd|1
1658090386|4889687518450362333|232842262783350588|33|0xb72f3a0a97bdb0c2bc5dc5380ac39580847f5573b422ff9494f741c3f26a0042|0
1658000047|149547500000000000000000|2704473184983607486|1|0xc584c57340acec779922dc3f68d3f77353b6cb09278b038e65200ec5f4af2b61|1
1657890479|11100800000000000000000|220330734279641876|5|0x085356cc9893f3b861ba8b82085a6991012a168ccf8f06d7ec1703f5ee04f96c|1
1657819079|3600000000000000000|87804878048780488|640|0xd30f6cbf5c6c0d57bc23798ec0a83f73aa887f47d10b79927a205102b4380d44|0
1657691182|2090909090909100000|50997782705100000|22|0x3644cb9d6d148ff12378322543358cf0e51a0e9eff022b8534c31fe9e8be04b0|0
1657685609|12000000000000000000000|278494919601684591|302|0x68bba715585f8206e58459130e17e1efe859f934248fcfebfdcf9fd379b6c67c|1
1657681300|1733000000000000000|82523809523809524|2|0x99e091baf69a867c6aa9efaf88efec12e52352d8ebf52407115b3027236bbefb|0
1657509363|27179000000000000000000|575476727705196790|329|0x32b30ceedd4f30e7457da9dd9bff0ad8c7e17c129801cec5774c205e4a498c19|1
1657266757|100000000000000000|2439024390243903|603|0x6685e36acca6a3f8277f3dcb71749844897fcf0739dd90426124ed98da6d780d|0
1657185159|15000000000000000|714285714285715|219|0x45d98173b1b72c729b793a3dae65757ce3e6b008d9e380523b60bf1685ed8aaf|0
1657146127|5000000000000000000000|102625903388224007|8|0xa34283cca07a2c8c7a6f0c5de6102bedabb3845846932445bba849eb6689c369|1
1656904303|12000000000000000000000|278200634298070807|302|0x967d1957f59eb5aad1ac57184e0e7ddbde5fc97d666902a0d49603ad30061043|1
1656900656|27179000000000000000000|618322211401235954|329|0xdefd652cb82986ef394d3d2ab0af5acd864fa80f2d0d14c9e3b6fd21a0d7a6a0|1
1656793806|6173819218045061574|293991391335479123|33|0xc2c6c09b9252aeff881775b63a83fd1f43ae3ed2dd172b5a87cd83d52db75c3e|0
1656792632|398636000000000000000000|9132868665747132507|1|0xad409e7d219517e2b272e94df07ae99c446d7577d6b4f03b8f4f3a91160f7d94|1
1656716768|100000000000000000000000|2283878132390397453|294|0x3229ba401a6bfb44d80a5b87d83121dcdfb0f2143b73acb239a9807019e434f6|1
1656548257|1025000000000000000000|22665868828083919|168|0xc1f3d7f1cbf4adf3762b0ae5099b1bd926f49f51e31be51756262ead1ae19a4c|1
1656440893|1025000000000000000000|21549316183344804|168|0xe7dfa4485776724497a4ad494f47db80bf90a57e289f1042ff3d4661c888706c|1
1656381503|10623800000000000000000|219876712449150356|5|0xb0ac52b906b54e4c6ac7373659cd3c78129a4f3386c05baf93b63f7a3a04c472|1
1656292448|27179000000000000000000|549478424331730109|329|0xa7986da332b7d503e2fce93935466095faabbef6d912ec0edf70dd9d38e27769|1
1656133746|1733000000000000000|82523809523809524|2|0x5c67367a903cba83bc24060bbb57ee1ab35a74f206c842f7a99cb58679b2a5c5|0
1655994322|15359499420000000000|374621937073170732|528|0x4e9ccc9452f704fd1e8dd178a295037dd35658dd86f25247224593fdf6122449|0
1655683244|27179000000000000000000|588565865315581119|329|0x360f934de49a9cc2dd12b1ec3fbfd250c616625442c2fdf7ca9a42ee0e67b568|1
1655682226|6984873915956422128|332613043616972483|33|0x214b4381f85eaa4a6919eee35e9a9ff5263fba283174855a51e0ea7d1643ce0b|0
1655590637|380500000000000000000000|9770358638356528431|1|0x58f257d106d1d5a8ef2845cd1d60e8246b368ca0275b7a3527de711a0551bc0f|1
1655565777|5000000000000000000000|122733028906328435|8|0x09994d26d19eb6bfb2dc98f748ee0e3fa69af53b3adfaa9d4f7a919e3db932a9|1
1655247022|1025000000000000000000|21276501584844051|168|0x98cd8207823a814199ec7e9e93f7dd317c18ae0f649ef96b100e0f9b47e0d10c|1
1655241349|10623800000000000000000|218062454804658628|5|0x00e53b7a73210dd22f45ac63e2ca819d9ccc68a15b17aae11613d959cc7f001d|1
1655083708|27179000000000000000000|487138750652050047|329|0x4f2ba316fe15b7d26589fb4a16ad723b8c8ae965963ce5cd15768fb54d1dd9cf|1
1654940505|344000000000000000000|5231031871188178|337|0x4979b7660a542ba2d5385fca4b4763e3e900ad866d258d19f4793746e670141c|1
1654913834|1733000000000000000|82523809523809524|2|0x937c6190e8a7a10e0008514cd32302f27f2e5bcc1e6b87fa348c83b4ba42a119|0
1654482904|14584000000000000000000|191098439390231087|329|0xa41efb2edb9c7119db9f72e00346173d78b03fdbef2d720ada4eca120a9df7ba|1
1654453673|3612981084497140919|172046718309387663|33|0xe148a91833a6fc8f314719e8862af833883a4cfaa87fef13e09261688e059c5c|0
1654399506|2459401400000000000000000|33453528560158712219|1|0xcea799f135dd4eea9a02e6ab8cbe7fa10d22fee09545dfacfa9af20d5c7a69f7|1
1654295399|13536750000000000000000|184619696449991033|8|0x6931a4ef0761aeb8720883719b7051eda96f1a9615e6088b1e7874371f34c73c|1
1654242026|1733000000000000000|82523809523809524|2|0xebe4d6e670a636437aad82a655ed7facb9763fba8ff16ac89853083000072a5e|0
1653917926|10623800000000000000000|137933881893967565|5|0x334063476f99e2d699c155791c920525094e66865e4b5e7ccb8aa949416c02c2|1
1653916312|12000000000000000000000|154963228701800871|302|0x5f8f93f8f62d4bdcf2b89e8c95aace401ed0fc5819f98379f5dcebb61ffadb35|1
1653869431|14584000000000000000000|196435782354037322|329|0x6ebb3485cbd2055517e13a61fd2ad531a58c83a96f1b92ed8dc892776e553f59|1
1653755896|110000000000000000|5238095238095239|365|0x8e8bc98347e3f44330d7658d3d6a65d230c1bb4835dde80bddebff6cb3e63f21|0
1653726048|1700000000000000000|80952380952380953|369|0xce1445eeba709c30b71b99ae0553216f5d981400c69565b77a23d8a16e4ffae2|0
1653718538|100000000000000000|4761904761904762|287|0x0147bc656d34edd200a98377990a7ae1d53e0f2a4b37b7e6eb41bc6f94be9872|0
1653705452|1733000000000000000|82523809523809524|2|0x07342f97cd3bb107380022f191c0a26d130a4282f0eb26c064db34169a35f435|0
1653700493|710000000000000000|17317073170731708|568|0xfc327e4d23f0f077497212b1ce016c5a8e5ee4fcc369392e354013fe9a3937fd|0
1653697671|199103641410000000000|4856186375853658537|568|0x9c9f0e81013e974682a57715a552643aea60277daf279af6ef2219b0a90a2da3|0
1653691849|90000000000000000|2195121951219513|643|0x2c0b8e3183af41213bdbaf98a10feab29cd69ab391915aa0b7a7d88c42d2453c|0
1653639116|1080000000000000000|51428571428571429|301|0xd67d2fb8d8a50100102f5873095eea6daeff19c14d68da3f17386b554a4d464e|0
1653497518|1155000000000000000|55000000000000000|369|0x15395462ff123fa4d4bd5671750456b25df4940fa03a737744a144f208139773|0
1653262180|23323000000000000000000|277405691223427728|329|0xcd9b5472412fb0d22fddd6c3a747a287bcabf22cf0d68a40645d1119b6bbfe86|1
1653209317|4357586113474402529|207504100641638216|33|0xc78ed4ee25cf7a0ab30cc78a5354d7621bf5036db0a646902a3f9f28fdf2e330|0
1653189608|241470000000000000000000|2984451887030716544|1|0xb76c7ce03f896845661796d42f006228f88b78585793c042240c980368e009c8|1
1653177444|1733000000000000000|82523809523809524|2|0xe00072ffeac57e5301211fe8a8680c8b766407dca9b3660e154f127d468bc511|0
1653117973|1417210000000000000|67486190476190477|369|0xfa92c9deacb8898d52ab97aeedee19f1e22d3b092ccf3562e3b5e1da3e85b36d|0
1653081573|10923000000000000000000|135925726898029083|8|0x992363548e2d301fe5d6e1f4d4468237d8d2ae5c4dc97b9dcc303e675576ced7|1
1652925126|2123000000000000000000|26937250474306817|168|0xab726dc578be20421dec94021c83022d301a1c9a5ed6d0277a5966075480e41d|1
1652909885|3610000000000000000|88048780487804879|568|0x92526e0d8f1b7400687ae4a026a4a10954028da4417ebd147ca7475b638c2a67|0
1652883295|2729211490000000000|66566133902439025|568|0xa4715dd5062bb58a422b110344a9c5866b586c0d7bc91dca46e65d5b9c002e9e|0
1652868805|1190100000000000000|29026829268292683|568|0x1ead0cc5d05f92b0260660f33ec9bb204e8d219d4ac89db344c444c2ad9442e5|0
1652864140|491000000000000000|11975609756097561|568|0x771da603aeb6af6d5af71fd7b152839d0b3b60d2b41c3431b63ac3582374fd82|0
1652860699|4820000000000000000|229523809523809524|411|0xb0d530ced23ab54355d7f08a4f88e0f0ee93c34e9ae94cf8cf34c8e0f96bf259|0
1652767050|2004080110000000000|95432386190476191|35|0x2896f524caf9a0c903cb4deaf34d7f8e5c1a1a7f33b78449e45236332a8c2627|0
1652740132|370000000000000000|9024390243902440|568|0xb40a1e49daa37a6de9dedc0ba8c3a9aea5f8ec0dca65851f8ef13d58e9718098|0
1652721785|10623800000000000000000|129567738408406976|5|0x0c25416a10de4b21ec8b1c78c43d438a9a097c9c071ae9defec7eb7885c9ca94|1
1652657857|15000000000000000000000|333845046483629259|329|0x1e8fcc6540c1462a340368e3cb2679ac71e24b07761b90868cd410df2d3e99ba|1
1652643780|26000000000000000|634146341463415|625|0xdffe7c9497d603e798b36185b46382d076718d2c66ce5f0de726eb8de885d9b4|0
1652472803|15758100000000000000|384343902439024391|586|0xaa409b4ab4259f80e9b1116717442b74cba63e9fbf4b5f60f512a456bae5a3bf|0
1652457075|1733000000000000000|82523809523809524|2|0x37bc4ae200826e07d8691a17f736c14443abdd8518065740ff1826deacb266c7|0
1652424725|531752270000000000|12969567560975610|519|0xeb1f8c6f1c2e514ac0618e54d99ce9e48c9092683f95716d9232373d815a2e27|0
1652424098|80591344000000000000|1965642536585365854|568|0xb2c7bee9d6e81206b9fae421c2b459193c635b41eb1b781d1ffff4598f9d8920|0
1652422604|21000000000000000|512195121951220|574|0x2a3702b4f6aa49ad2a1e183ef270c683b6df84a895cc4a20b1e24e8cbe970f46|0
1652298859|12307000000000000000000|142072578955029111|168|0x21256d86ed721fa36725315ceed85022918cbe7f33bf26a94920a56959d408e0|1
1652266643|100000000000000000|2439024390243903|620|0xb3bbb30b5b322d4b99787ae6063e2d51f3ab55130c85df85e725b1c06165d130|0
1652261145|98068366970000000000|2391911389512195122|574|0xe56f2418c71aba5c59a939516e6d5c768c1e24ffaef38893ca6563b1048a2ab9|0
1652126014|2493532033489556321|118739620642359825|33|0x3e33d28ac43ebdc8756f0155b73c37c52f29f93c6715736b622a869fdacb4b2f|0
1652121444|500000000000000000|12195121951219513|638|0x77a21b0ed299f9efcbda8f44d8e9f8003bb575d8fb790828de177a406924f919|0
1652053336|15000000000000000000000|282843369829965777|329|0x19e6c081246f49d8216a87521274ea7fd80d890d771e71d0e22b19ae53998e4e|1
1651960699|194040000000000000000000|1791330483828704254|1|0xc1b126a3c35b3f6e62e84acc4e56cb7096a3b1644e9bce0e04d2715965f638e7|1
1651951723|1000000000000000000|24390243902439025|603|0xd0c6864b7a94ecf856c33b94270345d6000d1851ced2ded2ca98e194af3f7049|0
1651931363|10923000000000000000000|99135371760788135|8|0x6907542e45b6fa2daf162fb08fb4c758b157d8968cead27fbc71af7df5504280|1
1651872815|1733000000000000000|82523809523809524|2|0x66e8fb6771da01a419753ca8f5ccdc15b71845575b9df5ec39d813b151657b7b|0
1651668136|23032159820000000000|1096769515238095239|343|0xace8010d30d70d99449bee8ad591d0b9009826c15cad6299bb86341b24f1cd28|0
1651576591|10623800000000000000000|91537148887835856|5|0xbff0530ad588ef178c380d7d67c6004c0387fc4a3413a93e32c1f474fbe08a8b|1
1651543375|15000000000000000000000|251236730264549433|329|0x9c5ea919ca241847cb86e75f831b35d4ec9801282316573401dcac87956e6637|1
1651304493|1733000000000000000|82523809523809524|2|0x0982b40dd3fc317684e484d51a3c9f93006768099abe90bfabcd7e5d238501a0|0
1651272233|966767330000000000|23579690975609757|550|0x8008b3e397d70be9279017fb1610468473f9ab915693c0e3f852c85407de49ba|0
1651172921|10000000000000000|243902439024391|623|0xb8892569af54a3550d90fabf9929789f9755a1f93f38e9840649d8d9bb6e5af9|0
1651167946|63000000000000000000|521516366780074|7|0x9bdb54236aeb048f78b78c96253c9372fbe0bab411254de12fbd4548a39131ac|1
1651114001|48415950540000000000|1180876842439024391|568|0xa8ad493fe2aa1939748847c6dc3f9b3132a2841d645ef02839c0583796423696|0
1651101094|145000000000000000000|2398649618207722|233|0x19d2a7556a5e4bcac7216b66d551d738af62c6c3b46682c32ad21f58dfc07ad2|1
1651052049|4318012450000000000|105317376829268293|574|0xfa974772649c49a0e87d5925702d525507c239b57964b39b67451e17cfc136de|0
1651048641|9936100000000000000|242343902439024391|568|0xb4fb2ba30dbbe7423616fd72c0479b0f327dbfaa73f18f6db3a09e256cf75bdf|0
1651030961|94725595040000000000|2310380366829268293|568|0x3ee483f39b4fdc881b7049b1531a60f0db0a0a72884f82be425a7dfbada33bee|0
1650943300|100000000000000000|2439024390243903|571|0xa3448e8455321a6b12adaeed4e32f82a64e49d1e78a0c7522bcb9b3eeec7bac1|0
1650943071|2000000000000000000|48780487804878049|603|0xfcbf581763b809809a08bbbbbd80e0198c8d756bfe1ba8ca1e01c6280be53699|0
1650867575|2224229095316598517|105915671205552311|33|0x95b51edf7ec6e3c764f50e2b8f405d7215b78052197f1a2acb5c191d23166b6a|0
1650849499|900000000000000000|42857142857142858|457|0xc5a01018dca373b2941cf09a3e82878709e90c78b1df20770080683860f2354f|0
1650846247|15000000000000000000000|245670686292410056|329|0x6634f7d079046131d78ea800aebcfe74ae36ad4ee19ab546e2ed4ade47198399|1
1650770606|2208000000000000000|53853658536585366|602|0x53d79bea90841029b66dd28a31e63d070a0e7de8bddce679c8098ecad91deafc|0
1650763649|8785000000000000000000|72897480253163780|168|0x4132d7b4543d80c95751e091eae7a31bda187146a6203516ab0341bc60aa5455|1
1650751347|170300000000000000000000|1400648044909696800|1|0xefb74a161ebe27cea857826488a839ee7f93d112eb43a9ea2d43967d03a1be62|1
1650738328|4500000000000000000|109756097560975610|173|0x5f995dcd468596e119fe87e62269a6cfaa7e4cba523646f37d28d68c035bb2cd|0
1650721209|1805000000000000000000|14851533224187352|601|0xec0ce0bbcddf1515c2c86b94a4896c337aa6bd10aef5b260caa433690eb71cfc|1
1650662787|22834791861228169656|556946142956784626|149|0x2a19466cd94ff5372bc821be6a012180b14a6e9031ffc27cbd4e43014e2d2435|0
1650631386|2200000000000000000|53658536585365854|561|0x66498ef2407e3fbf1e8b24d9896fde98134ccdc58eeae03fa1a278d63d1a2625|0
1650618676|37293613420000000000|909600327317073171|574|0x5dce0d32a26c9e7d343b1ba6b10c7c5e8109cfe39ad43a2e15f901dab5b791ec|0
1650581142|1733000000000000000|82523809523809524|2|0x475e19b841baa7ed213c2315ad3a226cb56c55b1a9329e738fb72b52fdcabab5|0
1650577618|10342500000000000000000|163311642967574901|8|0xae79a7aa563962afdbfbbd377c06c24218f9545e565add72e192d78983a54c5a|1
1650507034|1232109880000000000|30051460487804879|568|0xc2cd62809b3a4d1bc6f92bf876f230a417d61e74c130cf4bc3321f248025d75e|0
1650461057|505000000000000000000|0|78|0xfde77f4092539fbd686a62bcb4c03a3925b576a07694b359b59dea01fd1cefa9|1
1650436786|2400000000000000000|58536585365853659|585|0xf26aba64c60a12a5c6b85f7a8f8a4518cc81788df441147f7c145b934687db7b|0
1650372722|613000000000000000000|4876531390547821|601|0x6c3a61a59998ef2679c57ab07a205091fe6a778bce760666fc14fb898357a7bc|1
1650364376|5500000000000000000|134146341463414635|561|0x7931f987144f4aac8da69fb524d610a50cf86471b75bf5262e29e4126e93da55|0
1650356471|150000000000000000|7142857142857143|215|0xa5e851df8c6dc1920945cc48d61dd40c8321ee9a4fdde64e85f7e1c8962eba39|0
1650353698|72254000000000000000|1762292682926829269|568|0xe6014c50b728acff4cc2dadae64226a7bb8ef5f3668254bf9815664a52218d78|0
1650308920|2330000000000000000|56829268292682927|542|0x7054b65f317c5bd300f1eac358ee97a478563f17b575da0b31f103a00774dc29|0
1650238939|15000000000000000000000|238250222060561371|329|0x43cc8c0b7c8db3091699fb3278b249d1b19c3ed481b2ec47de615297c0b22a0c|1
1650231547|12000000000000000000|292682926829268293|528|0x979740bc9c4dfe9c444ca7d1c3d92608babf2a3f038bbf7c9a4ef884c7cab16c|0
1650201141|10623800000000000000000|84952239454037247|5|0xf9ec5c9be4d39ec311607a6fe8d5f09329df6c27784a6f584642c668ee5ba2c0|1
1650007893|10000000000000000|243902439024391|592|0x9fb70154c5026f25cee57ecb5a5d20c6e9aee791cdc7119b711531d7c2ef79f4|0
1649975746|1733000000000000000|82523809523809524|2|0x8199f4df73eacd21a6462e913a879123765db2541e65f41faaff39db6f681eb9|0
1649974434|110000000000000000|5238095238095239|365|0x6e337b6e49be55275a2f0f9de34b48a02083bd3479c5c288a9b846ef0c2196da|0
1649691130|94907373430000000000|2314813986097560976|568|0xda6f91abd4d0111520c911e5343672deacb855fe167db0d41ab9a5a8c70abe46|0
1649687231|10342500000000000000000|161800229006293575|8|0xf509c0e97531fce3b26e36b5798266004cdfbfd255225c2055846c0e59497a6b|1
1649675939|11506000000000000000000|91197321202638008|302|0x041e7cc86d62bd0f4d5b7193aa94bb7f439688aefffa959687607126fde2423d|1
1649670218|2041053337097742026|97193016052273430|33|0xb5b76d610f2257557111e08a73f68eae8ae7e77ac86d183f5864011ac17ebe42|0
1649638027|15000000000000000000000|223441969209079394|329|0x4002f9977dc633d0dd5e72843ad4456b8aad3b4ef602c5496791e26560411add|1
1649545638|65000000000000000|3095238095238096|365|0xdef302f6fd967305c141733477d0d5cee569043567afb4ed3b257ba24e735684|0
1649533401|128540000000000000000000|970082384552158758|1|0xee129e58b284a1e606c30f6e5061990a110fc9bb1e1b7f210847f483b53674c5|1
1649509521|75640667640000000000|1844894332682926830|568|0x77503e9ac02c3691826fda69f3fdb74b7a9f2fa5b24868d9e6a10828539cca4f|0
1649457885|26000000000000000|634146341463415|517|0x4cc4147e17fee4cb615bf651a686ddfccf99bdccd4b1707a9d1b42d3e8e5a88b|0
1649422914|176903000000000000000|4314707317073170732|568|0x7ae7addec8962e026cef42fdfa4db32743c1f302dd766bf15eea00b5d2a8d461|0
1649413959|8785000000000000000000|65237599148992873|168|0xd832776109253ff802e21a722b8d3fa632014f78b6e036d091697a2d1c9b588c|1
1649379484|1733000000000000000|82523809523809524|2|0x35ebb5b77fe93d11eb542d5f67fe64cbdbae866c983b9091323bdec0b1f2dfff|0
1649274781|861611000000000000|0|37|0x1dd86c36c9f1ca64efe1e959a890049e2329cd1e4bf4f48513914bb861835db2|0
1649123318|91672219790000000000|2235907799756097561|409|0x4d7a8f7a5cb558e819a7aab0081c12e2ffb40bd0ce10629ddbff07316ab4b769|0
1649116608|1449014038627777777800|69000668506084656086|409|0x1e2fb854feecd40f980ff0681a9208cdf433623f3da50bd6810fa6b01c4d781b|0
1649065322|15000000000000000000000|204492249042529147|329|0x87486ebaf34129581dbeb8ea9a9e51507cb87a6c700fc5bd65e5af268b1d2a68|1
1649024759|18614000000000000000000|127621296452465284|527|0xa75aa559dd8dd21bec192db5faf3e2a6f0f0cc74eb089679fb92ddf566b38da0|1
1649021055|162142684040000000000|7721080192380952381|409|0x1f63b34978db5818d7d233238be9ced009e5f27500f472d2c43e928e0e83961d|0
1648897784|10000000000000000|476190476190477|409|0x7d58239f94d78b1cf6a87993a39e7c970ffa7967bb0de4c2c6a9dadf5c923f8b|0
1648892296|98916540390000000000|4710311447142857143|409|0xc1f67e425929707e31ef31a84fa751b6d033575ef5511bdda463db167d310ce4|0
1648884440|100000000000000000|2439024390243903|568|0x8e8f499bd52b036cd1b24d236a0c6534cf944f9ddada705e1063aebed452feef|0
1648848095|772220000000000000|18834634146341464|552|0x63caa7c1bef4b2ac33c59776a931882f86492dd359f507c40890fd9f72a626e0|0
1648845553|2051504167909294277|97690674662347347|33|0x99adffb7eb8a519a35010d22c5f78105ec6d6fc11e6d8ab7ffcfc940e4da0926|0
1648767715|1733000000000000000|82523809523809524|2|0x2b3b1bcbd4ad7e72a1ea30cda4a74c45a4071e0492fc03ec1b85be032ca722f7|0
1648754702|1000000000000000000|47619047619047620|504|0x0e3a6ccb203dd5a3b298f51caa989a13c4f122c08e2a2a06ec2866a8f7df08b9|0
1648730687|5750000000000000000|140243902439024391|528|0x6dc0565e1649b23f0c828c48e0223a22fe80f7328d8a394bdfdc2fb42eb1e9b3|0
1648617559|250000000000000000|6097560975609757|552|0x948b5cdbd4b51c5e8b173b36a489400a7222df1fb4a073a2da59caca02583cf0|0
1648604655|10623800000000000000000|76854027089940325|5|0xd1b98107cc8a102e1bc4df91f6fe44da014a9545ffe13f51af4f653fae4ad1b0|1
1648545774|5064000000000000000|123512195121951220|542|0xd4ef5635372848b8894d79dc6096e240695070e28cbfef5c1745d40bec6afc9d|0
1648509983|15000000000000000000000|212711780381627429|329|0x9db046fa5e75b9581f7981c781ac035d4417b3e133a767286d74055a0b76af35|1
1648500277|199000000000000000000|1422592658678416|556|0x48b0157ed0cbb8cdb7bb3d95a1a4cd62dd10f2b76ba0420b39f96d3c8ee853cd|1
1648478397|100000000000000000|2439024390243903|510|0x97f48295765de591eef87de5c2a36c4bce9ead3e5969b8aef072158941fd686b|0
1648458244|100000000000000000|4761904761904762|425|0x4aeb159a8223632c4e1bf72cf80d1197cbaeadcd38ed031d7c3c9f14b9bf6321|0
1648427740|7994000000000000000000|59218725224637149|253|0xb35fbcf46745562b7f0f3f53ecea37396194585df9c729c3e26c659fc7a250a5|1
1648414161|123000000000000000000000|932501894504224672|1|0xde0a960051ad1bc39594bc766417c6f63bef9e52f4045022ef206c468ea4525a|1
1648356579|248000000000000000000|3758131491505802|7|0x2617b98f83a0580bc1e240997b34ea44afecaeb6c59305e553f26ed260d235e5|1
1648350707|20000000000000000|487804878048781|553|0x147dac8abc8e970e48f791fe2f2215beb9f2fd31f0ff658d0e67b322d7706361|0
1648348812|1661000000000000000000|24985620325043492|222|0xac21c788c12c97e41e00b5e9358e02fcda6c748c394d58ffb4feb2935a7c62f6|1
1648254006|5967351677730887863|145545162871485070|28|0x80b13f026018ad5873971b39a348f363f5c212b3764c578f463cf95b80b3dffc|0
1648170402|8785000000000000000000|68974926486386756|168|0x4026c8f2833c15105c9048131bf651be75c444227af9a939bb8c49cd8305eece|1
1648162864|1733000000000000000|82523809523809524|2|0xccf33a7ce92bdcda42a62452aa3e76541f2d103e3df383406cd2464422490f48|0
1648094414|1906072640000000000|90765363809523810|299|0x568e594df803a9290cc6bd3d0de5df572026e521757e94dadb5c8723d57c5b8f|0
1648033343|634000000000000000|15463414634146342|518|0x4aa2219c80e87a81397171fd1d4d4681e2ca034cbf090e6eb30fe5fae658e358|0
1647986608|10342500000000000000000|163366089795851854|8|0x5203d07df20ee8a729f82098d6ebc96209b150566c25aaf034f82991fbd08d00|1
1647930191|9369000000000000000000|76217597524914687|259|0x6e3eccc7b224993a19f9438edc50049a52b0f1f5cde6b606230623c98ebf1613|1
1647877615|972000000000000000000|8027290143759517|516|0x1e853d8b606e66252321d9946372ae6da921e9b2e838af1c5703514a1003ea61|1
1647822539|15000000000000000000000|249671239740392765|329|0xe4294e5d0d2dff705f17d3158f8e3194e24cc6a90f064484635f5a3a2768c2d9|1
1647796831|1974000000000000000000|32874506988601250|7|0x96b76e30cac3af5fce5be00f72c1ee95053724a1b3002518cacbf6ff21f632a4|1
1647767546|155500000000000000|3792682926829269|511|0x5f38defe4ef21d0cfa47888ea82568f2551ac098ec32c4b587a86c4c0369a809|0
1647753588|200000000000000000|9523809523809524|455|0x7c823140c5bf3a73a7e8a0e179d9fca8fc245f2a8e03f7118a4bed90e3619e21|0
1647740351|12000000000100000|571428571433334|286|0x275ab4b3f7f779de6f94dc75fcd0b4c8c2de73dc31fa38eff5f76e203461484a|0
1647639889|1733000000000000000|82523809523809524|2|0x80ad98a4ae013c747f9345391910a9a3f467bcd6d689016d8bc0b7f83ec20529|0
1647559784|5533000000000000000000|93405353465440312|5|0x1f32a8e939ec7d3088a506d3a4ed17a8527f3becc9bb0bf1667ada92950dc37d|1
1647502016|2200000000000000000|53658536585365854|510|0x49b39b47ba3869adb5eb031f20394544feed0d8ed72582bb4bd9771b34bb2448|0
1647449369|1530254520000000000|72869262857142858|431|0x079dbf0d14614a421eb2ce0f5158003d0ab92750bf4858e0b2b896af94395c9d|0
1647436761|3000000000000000000000|53405621168313358|302|0x73aaae75ad8d821fe0bdc4cd15011a00b6f6aa7808879faf28daf05bb63dc99b|1
1647317733|200000000000000000|4878048780487805|527|0xf0c5c13f7a35cda516295cdf6177a62cd6d468caeac3810c8c67d021bd84037f|0
1647314728|15000000000000000000000|278518482207960839|329|0xe3b507320a749cb12e29759ba5533353b39de9807b9493474e923baa172de34a|1
1647192981|82860722630000000000|3945748696666666667|441|0xd9619496959fa9ed8d599f101b9988193d360375ad12ce79838ad83a2e04ec73|0
1647121068|2619930289500470289|124758585214308109|33|0x7a2868183eb49258486a694cb3fac225112af53cbb9857ddbc7846cd10a27a44|0
1647115867|117453820000000000000000|1110139953178165377|1|0xa0b7d803f790df016b221663eee6775aa7369f2f6e148bea343ea60b4e315784|1
1647053833|64000000000000000000|1180489567934004|213|0x0e4e5ae2f1755f7eb0d97870b188772c7aa590fb9caff4caf146879db27e565a|1
1646961290|1733000000000000000|82523809523809524|2|0x8a9b7e5c4d4ba08eba56ca17f82b521c67b19b7389dcef8a8d89c32dfcdc838f|0
1646944726|10000000000000000|476190476190477|407|0x21107cb25ac2d17b9193b5ce27f8e5e6a44a16169f4fcd93688b8761fa49a711|0
1646894739|1413000000000000000000|26056430659900855|181|0x5d264d05324d782d732e9b169f2692332cc8b6b752ec97ce9c3a5ffa6c610c41|1
1646876606|9000000000000000000000|158090586491438472|168|0x8077e48c018678242b6760793e665c6d853c66f6136f8296428415e218723cae|1
1646766760|389000000000000000000|7222265316307217|7|0x08f15951dd2c9ab5b09c9ee98cd96739278b900d705cf4b8f9ba01b59456b037|1
1646706858|10342500000000000000000|194464492198494208|8|0x91e0eef2060420458c0f6f67e8dbb1e8c72eaea1aed144ad7ffe2a3536f6b2e8|1
1646678326|111785000000000000000000|2099429092832193725|181|0x761aef906a8f7f69e421c33ae4b81e4199b175a19c553f8f73aa95296cc8f074|1
1646635203|100000000000000000|4761904761904762|124|0x7c5a9a90b77fc24d60d84fa36ca1592da30c53b2c991d8454c868a9d57fbec08|0
1646620653|15000000000000000000000|281869329899359021|329|0x3c545498cee93d763cc4637997175a0e11c3b9145784489fa41de8eb91cc53e8|1
1646421766|14560000000000000000000|262373159598367193|313|0xf2086d43ca57755b14728861630ea8aabd03339ab9eb2966110de0b76e4312f2|1
1646412847|1733000000000000000|82523809523809524|2|0x5e804cc79663534657e82d7173e2061dba15f5ad8dcf730938f61c2bb86f5a8e|0
1646344355|428452630000000000|20402506190476191|193|0x6369971e8f858b8c33a7a03749d868a9c88e6ba9adcaaf880dbd5c96a00e37dd|0
1646114062|1110000000000000000|52857142857142858|264|0x77b24b4f4851feacacbeca552063b8b3562e5f67e482a59616eb204f76823e6c|0
1646054916|5533000000000000000000|100507077784705796|5|0x818b1a737a1e0b398aeecee6f39bc3acd1d242f3dbb00d8845955085fbf6635e|1
1646029410|4885271820000000000|232631991428571429|463|0xf3e30f2fbe33f12a212c91c605c4ec057005c77d1aca546aaa42934de9b91c22|0
1646007057|15000000000000000000000|272248551689045374|329|0xb1b507d87f35ea7fd9f41d4ae5091ed3359d18d9668f2c61bf92f9f75e5cf5f2|1
1646002411|2349017515163057059|111857976912526527|33|0x7cfcd6963ca2cf44b042f0988409b57ef887ee173284fe79bdb2606034b0efe0|0
1645916462|95612760000000000000000|1622249665167857086|1|0x5281f4050ede054072a2588672d1c87f156339abbef7a2073925be296d93e463|1
1645899917|50000000000000000|2380952380952381|387|0xc29be9e652d86e897819b887be91d0b6baae42a20757212bdfb545732db5ee6f|0
1645893103|1000000000000000000|47619047619047620|439|0x0aae58e55d36dec019afb0ca9594fad9a6b3d5084b6d56babb838db17f9dc34a|0
1645879481|10000000000000000|476190476190477|379|0xbfacb035cb4421b823f20cb7707f5f274953012ac017800619cf6c499e389336|0
1645833065|183093400000000000|8718733333333334|240|0x3bb22f58ee2bae270012028e17dc486b32a7393a74efdf57e5faefa7e2526b46|0
1645767735|11569000000000000000|550904761904761905|409|0x459aeb9dfe921504632ffcccf9bbe3f74f6a2b189de58857442275f4ef0f8e17|0
1645748637|1733000000000000000|82523809523809524|2|0x9f8eec23ce04b9e72d9177fce8f891ad602e45b2b38fcac62967963e24384cdb|0
1645698417|2360000000000000000000|47605500409640717|332|0xd3690444c58153a4dd7521d02aef93d1826433690d316c06c4f357099afc2b8d|1
1645690113|116010644920000000000|5524316424761904762|409|0x7e631f9a9aa8eb8f3fa05f0ef5d5513558cb011d38947f934a4c69d5fee6b6c0|0
1645662318|7900000000000000000000|145696768446646065|168|0x37877513529380abcb8fa3ed7ffd95c7cfde24c0141b67d0ad9ff5f299c2f0ee|1
1645467560|15000000000000000000000|269538835268888076|329|0x4fed450be8d4e3356c76f28a9ea7bbbc0fb3cdaadfdea46f4b0bbfafa40bdfb5|1
1645457323|2034112500000000000|96862500000000000|8|0xb1ede5793094513c0f92adf426226eb3b620c429ff46f8f41382802ead9ae247|0
1645413778|1733000000000000000|82523809523809524|2|0x9e4df62c8e5c364ad51a2eebb8a785661a6d935ebe09399984cb77e44da9ece1|0
1645394959|1000000000000000000|47619047619047620|175|0xf7708b2b6e70a9fe76e522be153c53560983d3431c8941f2bae8ae1ab3be7116|0
1645393119|2314543747353183733|110216368921580178|33|0x496350ba02f5043c036322fabf3ac68f5bbf1104e03d79c325f5cc0b3a6fe135|0
1645339450|237000000000000000000|0|17|0x408d1982edc0fbfa0c880fccdfa7ed208d43b5f95cf7dbeaf809d7f7bf227470|1
1645310468|5964000000000000000000|103541337911540036|233|0x15cd62ae17c6ac69bd4ac49e25de486fb6abb3d4a80fdd3e6ada9e48666c62fe|1
1645271990|5050000000000000000000|88300961851011973|310|0x5df6ed73731c54d90d9c2717f18e5a87a2dcdbccbb55a8775f9a25bdd5f21731|1
1645258717|1412500000000000000|67261904761904762|377|0x593702b06b20aa4dc228fa5feb3b02aa9813694c419bae3b534d911f91440d8f|0
1645227764|1842110000000000000|87719523809523810|120|0x9c0395a850176b01fa7070119d2d4b5e32af6b020021020ed8356057f8870d1c|0
1645204436|20000000000000000|952380952380953|398|0x16fa37155d56e4e884402aaca0c4f7eac0f139f38d967df259241a967e3f0072|0
1644965780|3000000000000000000000|45619000775994773|302|0x777f1908e76d84150a27bdb0644d01efb89a8ca266be2c905df6186058ca67bd|1
1644857838|15000000000000000000000|241540409468963749|329|0x09a81b8044fc2ad96584f5621f2f365aad701f29cb99495950abb5b468b4198a|1
1644808677|101380765500000000000000|1694395129833955882|1|0x06329aeb3f8fe20517348a5f5a305289239e0ee183c783aa93e2cf79dbf0d5f0|1
1644768000|6900000000000000000000|112107630733958981|5|0x18177b400d2322418340a430a4c45cefd4521531253def7707936b72c39d306b|1
1644648258|1733000000000000000|82523809523809524|2|0xd3bc63f5f40395cc1ef580f10b4268a9f4a31f5df31dba4be2592492f715f739|0
1644607914|10679000000000000000|508523809523809524|197|0x53d8bf507c8bb680c9c2862c9ae6f4657b398348e15703fd6d3ba5882fc37c23|0
1644594440|6300000000000000000000|96632362178093444|168|0xf46ec74edad4eb54148afc8b7b38e5ecd41628853098afaf27047a7b183024ea|1
1644502149|3108443660000000000|148021126666666667|343|0x2b0206b1cc423f83b182619d90ea762aa5d6ddc675e1e29cc86643c758db2335|0
1644490595|2034112500000000000|96862500000000000|8|0xa4f641ceffdf2fb5c271f4c4557e987ff1168ac9e365dea47bdabb3a8fb656b7|0
1644477630|191000000000000000000|2852387881742090|7|0x7dd1a7e96249046757c9e668853a46e263bb693158884bc856ba433faa564170|1
1644398048|250000000000000000|11904761904761905|265|0xf1432e075c39fdfdfae9201eca1130432e5a2014519273082210377ad1f45347|0
1644367863|5465363370622750|260255398601084|323|0x48a5c6ec4b04171320e5913d67f09d8476c15f6b1b25ed431b9e2ecdcc0a9d0f|0
1644363626|1352840000000000000000|64420952380952380953|323|0x210f839beddfffde4b9a27a7eb1ad2c3bde87d60b240c3cea3ca8a7521e94b1d|0
1644340755|81848384000000000000|3897542095238095239|323|0x97ae9a4008a63586bf719906eaec6989e3c3d070dcdab616b776dec74a8edaaa|0
1644339398|802721504470000000000|38224833546190476191|323|0x74bfb47d1307c09ba7a9609f356cb2a4c5d338f04b7d751256b2c8323a7442f7|0
1644327198|3382000000000000000000|52564087670072627|14|0xaecdaf4898be2e2306bd5c182a0b7272914353cdf691081f03d2d2ea23bf4db2|1
1644323069|116555050950000000000|5550240521428571429|323|0xffb1196803f9cc91c96ba3f6974b8b54897e8e0cbe47e43f4d3b33761429af85|0
1644318853|6885000000000000000000|105271366188396757|7|0x24e3f6923167efdf0ae9b411d93f9e29a72393d98063782bebcf7a56b9d5ab41|1
1644314237|247554369210000000000|11788303295714285715|323|0x6d22fb3b506a11bb5582370a459a9071188d76746ce8f16173e00848c2975ed9|0
1644302740|174816134930000000000|8324577853809523810|323|0x780403fa30e74dde6c9ee730ae87c5dcd473eda20a1c3fa6f71c47b935a944a8|0
1644294766|600489504084931529943|28594738289758644283|323|0x3fc1eee171c29c757bb8a6d8a844c6de2d5142f07e00024e96ab973f58da802b|0
1644291731|500000000000000000|23809523809523810|173|0x19db32d55f4dcb17c7fbf5541c49f96993010ccad53219997438fcd95e4a6e15|0
1644259866|1680000000000000000000|25315011899200686|246|0x62f406de34656c2d8f9fa2ef1092dcc9edd0168cc0b08d4426a246f3886edcc8|1
1644254865|773304267655813837802|36824012745514944658|323|0x3f6a00778c6b59c08bb87b5410977c6b19d7b778760abf5344077f3b28979eee|0
1644246471|254028161120000000000|12096579100952380953|323|0xa2306cd3bd7d233729513fdc21558f109c6357ed7a7492919f5bc6422cf1fda8|0
1644244436|243464765900000000000|11593560280952380953|323|0x226e4234d7631b644366f018d3710fc8c8795e7c535688cb0af604cf2e32fc7c|0
1644237582|92059325240000000000|4383777392380952381|323|0x5f953f197b5c10bbfbe1c31771f64e8f576a13d96d72f93bd83e55149e9baf77|0
1644225158|53089617370000000000|2528077017619047620|323|0x38247e7702e5aff5f364bc92cc620855780895d60f576301aadb82923c2296aa|0
1644217025|1140000000000000000|54285714285714286|323|0xca1a75a22d9bd027b12d1e2d9cd71f52902e907f1dcb30db121e28e065665645|0
1644216962|330963855270081320000|15760183584289586667|323|0x3489dcf41f6a836356ff523b72f26dc532ea533ec5d40125826ae4d5902a972f|0
1644188489|400000000000000000|19047619047619048|323|0x398bc9a413a94fcb0308b755e8887524e3c1b55375ef18e47d368246fe910a2b|0
1644187108|177837000110000000000|8468428576666666667|323|0x16b775e72413d69bc76d016924ef8b867a2c83a0c42e2dbfacdd3b2fa8d67668|0
1644186295|1391722138220000000000|66272482772380952381|323|0x70bf4031a1213011651eded278c7e8778bd5390cf2f68c451ca977968952f074|0
1644182998|1449621514060000000000|69029595907619047620|323|0xeed9f03b77c678f917ad692b70c08e648f4b8c980fd837008bb3a3822b4004cb|0
1644171940|228592053320000000000|10885335872380952381|323|0x0de6c7607e7c58ac5ab2cc914ce0de4a9f9ed4366969f646e8316b94426095c3|0
1644171177|1232639950320000000000|58697140491428571429|323|0xe96714d83352ee43c9db5ab361257cf833205f54f3af595059d7e5dc6f00cce9|0
1644170474|7242230670000000000|344868127142857143|275|0xc67ae63b838aedc19c45f20f94c388fe7521d22aafee141edcaadbff2e2f0613|0
1644168172|580269885170000000000|27631899293809523810|323|0x73480facf1110e3948f830b098c83350af1b6f3dcd4237d947935ce8b86d0d12|0
1644164992|472978140280000000000|22522768584761904762|323|0xd4ed1a9b11c1070cd068459d075e215aa17353874ac1d08d24247a469424071b|0
1644163724|898000000000000000000|14280708203602352|293|0xe94863ec4c0aa0452d130ca5c5cfafed9a3f84fbe0f0f6f077fb842ebf38773c|1
1644160709|202688799999999999990|9651847619047619048|323|0xb85dc7175e2d3069ee4c0bc5cfac74adb7390d91223da81dca5950e92cc5a9ba|0
1644159444|708076050660000000000|33717907174285714286|323|0x8754fe04eac91450b886f7804943c42610d1419954fdef2bf31117b754b1b37d|0
1644148387|401286933050000000000|19108901573809523810|323|0x0af99e1590343eb99d3eada42853de20cff992da3aaea7002596aa1c2e7d7662|0
1644141602|376386934390000000000|17923187351904761905|323|0xa75e65722e4d1c2bb42468ad5860bf26de3e25b99da632dee8da87af6a6ad5e3|0
1644133388|58807000000000000000|2800333333333333334|323|0x5ba9cf35ee98feb59e4382610ddbd8401393a42a31cfe3fd74ea5478bed88ecb|0
1644130767|167125402510000000000|7958352500476190477|323|0x39d1bf47ccd24f649fe92cb469acfbcbc578170a5316a1e406004850f9a54f6e|0
1644127182|145899000000000000000|6947571428571428572|323|0x04b7d3a82a59b24e084b9d19ea5daa65f29fc86547e36728fe58adf610cf9735|0
1644125926|250616832960000000000|11934134902857142858|323|0xca295f50848778e7500e243fdcfd4273595c6fe727288b6f13edb29e00fe86dd|0
1644118819|304880623408888000000|14518124924232761905|323|0xeef347bfba4570291c243b92c46f7351ed8d1a59e586ac3c1d848cd0371659d0|0
1644109080|218491630990000000000|10404363380476190477|323|0x114449bbdeb5b863a894bd1b47362c4b71826b3d688309139c3d69ae9aa6c825|0
1644076578|16263170000000000000|774436666666666667|173|0xb4349a948d1fae12ffc15b297be8614137d098cb612054142f0f0eaaa9134e5d|0
1644070165|60000000000000000000|2857142857142857143|323|0x62cabdc6863106f60d8e8800d22a27d5c5f89346a1f429e78c250f90a1962319|0
1644067000|30000000000000000000|474312434397374|252|0xddddb3a290b989e44efa4353291920ccdac27bc81bd602d644f05b0ccb1ba96f|1
1644065509|133975245340000000000|6379773587619047620|323|0x1fb9a1fc558baec211d998c59fb0eea17545daa199218701e1b3ff6f6c476708|0
1644055914|92181501420000000000|4389595305714285715|323|0x4d75534bfec2e9a25d2d5c37063c59d03e9bbea3356861f2cd129bac3efabed1|0
1644052298|139042829260000000000|6621087107619047620|323|0x5a1074b95cec7506b1e21881bd01ffe6a64b5fb0f2bfeeecac4ef6fbf055b9d3|0
1644044159|110221425320000000000|5248639300952380953|323|0x32217e606360cb625ea9152eff681d17135abaca610aaf17d91537494ebe421d|0
1644037206|124367180122329930000|5922246672491901429|323|0x037b965f3e14bbce26e479cdfa11c94de425867446974f170bb626706507ec9d|0
1644032739|100000000000000000|4761904761904762|323|0x9714ddc78200643577c1a3ff9093fa4c20d9732a9edbea3d2c697087baddb04a|0
1644031850|609015506780000000000|29000738418095238096|323|0x9c0c18b0560136c51c14aca77bf30727a1c995e432d28af4008fe6149349874c|0
1644006700|1733000000000000000|82523809523809524|2|0x87ce72f154deb2ce326fc48703cfeaf38bfc210afec7502bb5aa9d490cb27be6|0
1644002385|555753091690000000000|26464432937619047620|323|0x05cc4d839bb08ac196d61a160176a3301e1f6f9ee85e96bac5b9b43b31903d87|0
1643988214|35926481750000000000|1710784845238095239|323|0x3e9d71da1eb33172d2adc30b65d706104b1d7c0202074ece9a4e7f3ab642da4f|0
1643987240|386581198170000000000|18408628484285714286|323|0xf7d791e9fb162e91e2eb70548ee65016e74987a4c8246f2e8966865cdf2b928d|0
1643982816|136304887660000000000|6490708936190476191|323|0xb80d18d126a447f4f5441df75dd0b48edd08e54d6edd391a2c620e0c17fbb611|0
1643980935|104010097370000000000|4952861779523809524|323|0x946b091441ceeb19ef4b4dc9e1fda3d5f027a016ddf771df7dbdc71b8ad67f53|0
1643979942|228821711650000000000|10896271983333333334|323|0xd6f4487e27edb3354465980a77794718c84f920c115dfbadb086a2e9c92a4598|0
1643978232|970434768310000000000|46211179443333333334|323|0x19b722818658e9bf63bc454e9d88e5e93576e3b14b3d541f6adf798c84651e9b|0
1643963939|19060860000000000000|907660000000000000|323|0x588193ee3badd3709e5b22f669c4acd1cb86e14d37bbb34b22eeee0a739a0f91|0
1643963099|223721427810000000000|10653401324285714286|323|0xe415b62cbf75ee3fc4a58e563c3e6fefbea9f2d3aa6f437bf8d3c55e7c0d6a55|0
1643933433|200500000000000000000|9547619047619047620|303|0x256cd49acbbbf2d2c99991cacc9807a36c9efa25a34caf5c481aee71a6955361|0
1643899967|8000000000000000000|380952380952380953|173|0x3a40020df67fb7e43d22002736e90b0b14447001acde0dfb3e36a6203d98f23a|0
1643899692|5000000000000000000|238095238095238096|303|0x000b0ca6461361a2de4386abe2477875c7010bcdd0573660fdef0c1ee6addfb3|0
1643898859|100890000000000000000|4804285714285714286|303|0x64ec5890112cb564f3e809185c2d1b6b346657e4499ff77b1f61227933e0b9fa|0
1643891493|5250000000000000000|250000000000000000|310|0xe75e9d9c33ebe2084de1a94f43ccc34c3718cc63a12f7d4fe09a740e938f50f5|0
1643818855|11700000000000000000|557142857142857143|173|0x19e6e16e9c6c8349c0f86641472281c573081735bd364e80191f8329be1f6479|0
1643753083|550000000000000000|26190476190476191|308|0x020c4368dbf4eabc0d59e79dd640b735f0ff3e29ee459ce2686c6989d4d8be0f|0
1643719389|6900000000000000000000|118093033691942513|5|0x7289e86a360ea3e18e5b96b5ef4e246a6d04fa5a9c271e470d4fe4b2bb33123c|1
1643535180|213727968421053000000000|3898661718879068288|1|0x6d233f13cdd192dfef7355c8290474bdcb64292f3201e9ab20df4c9bafb19e0f|1
1643519090|1733000000000000000|82523809523809524|2|0x4ecb9223e4cec46824ecf564463ebd26bcea0f2775708d494fa7445cafd15bf2|0
1643508141|5250000000000000000|250000000000000000|310|0xd19e9db89f7a0b796aac5978f1f7ac2aa6780b5155b265ea6fd855c6315c69a7|0
1643501489|1330000000000000000|63333333333333334|254|0x8a2eb38d33eaa6e4fc45626631ebc34d0e0b378c4c03c635ced290067fe8d560|0
1643441086|50000000000000000000|936516365155223|307|0x55e8de23281926fe484db80e80d3cd1af06165159323091296ce71140cae1a5b|1
1643418585|5000000000000000000|238095238095238096|197|0xbd7153d32935950993e676bb7e261db3447c001d2aff7c483ac1db595a8bcd5f|0
1643332602|621715520000000000000|29605500952380952381|303|0x5e59d3796ad75a4dd6c4497ebb7b48837074b9f08d96bdcfa8214b14c497b489|0
1643330071|3000000000000000000000|58654982594133916|246|0x7b82bdd1c8dfc794ecc5dde19955684f34238ef8ebb97996b05c87fae7b10dee|1
1643314567|500000000000000000|23809523809523810|173|0x850cd0e50a3f96d7783f7692ebd7f792619c6f52a5d5e94a237408b6986a4c1c|0
1643245698|384519830000000000|18310468095238096|255|0xe8660829c7d3c3055bf9615ae2002480b6849af4f8b4080957c16ee6a4d2b078|0
1643230736|8800000000000000000000|166832625315197169|168|0x62149b212f3b2c1b2bc8876d2065daa1476337e5ee8c2c38c002c2b4cb2348ed|1
1643227617|265000000000000000|12619047619047620|139|0xc18b5548654df573d008bbe6560c9352e70a762fd833e877a8e850c4c595c91b|0
1643142721|47039000000000000000000|913261584940119833|233|0x7ffdcd9b4bceb717858d57bdce212da450079b722b8ec236b5f090ecedff84a0|1
1642986196|1621000000000000000000|30941280637849861|7|0xb3343787012894fd30b88d4b6b49a10a5638da99b77389f2135fe811d769aa84|1
1642911700|6200000000000000000|295238095238095239|173|0x34b140383bed19b2c44b9d3aac9feab7781b5f6460837f500e1ad6baff3523e9|0
1642879483|2350000000000000000|111904761904761905|278|0x7f2dc5415b918c1919792d7cee8f02f10ff5141773822fc5bff9412dc3a7e19c|0
1642840863|1733000000000000000|82523809523809524|2|0xc929e5d7b3c4e5e37170c9ee5e3659fcec1dc7d38085be2690f3fcd759191860|0
1642830207|2034112500000000000|96862500000000000|8|0x2a4b6b582798a2a0979f46b7e722d874ce9b6382c243dbd50b7fedc82c843d98|0
1642824805|1515000000000000000|72142857142857143|199|0x03d33f68d618a4f340cbdbdf0a07dfaf8b8e757aeb18bcecf8026d0396edd01c|0
1642807738|2000000000000000000000|36812606450230712|246|0x914456ee4c19dbe4df6dace9658a861c685f6794864573b5bfd27ff5ebbf03cf|1
1642776016|1588000000000000000|75619047619047620|276|0x137b76e2332faf88006ade5c5fbb38d06b5c87c279fb176ced67e76bddb2aac6|0
1642717804|4000000000000000000|190476190476190477|244|0xb3e323c083a2c127d7a0b14fd704addc8df7dcbff5b463ef5a9924739287b8b7|0
1642669639|156000000000000000000|2374316470815998|149|0x95f9c92a26f36216e57e83b70bc28a03c40e6d448f56151422c11af254a2c3dd|1
1642644643|160217934632580700092|7629425458694319052|199|0x0635d8437950050385ddeb1b5315c68fa70300a2eb7413263451e3959ab3c3c9|0
1642638368|30000000000000000|1428571428571429|282|0x6e77b9eab9922ef7150ba2ad51b022197a351ffbc154f2a56dc28d8fe532018d|0
1642637390|297000000000000000000|4577006046271220|7|0x48bfa09b34c3b3f23f8dbd178ab1da2a1036ba5a4dc93852e6abb8bc4e8bf4d9|1
1642608726|115000000000000000|5476190476190477|150|0x4d1bed349a38892151d874a72982883b48828455868d6425bb29c1956101f059|0
1642550184|6900000000000000000000|103651894230756675|5|0xffeee62c17c13e1bc0aa4dffa7e36ee8179b099cf061a999dc5fda7282c971e6|1
1642464841|13500000000000000000000|200189387548021929|253|0x4b0fae90cbb2069840dca60877baa2f3323441fe49f717ff6f1fabdbdaa6d34b|1
1642463964|1200000000000000000000|17794612226490839|246|0x2dfc12fffba0a943e8473aa63721604ac47dc1346aecbdb7d7a795081d93c43f|1
1642428609|5000000000000000000|238095238095238096|260|0xa22f529fa868ad0f75cbbc04c0a7587f445ae7e7aec87ee36c6623434aeecc9a|0
1642382423|700000000000000000000|9989826171889170|7|0xcbf8b662d6b0b46aa1becb929643c29d83ba9cf72037ae1311de261e813157a5|1
1642356875|1055847507712069000000|50278452748193761905|199|0x6434b5bdf3ad52d63337a3391e9ffa0ce9796216ea791c81241e5ebcf5de15e8|0
1642285394|69288135000000000000000|989354706230632217|1|0xcc308195b827d951a27bf3e379c8317ca63d680222623a8b9ba43c122bbb5ca5|1
1642234877|1098017830000000000|52286563333333334|199|0x77d9078337f0db772217f1a8180fc3a2a63d948cf5b634172d61ad632812feb1|0
1642234006|7650000000000000000|364285714285714286|199|0xcb4456c8217321c98019d73039d99f6bfed4d588033ad64634628ffd0d7b5b66|0
1642230605|624048614960000000000|29716600712380952381|199|0xb15cc41cf565bda7360fc8819e6a541789bb8a7626f7e7d0c8bf32a2032d93da|0
1642190419|7493809523809523809|356848072562358277|197|0xa2d9fe1b8b7e39c78114ca38b98ee4dd8562b081c27aef6cd13f6be6ba17e977|0
1642184636|2862000000000000000000|41493216468022605|7|0x4c661b04663394311398b7f3307d412b58d3f399122c02c2fb142f456bab8c20|1
1642184456|1733000000000000000|82523809523809524|2|0x98edf6fe1061fbf344e1e9239524f401cd4c169113339842ca42568d861fe07a|0
1642171986|1830000000000000000|87142857142857143|8|0x76954a6308a88758ea3a21b42f8408ded898cfb5a66b9760dbd1200739a0f99b|0
1642086940|2793690000000000000|133032857142857143|255|0xf3e5f4a79c0767d755c3ae57e145dca20aed865e7a412327eee5f6aeb676a7c1|0
1642086909|2306190476190476191|109818594104308391|197|0x52b4f1dd078b50298fd1c15a5848bd88d8c7ef1f7f22fb305a9142b0ea6cbeb1|0
1642070723|279071422980000000000|13289115380000000000|199|0xbe571e16ebcd19d495b43f0bc50fc59b558a3c0bf9b0ca42a6539dff610a6b5f|0
1642060085|10000000000000000000|476190476190476191|199|0x8e539e49f5434f44a0e3e77dbf71c5478c389a2327843b0a3f47210b05857b60|0
1642050117|13637000000000000000|649380952380952381|199|0xaddab03088a925e6630194a37b4ab6a17af80eb7533032cbaff376cdd92160e8|0
1642049517|387678296700000000000|18460871271428571429|199|0xfbe95f2d5c842ae2eb76a930ddd2ea4cfe8918bcbe9adcbe283f17a1a9dabc7e|0
1642036553|8060000000000000000000|114327562326538331|168|0xd6a3a76193305dc7f916c76154f8fff028d3d06f325b6e28a8532c84433a1480|1
1641956598|7190000000000000000|342380952380952381|173|0x9c1a0f04cd5bf3e89c1dedeb3a7f67eb777fdab6d04117679ae21c177a4d885a|0
1641937364|18729600000000000000|891885714285714286|244|0x000507855e4832f6b112931ad52e4569d3d0f337148a169186d0e5c35d305bad|0
1641858769|5720000000000000000|272380952380952381|255|0x8d9604ff09aec274513be13027a9220af5d6e5131c826f68c77a0f9126e87d6b|0
1641831907|1963084000000000000|93480190476190477|177|0xeec4a6d4fe70fffac7c658457c03a3e4236ddcfe6db124e96ca600261b895843|0
1641664761|140666000000000000000000|2177322373416643480|149|0xaa080e58d151eb4fc4ccaf8e179003a449d6d024d3969e0a03dd4db318e74795|1
1641636717|411879150000000000|19613292857142858|202|0xd10e4781ede7c4ead331da67a85d06a3bf1eb4f5a43a85698265ebe67c1e9a46|0
1641580838|1733000000000000000|82523809523809524|2|0xc7e745b54bbeb29f0a7a41a74d9af209561af2c98124391b6f0f899aa71cce38|0
1641512281|100000000000000000|4761904761904762|244|0x29a5c89e6757ccb9e61acc15311782860ffd5e7acda59b82858333b0a1c529b3|0
1641427080|4170000000000000000|198571428571428572|197|0x1fb45bd9a5b5f813614164cce73348769f9750d05e23ff70cb42dbb68dc5a766|0
1641384275|1868000000000000000|88952380952380953|139|0xc89d4bfd73aceae763792f8378f830e01d8752f0f670edb56c09b02a945bcddb|0
1641354845|1000000000000000000|47619047619047620|197|0x44687f01f0cbcb9f65eabfd704cbbb3a741a62a8721eebb2f8687643e6394c36|0
1641296728|6822000000000000000000|84904065826938447|137|0x92e49a804b570013298b7aa98fd8918fcdf53eef81affe2c49313da4a9052c1e|1
1641275232|160000000000000000|7619047619047620|149|0xef891c915ed0541103c08ea453e1d8783f4abcca6507a4c67dd9de5703483ab5|0
1641185772|2000000000000000000|95238095238095239|173|0xc4e48246a5b0a6964ab534f7031f0fd0606cf85e16584a0befe2b29b4d2e4c82|0
1641104676|536000000000000000000|6823544538586445|7|0x97ce4c37d99f1cb02d89b36d9b248baeeaa0c6eb46842a22d7c33f878c3b3422|1
1641096859|3000000000000000000|142857142857142858|197|0x62c548b78c54005f897fd1f68c2f91ff2e31ac4a999619ce480b5e247d1f1f3a|0
1641068190|81771812589883494290|3893895837613499729|199|0xd1aa79f2d937da123d7ed82a4a15ed547a5d5ad32e64b7c42a838e958b672b52|0
1641068130|98490000000000000000000|1253369456831954096|1|0x896b63989b0a7f1606300c3386017f2e8989070a3c3f34377c6e8cbee3021148|1
1641044809|3093000000000000000000|39652092311301616|7|0x4fd1eb059c9c0814d1b292a12389705cc88be7c05fb9499204af925ec7a565d2|1
1641042301|100000000000000000|4761904761904762|91|0x534fe987364488dc15e6875b8b1b539885573c7951cf70aa1b15e14c69a9ab08|0
1640953571|6900000000000000000000|86887358747793198|5|0x7192db8c70fe8820bf7d56c84858b04d7a4e9fb81c0d1d64a464776ef0eeffd4|1
1640948849|5000000000000000000000|62701672019583150|168|0x3a34d0b809e7bf039377408b5c45f3864f1703afd635da547e7e2460ed57927f|1
1640935103|8128000000000000000000|103393542399552767|224|0xde5b45643919cc06b5ae47a446c744e1001bc9c1272eadc7ea2a071ba2aa06b0|1
1640928463|1733000000000000000|82523809523809524|2|0x3398866323894de68cc3677acf395a6fd1fcecb786533cbed6e1ef960240e0fa|0
1640785577|345000000000000000|0|80|0x16d583be2624ef38ebafd35124e4d7f18c6c1d26cd4e147ffa0975dc303ef2f2|0
1640759129|388000000000000000000|4856903842147681|7|0x52b662e40a89a496765f270914acd9b07c2c65d3bcfd82abe3eb84a054e5db4b|1
1640752035|1792690000000000000|85366190476190477|223|0x9a5bc32bcbbcc5c643081315e7b1fdb057e005a63631345e5cfecf9d80d18e96|0
1640699086|5627000000000000000000|68370005486921072|7|0x089b87ae5219c1be0013304eee0ae5ef2a3046a77f31ebee88405071bf51ce8f|1
1640680943|9775500000000000000|465500000000000000|149|0xe42d6dba538e35bb4c9c3e9799453991545b1400e6170f6e364dcaa7d4bcc402|0
1640655037|2500000000000000000|119047619047619048|173|0x6ddca3c595cf3ac05f4684d15f41563fe8ba8d403bc012c6b3aaea38f599f614|0
1640635081|10000000000000000000000|116472387376611059|109|0x31056910b46308a10942ac86f2c9001531a509dd6dad652e8e59b6925976094d|1
1640634002|10000000000000000000000|116109803853245106|109|0x4754b862867debfb1f46dd59586a2333c81072eaf493f7fbb084fa859cd2394c|1
1640633427|15000000000000000000000|174164705779867659|109|0xa8f686ddd0c21c61f8436bd47de4c72c3c28be0aae3949f90ff9c104919a8fee|1
1640630804|1830000000000000000|87142857142857143|8|0xf67422fc4ef29387a84f6555a9786dc5f3d80330da77e414f5e4bd4ce26861c0|0
1640618967|10627777980000000000|506084665714285715|177|0x8df1023878b07292ec5323f583669b59409171641f14f82645c39fc42ad8b69c|0
1640596428|4000000000000000000|47056479688521|224|0x4940f7c48b96dfb5a737a304d06e7e49a51fbda25ac7fe10420b0c371bc62208|1
1640585383|5572000000000000000000|65239099626703888|7|0x0044b5e20802bee74adb87f125757bc366672b8f1a80ad24207b7bfb3fed49d8|1
1640479398|6000000000000000000|285714285714285715|173|0xb81d222f6aed4e4e43561a8a37121ead27207bc61669818a5d8e542a43457c87|0
1640438794|5000000000000000000000|58194786096334485|168|0x5c49f786008e8d508ed434de647aa17eee0d3e5c245a9a22fc216d1e421920bd|1
1640362566|1733000000000000000|82523809523809524|2|0xeba3de7f2c48ea2aed37875e30a073d13b954a3f7f8e909a27713a69bc686d53|0
1640198286|60000000000000000|2857142857142858|214|0xaf100858826ee20b2c3f1646b78a58f284aa907f1a390bc2ebc740b50352781d|0
1640074545|1000000000000000000|0|115|0x3aa8978792ce8451fd01b0690cf40dcce754eea13006f16725fc88d8f0f7186f|0
1640054419|2633000000000000000|0|34|0x9f2d86205f560ff375ea55b48eb3f39fb8bedfd7c5dbf19152265739c6a3cbdc|0
1640050978|1671709511861025094|79605214850525005|33|0x238273e590f66d48825324d2b89770887aa3a0e24baa91279c9cca6f722bd29c|0
1640040102|4734569000000000000|225455666666666667|173|0x02d6b1392e13dc393e90a5234591ba40aa7fe5df72b0a14ea39f5f732ac79bf2|0
1640039030|2200100000000000000|104766666666666667|159|0x7fa8849520bdc6487ef53939ae215ed43415ba7683ea51fd60be9b278efadbb2|0
1639879682|235887820000000000|11232753333333334|149|0xc6e91a51f8c47d8d73742bbc0e32175b1849b24e025c2fa7f609cd9188cc3334|0
1639857855|66150000000000000000000|797571331994763881|1|0x32714d4dcf1326a8bad2ccf5795f762f20132e50fc0ac8a18b09c2eb75c7f21d|1
1639857338|3608643000000000000|171840142857142858|173|0x394d08167145c10315013494b8335825effec8e2938e1c2259cdb671f27a634a|0
1639849916|3500000000000000000|166666666666666667|173|0x23a13f7cea2d99400577fc63896787404aecc43c39c73723a319447fe65a98de|0
1639848736|10265000000000000000|488809523809523810|31|0x5beef6eabc9eb92104dfa2215227fecb03e6744f8416c1f6942161d64ccd9f3a|0
1639792305|18660000000000000000|888571428571428572|173|0xc0e39feb9dc9a93e267033e4aeb372f73a440d73ccc91bc466c71658541ea210|0
1639792304|1733000000000000000|82523809523809524|2|0x93401eb774c3caeb875957e3c375448566aebd3aa05c47c9396511ee6f121926|0
1639777848|2050171890000000000|97627232857142858|149|0xe7e6a0b9e993c3d2e316db197ddb759ee0caef6d17fbaa495348ba485ea9c86f|0
1639607750|140118850000000000|6672326190476191|120|0x3b7aba3b4a997095f000b73856bf12f3a57dcfb07d500b9f46cb1a20e22f4836|0
1639586697|2800000000000000000|133333333333333334|168|0x5485d308c46be62330680ebe95c18679a936d3c7718f7be9f2606ce6d98367ae|0
1639577791|3800000000000000000000|0|5|0x65be43789145ec4cdc3a6839aae77c578e9a16cf6dd45c8aee4ae746202c83fe|1
1639577098|14263282220000000000|679203915238095239|149|0x500a088fa33a661b3364179a5101222a90f8d349c681101e60140aeceb4fade4|0
1639562769|40000000000000000|1904761904761905|188|0x2b28c4f83ac15ed0760c1a18c3e4f647e78bae24eb52a0e53851151030e48515|0
1639546301|501000000000000000000|6181946461952391|138|0xbf2dcf1f7826747e490d4049ef6f36eecc21222b9d6ee5f46e7d2b82b1e06600|1
1639477319|550000000000000000|0|66|0xb57d53819eb9c2abbd8a1efc0d791efc55b48afad7cd96b50a2af067c769a5d5|0
1639397848|20000000000000000|0|92|0x980b877705110dfbcec4361549cd67abe7e26b21821f86102eb431a7f2f20957|0
1639389121|36000000000000000000|427760176592774|174|0xa443934461c5896275e4be94127ce5bbd96d3862799d86b525431f106e52190f|1
1639329829|1000000000000000000|47619047619047620|149|0x0470adb5292280c7648a3c186e656878969de31fcad6905a7171cf05f3fcaf94|0
1639321276|404000000000000000000|0|101|0x590f5967d5acfbd88ee11fa707dc28a14d5dc825a412bbe3bc89255403ea9073|1
1639314984|510000000000000000|24285714285714286|140|0x04cf713adf06e0cae91b3d7b40d7da21b0e531a572d26ba2c14152e2487572c5|0
1639312315|34311022222000000000|1633858201047619048|140|0x3a44fda277306d309c14a4c7f4448ac5629855a39b84e9972b5f4424463dc2dc|0
1639310397|403000000000000000000|0|110|0xdc6b555b1571575f4d24f663aa6a1d8bea6b11f9ee5df99086e7561ec909b551|1
1639287654|216670000000000000|0|91|0x67896041d1ab58a8d982a389341993babc22dd22c2ec6d4b0bd99932ff2c2a24|0
1639286258|310000000000000000|0|88|0xce3c0aba1e9a3aa50bab810f0453e62eb60378e98211365c10cf9e004bfe45f6|0
1639267458|5744704420000000000|273557353333333334|120|0x561c0d1b49f58010bcf6f239b361b78eb6bbc0f51366a779d5b822bf6d76fb7f|0
1639150371|38860554336900000000|1850502587471428572|149|0x9a6478b0f8130bd6b38bdb4e53c22fe2774cc6931357e75e37905b3962fc054e|0
1639095621|8700000000000000000|414285714285714286|2|0x633a4545e0ce0e8ac0ce2ea24b9f321c9069b9e7a1e3438fd4d0ef0efb51844c|0
1639036987|8000000000000000000|86872182546015|151|0xec707fc5c8383d24ce246cdb0b072302a062754f0111d632b4b33f43d0a902ba|1
1638916888|1830000000000000000|87142857142857143|8|0xc8bfefb763963998953a2e7b99efcc469a76ddca0acef3dd1fb2010a3f09e469|0
1638891534|1000000000000000000|47619047619047620|144|0x46a6db4da98f00615e16d82a5e4b5986d70a453b64c2dc813754264eefb112f0|0
1638867488|43742000000000000000000|0|118|0x545ec80e5dd577e95c6e8aa865f48016c72a3da9c353937e10550a20ed0b25ab|1
1638807120|200000000000000000|9523809523809524|28|0x2e5700b07b48a3fcf0f5122c3c963845bda193bfb4558f7cf9e92570391a9ec9|0
1638797426|850000000000000000|40476190476190477|123|0xd969d7dea7254b934142e4a1bcd9c3a3f84d81d25d7e9e8328de89246227cd55|0
1638733050|2352928854832966278|112044231182522204|33|0x813d6b508813300265e860b116a072d90837853e56c440ec3642a73592d6c2df|0
1638690288|940000000000000000|44761904761904762|124|0x5525496c4eae444e89ece6a1be982d877814e90569cf7d56db4de10f06d7813b|0
1638660033|3588673140000000000|170889197142857143|120|0x335b802f8164b99dc33fc30d64c5a55dc7db20b6076e4c093e41f8ab8a2a788a|0
1638659014|7350895970000000000|350042665238095239|120|0x1b230617f88e158edbc261cb5792b299499dd06552e0f494896c5f559c14d6eb|0
1638658858|2790000000000000000|132857142857142858|120|0x1f72ca49b7d8d86cda1296729ce6a7a49d23d3ed24483905340310e7b510508c|0
1638658333|7040841100000000000|335278147619047620|120|0x424f0bb0a50267db9924599ef6fe575cf2cc417279216cf4d9f695fb3c5404c3|0
1638650383|55335000000000000000000|638472376878103879|1|0x8ebcb991dc270325d8c9bf5a1ba80a91a078c169f9e8daf899966cbec2bdd72d|1
1638641853|1000000000000000|47619047619048|109|0x8cd3f11014127430d17bc09e5c447032748051082944c6e5f4f871b051785e56|0
1638637188|500000000000000000|23809523809523810|120|0xcd3877c10ba6a13df34a84a16416846f3b32845d42c7dae03998570e16fd9b02|0
1638635315|2472000000000000000|117714285714285715|120|0x297d96c68d351d0c2997fdf023bb96f83d2c0f3783508986271a0758a102fdc5|0
1638573077|2438123000000000000|116101095238095239|120|0x1e1903f27e74aea7c34fa5bca25e1576bab3fa2a7e715580aeb8c85d061b25ad|0
1638547804|4434323000000000000|211158238095238096|120|0x1517aa0799d3db80d7ab542fadde3e3bae05840cfafd31957ff74bf30a7df9d0|0
1638508906|10958800000000000000|521847619047619048|120|0x8729ed630a7073af72022fee7dbe53f551422a81b1f4012def93e09ad98766b7|0
1638507780|11448000000000000000000|0|112|0x1ebd2e1e62b6838f78e62c9099c390a5921bb3fa3c2b00d4578ce454d8845d09|1
1638499990|10326302780000000000|491728703809523810|120|0x08378c3d0b01272f1574ed153dc9fc45d7c46ef65c829c8bb776a4a622691661|0
1638490701|4558478000000000000|217070380952380953|120|0x86204aa750631d0dc0200f1b24dec7107d9fc85acd561ebd1b61dfbf15c1ea44|0
1638489720|1313000000000000000|62523809523809524|2|0x8015a305376b5fba1cb95e0081f960b3be66efcf36c8d0c02e28633bd7e0b0bb|0
1638486389|2613153290000000000|124435870952380953|120|0x0df3cb8ecacec76f895e854f8a6a27b2143aeae3a36ca5df5991849d1afcedb6|0
1638484843|131941874601000000000|6282946409571428572|120|0xb11b7be46836a4afc07c77048f0931758ecad6b01b3f07edc0d391291259189e|0
1638471014|400000000000000000|19047619047619048|28|0x6be9980af86c77078d700815830cfebd2efe04579e8e0f052f13cb16700bd30a|0
1638335677|121638435400000000000|0|89|0x136e454e746b747e434addd77994b78d3c5b6670240ad6481bcffed3139239fa|0
1638311579|10000000000000000|476190476190477|120|0xfef748d0438222bc4d03f9917f751b05d9607bae20a5f0794af0c1146a396c7d|0
1638290337|11511594000000000000000000|0|52|0x7eed5c120a138147eb7d2241bb9a5a72feeb834346cd21288532b26238c27717|1
1638286344|50000000000000000000|0|52|0x186c5c6aa3e547f94ccc111343e0a371a8df72e74f25aea0d346c90234d7318a|0
1638275103|3800000000000000000000|0|5|0x6ba2c2a887f5eed3eaa7553951fca19523c9266b50665fb57521ad809b082810|1
1638257683|6371152000000000000000000|0|52|0xa596ab3173bffb08d6388b85a872405eefe57fd483617c6553ee46e2b24ce516|1
1638251075|4419000000000000000000|0|112|0xed0140a90e16a2e38c44c6c960bdf36169f327b05ef02ab28c0c005c000d5c81|1
1638175753|1456000000000000000|0|80|0xd5300462e782e01f76334edc6f8b3832ed087a5f89caae7416cd6d363ab9a751|0
1638168669|2100000000000000000|0|77|0x72f1e6b29c1aed6132b8e8ae6a2d2a7cc161cf729f3bf172e93d68c5a82eb27b|0
1638166871|1000000000000000000|0|94|0x67364760ce7d77f1bc8dd80e679ec79a8d472aa1888edd64c4ec6a81d52887ea|0
1638166871|18809498940000000000|0|67|0x03336331577ef8dc3a8ed5851e7e7251df982cf25a7f06c4bf158ccb400fc265|0
1638166783|2656000000000000000|0|92|0x198503c2b4abe396984841ca8987949ea7880e771894b6f31b80734130e2fc13|0
1638038869|1313000000000000000|62523809523809524|2|0x470f53d02b0602b80f4bf081d81bb6607b15e0cee494c595bce6dbb18c778058|0
1638005084|253998940000000000|0|68|0xf047abd19265f6f90969a2fb202e46f5d9d093a6833865d67ff7436033c0b2f2|0
1638003098|2500000000000000000|0|70|0x93ca1049d4c5dc5065c5647a1c23575e819538cf8369123c5df26d92acf4ac10|0
1637837392|871000000000000000000|0|49|0x448b938c23015857cec68a64471c4e1066e3e5a48b3c403807e788dfc242e9b5|1
1637734040|1605529000000000000000000|0|52|0xe0e62f9f5da4470dfcd2f38633e49e11dd6d6de463e9c0eb11125ad8670aa116|1
1637693358|1600000000000000000|76190476190476191|8|0x5c6ff61e9d542b36d6c658b60480ec8f790c1676a7565b947e0294ff4308b046|0
1637550494|2010082375179488002|95718208341880382|33|0x6996923d9c2623fd5aa3818ca13a8e96365b0a7384616cd9a5e2bdb832420bd6|0
1637487568|104716570000000000|0|36|0x5c207576e38ae776fff3576ff2a04fd669ac382467a32c54a4426cedd224259a|0
1637477050|70580590000000000|0|36|0x7272a9df43e6ff2e708f485464ad91d01ff0700e3a850b9c8fcb7c4db6f2d49f|0
1637470541|60009090000000000|0|36|0x420aafa7f47bb8ba740d055c3385adb96f18314a5344cc96d9f75127b904c1cf|0
1637462623|5000000000000000|0|36|0x5872e25fcad4fa9336c003ff324c179397692f026e790eb785b4fcc52538788f|0
1637437555|1313000000000000000|62523809523809524|2|0xd6b195f5a4f20e0722b93d5065c05545777f51990b8a17a0ede45867f85cf4dd|0
1637436474|45100000000000000000000|0|1|0x13bdc425d247bf5efe97b7eea87e9ca8fd9fef56ebe1a29cd083c9333fd354c1|1
1637430544|123408160000000000|0|36|0x7f1a3ca3f028deea8d234bc0a0e94a40ed866a470934faf2d7162c13b40ba446|0
1637424691|100000000000000000|0|36|0xdea988bd43447c13b3d0a4756d7e49e20f6edd3075440b8accb0712bd29aac10|0
1637412351|10519690000000000|0|36|0x13f7ed1f077ab54aa9d2c94d53ffc49ec9c0bd8b6c723f7ae9edf07118c2c11c|0
1637396102|16258180000000000|0|36|0xdc50a47da477ea3fe8f184eefe2700fdcb7fe3513a52e704c4d8a684e13d2936|0
1637370472|70000000000000000|0|36|0x59fb186e3fd0963bfe62b7d4b28833214472f4dff43375eba30d96e34e0e455e|0
1637345117|1000000000000000|0|36|0xf63b56adfe19cd656e8198cd71467e821a60df0a7b8a07404761213db99cc830|0
1637322951|30023730000000000|0|36|0xd342c51ba2be714627f7eccec88a8eb12dac0934f09bfae8f6f96161f476210f|0
1637302440|40000000000000000|0|36|0xe26681af9f07eeca8140a9e2dbbaa2bb61085b16136662d5f020cca18235c42b|0
1637291557|200000000000000000|0|36|0x36dc67ba861c54855f5205dc31ce36447a6bb1f4a43b905df97b553abace0c10|0
1637285859|20000000000000000|0|36|0x6024bb9be45ff79c030761a671deee8a7bde7433c01ca7d6e0709dba7c0643ea|0
1637284626|3370000000000000|0|36|0x9c2526123a757314111aa5cbe1198c68c7ab82d18a9f22f004132ef71a8b5a16|0
1637284425|10000000000000000|0|36|0xe6be07e31d5095e89ee6a0d7264b155ae3f8b42896d0d20ad2693686847df328|0
1637284308|10000000000000000|0|36|0x5294787fdbbd3a4dd84e2d8bd7e4ba5eccc340338ed9c5b374ff2ae1bfe9967a|0
1637284061|5000000000000000|0|36|0xd92268c9473330078d1b361f1c61435ecc728ce2858c11e23409031be30af7f2|0
1637283335|1505000000000000000|0|36|0x6fe2f5c9cf085e4fcfb621f647b93a7853cd3d0a84686ba30ad520cd08a3f741|0
1637282833|500000000000000000|0|36|0x148e00fd2e5376d93fba85bb5d60e1495189a96c3741aa46cc4f7b2fd24a7042|0
1637282099|650564200000000000|0|36|0xd44d8d5ba942c440e1cebe96af0bb7525ba120f73d485165e09ca4dc2ff961ff|0
1637275244|70000000000000000|0|36|0x92cd354282f9000087f60b33274b6bcb94d7a50d90bfa27f62267355881f9d47|0
1637274188|5543628600000000000|0|36|0x1280a61d16eaababe74907f7a1c10fe775a189b4c3344df5ebd74e36fce75d47|0
1637271404|13473832537758609623|0|36|0x936b2e9333d6274365dfe124bce56326612e0df90a2396b5cf70e1b474514b44|0
1637270489|500000000000000000|0|36|0x6e3692aed0b225c3d4e634f6634f35e679782679dfbfe8303098eaec51380d4c|0
1637270470|75000000000000000000|0|36|0x7471f5daf725ecedfaccdd0b2faed628dc87ac1eb56900370a9745d34d851cfd|0
1637269168|500000000000000000|0|36|0xeec721b7a3681272e21c1d1aae44b92df453e270d131d7c33bcf8702cf20ea62|0
1637268658|10000000000000000|0|36|0x4fe9cef1e65b28e766452dca7be49ddb246061789ac2fa8d5344b2ca6dd03e36|0
1637268520|100000000000000|0|36|0x6e87af3dafea113fdbc97b0e16159b498a23e18139f805792ec813d76e324682|0
1637267114|10000000000000000|0|36|0x06e2c086873a152bf48ecde618dfa2b921a7674db666efe2f4cd8d921444f419|0
1637264546|318907830000000000|0|36|0xa87a290f6f8f33ca1896b1ce718c52447a61d51e8cf33e6b18267fda8ffd015d|0
1637263522|364692950000000000|0|36|0xa86894696279399d8203095a5426c77b2f5f54e66482182359e24c4bcc11e18e|0
1637263308|16732615420000000000|0|36|0xe96efc6027716d7d43471b4daf04269ccc6984437403c60bd11e7ae7ffa8a419|0
1637261842|21851361030000000000|0|36|0x0988a30e3a16e4655d5d468132f5d9398ca89e615fb013f6825f8ee8c29565a3|0
1637260045|9235586610000000000|0|36|0x33817d8bdca5d8b307c5c3dded700b0e76d02fdbeaf62d6d3583246fb908b7a7|0
1637259396|4535800000000000000|0|36|0x8b5a7fd5485c4fcea2bb7303d1461fa981844d38d9bf051b07570c8c4a04aeb9|0
1637258920|1017014958250000000000|0|36|0x54342587b5e4c30ebf3615fbaff1759a1562918cdedb1e3db481485e86040bc8|0
1637246035|5000000000000000000|0|36|0x236f39fa0537fc91f17a829d5086b186c7e4a446363a105cdc0bddc54831a390|0
1637226981|249504132480000000000|0|36|0xd93c9c87ad28b38b442451c4dfd62ea9186d6909e2770256a77ee7d8e73e53a6|0
1637224364|592591845860000000000|0|36|0x17272869da81aeba081c056d16c4dfebecef7df8be6d2e2b9dc55bcfd49e5cf1|0
1637220239|209872632680000000000|0|36|0xa052adc739e8c33766e0f118b858f90dd9a7e62880f45594815be37c6a1ac90f|0
1637217832|766930841118000000000|0|36|0x024331591274d63273b473ecbb60650f80fba5a2a1103c36f3c6e7c3261156f5|0
1637211018|179959488040000000000|0|36|0x4c43fe62274d6a99375a61111656638c7cbae7e5e2a85017a39ba4cc595dc43d|0
1637210004|247149241308834260180|0|36|0x50522ac2ffac5599ef94d9b9473b464ee62047b2f9f2a6bfa7421df209f2980d|0
1637209258|500000000000000000|0|36|0x5b4d204fe6e44fb2963d8193dc2018d4dee035b40c4e9b519bc08118c113d814|0
1637209110|153164910890000000000|0|36|0x2548aa776502d84b5a4d5c2ab50b2053247a8f0ebc9b6dd4ff887d5c421b50b2|0
1637209103|500000000000000000|0|36|0x50ec515541bedf4e170e84fe62d3657c2647dd8150e159558056fd2a9872fb50|0
1637206920|309057492850000000000|0|36|0xc3464414c36cbdfdb1107c790e1c7d737afd1c7b5a8c3d69311f17db9fc44f87|0
1637203010|44872339888000000000|0|36|0x7361bb364a50560990c72a8df1e09afb9dbb7141e19b531bd890e8ef25e10816|0
1637201670|141732907720000000000|0|36|0x851bbf5603e8113a89c64663609e22036c289a24a8b309c3038c9089a1f580a9|0
1637199765|238527203650000000000|0|36|0xcede46a83e91ca0957ccc7d03068a5890e00647e9e39df4991e1ad8a0d4b6ff8|0
1637194227|76397129660000000000|0|36|0xd058c2cab6f23e87fac980705a88d1fb117b714cde44b7f6b6700b3f1922b5c3|0
1637192160|200151540330000000000|0|36|0x4df9ad97669bc3496f58eb5efdf175bb924fcb9e18774aa9ad290bda35cff024|0
1637191414|471069006080000000000|0|36|0x658aad27dee6d21378afb391b78d489074b6e34a2aa37c42d825529dd987c100|0
1637191247|48453981170000000000|0|36|0x430d3987ac0327ac28b17ed3dead02789dbc49e3c3ee57b0d303a3cd5f888e90|0
1637190048|717703550290110000000|0|36|0xa4fbb91f06673acf99e86915fdad7389ea9cb8f703de195cc86db621cedf67cc|0
1637182618|363403996601557779756|0|36|0x0818fe59ffb00c010656e866a57026421b5b0f5c2b138d289c02c54576140fa5|0
1637180485|2807995220041131719230|0|36|0x2021a0c9067c6283f80b102fbc8cbea6906ee20839794183d9a423b5377fa188|0
1637152227|146119788170000000000|0|36|0x9969996dbd68a01290288a7e9ea0eb66730553dd8058eb8a4717a7c6966c90ba|0
1637134770|1147780697348721110000|0|36|0x40ac19d43a9a8077449c44859a40c6ee8498af4e9834b6769ce03910269234b6|0
1637099263|188450506643269464300|0|36|0x07a94ce79f0e645e4e0b937dc516ab935b2884c0a27d33ff5ad62dab61539c0b|0
1637066218|3800000000000000000000|0|5|0x26b89970899b21485329fbb7e8dc98a5f167ec07f756fc23cf65d41a1f0091fa|1
1637040718|18976300000000000000|0|36|0x442d553f8e785c0e9263812f779ab2a4565e2c52750bb9946029c643b5743500|0
1637038008|563988168562309295279|0|36|0x03d44897fb109f5e028358088c47c8d528fc9e88b187f466f14e37a994532182|0
1636958665|58813867820000000000|0|36|0x2c6f91eda8917181594b1f360be19c0eb002cb6a884e80fe83123cb57e1d52f0|0
1636957096|483175534066900000000|0|36|0x77abf0141641aa3899541e4ea8ddfc10c6b3023df9dd4f1edd400b6d84e822fe|0
1636946450|100000000000000000|0|36|0x39f039e19e54fb46a505d4c4dc9479ce12bd59bdba9cf87fda064ddd9e738724|0
1636742259|1313000000000000000|62523809523809524|2|0x9e29c0641e86375253c68e73bf815a746859bf1b3a5522d1b9461fc608257b71|0
1636403897|3100000000000000000|147619047619047620|31|0xe1d6a4b6b28b6125668b4ef1470ac4f464f305d9364e62756df60c3ceae8f314|0
1636401838|8500000000000000000|404761904761904762|31|0x2068a58f5b63f40d274c7c125be3a8c44ddeee21fcea35d68bb964591805e9c1|0
1636386463|1600000000000000000|76190476190476191|8|0xd51efe4ecf94bba2cf88b1e1b56e5c253243aeaa669a5f5ff332aa3d5d93d43e|0
1636377477|3150000000000000000000|31650324852264295|5|0x270d3ee51e7551f8a287f0f3ebd6494c20b2ed0a4314a0f8b23f6fad3ab82de3|1
1636228117|12872877800544759521|612994180978321882|33|0x596b6a24cf337c34484f82ee6a5ff80a5ca70af9d3f889cb4f04b12b0aa6b0cb|0
1636227175|98175000000000000000000|1052049509688195450|1|0xd9061d407f3c1c2e2b973e1d016473bbda8e7d68061ac5799371f2660bb984c0|1
1636160152|1837500000000000000|87500000000000000|2|0xe8a6d1a3fa6d4310ce878bf01abc23107ba64b3095a3dfdb63b85ef438f81580|0
1636040562|57971850000000000|2760564285714286|7|0x52306906387c4c2db73ddf598937d1ad0aa0b0ffebd6ac758eec2aa78603e657|0
1635749929|224800000000000000|10704761904761905|20|0x3e04225b4b98757a3ea6136c54914857c8bf0a3bee5c8821f1ce2239e5d67ed9|0
1635705219|2362500000000000000|112500000000000000|2|0xc836b0613309a651013d2458b50a6942dd6655c15d20980cdce9a5167fad9346|0
1635614968|10000000000000000000|476190476190476191|31|0xe23b4e49f6a8aed5b68b47a182467d61d9c5a99408e692d4a917c6658d5061d1|0
1635510092|3150000000000000000000|34730181222085617|5|0xb7e4229e81177e584ac9e9e203b6971bcfb4d5f754600583cd36c7c5d646bc93|1
1635301623|2238034170000000000|106573055714285715|28|0xf59e9aa689c09b488cd5367bfc921601d2795761fd47f8711e936a1055cec2fc|0
1635175993|6063750000000000000|288750000000000000|8|0x83565a6ce9307704d1ed43fbdf2cb055ba12ee0406d2aec3077ab6f3efdd64f0|0
1635090136|2362500000000000000|112500000000000000|2|0x413e9ec88ef8a28b659d9b1be0704fd7c9a0cc33c15913d1ccad5f88caab48a6|0
1635034754|35700000000000000000000|407916838287878374|1|0x428943480e575b249c787a775432d1aea9cf5c74399837acf70d9cc69e1a1149|1
1634694648|1540600000000000000|73361904761904762|7|0xde6ad21eb537221d24bacb2335d76b831af73e862713f16bb26f084278794230|0
1634398108|19748844720000000000|940421177142857143|7|0x5645b325d7573e1462945978dc5d3e183716e6cb97753e584b36d135f175594f|0
1634356537|2362500000000000000|112500000000000000|2|0x90a32438c5474396292f3ef9846ecccd08b37a57ed724dae42140ed5f7dc2a28|0
1634301876|3150000000000000000000|39593471270005343|5|0x3586bc62ccde4c5b3e3c515445afe3584dc3d6bc247a5b4abb321309fe31175e|1
1634241959|10594935720000000000|504520748571428572|28|0xf945a53e8f059b27240819a3eeceb842a2c56774726f6dc9ce1eac68535e1a58|0
1634184292|5000000000000000000000|65447009741390143|1|0x57db47f02ccfd2dcca4ed08bf0906418bc08ec1efe5c981a67fa1a1863be19d2|1
1634032444|3387165860000000000|161293612380952381|32|0x1606b81692dc54112a975b363ca39475d520a23d9809b9dd01172e10a7dbc3a3|0
1634007333|2362500000000000000|112500000000000000|2|0x333972fb5693a3ccaf5ccc5b453cec27d473b0aa2f2219ad30e1a99fff811d8c|0
1634002600|30700000000000000000000|415766234825040287|1|0xe785995656da43cea3d84422e0559e4855448b40e0ba2a932480d7dff93adc72|1
1633732001|2000000000000000000|95238095238095239|8|0x52b9b118c6d527df378bbddc6242e1aff07fa7c09da1ce76e67f4b6c966899f7|0
1633354421|4604097780000000000|219242751428571429|7|0x465178f4906185401fb11f40dc1266e132e54bda90ea2b5b42b920bfde3e68c7|0
1633047704|9500380050000000000|452399050000000000|7|0x7a7b6e8ae5fae3128318a6c298f42917454ca4b6557e37d7c581d0f7a68bdefb|0
1633041395|2362500000000000000|112500000000000000|2|0xf1047f328c07600b9703db446e750ee043300e3721653d04155008541d97b9d4|0
1632825966|800000000000000000000|13120392827264155|5|0x626d436264f3a038c5db2217af653ba2ad9acb308a6184430d5d28f7c8af5bf8|1
1632782947|22657213340000000000|1078914920952380953|7|0x9f6e3d24a250d102024a637ad34e7755abfec0a7830b71dddea9769cdbe87edf|0
1632768146|120000000000000000|5714285714285715|21|0x6379beda6c5862375124bd6b45b68376e52574a33824f533228fb66476f3a778|0
1632601971|36225000000000000000000|592964554867313217|1|0x4e4062b495fb23d04f9041b5dbc199d3da9d02985925d658cf5e5e9a1914e6e9|1
1632596193|2362500000000000000|112500000000000000|2|0xd5d86d660bf334ea73c5c0a56fd897352b4258532246ea87590c6a186c6bef61|0
1632439014|1800000000000000000|0|8|0x462884328a7f4a83dc63a4c154199ebafe7ebbeca563fb63bd25c49719b5241a|0
1632380786|26409821560000000000|1257610550476190477|7|0xc2b6672978207ea88db0de9864242997889f84a087fd623ab3544287e3108e57|0
1632344544|2350000000000000000000|36954696389669910|5|0x4aadfe1a731ff0e1d0e15244f816a3c0b4f5b2df0d5e77c153b5d55f86f66371|1
1632206259|400000000000000000|19047619047619048|7|0x761cfff0f17e2344b1a1137ce12f9a311a1036d2eda569002c7ce47c777ff238|0
1632204496|91835696200000000000|4373128390476190477|7|0x6d7206c49a621e521c5232d09dc7d4f0cc99e2c0f69e6b6fcd2d5e593db64241|0
1631855112|4750000000000000000|226190476190476191|7|0xc240f96c58fb6e1d8fad602dd541da0ffe59c84eee62367873e8625c61bd6d16|0
1631833242|5512500000000000000|262500000000000000|2|0x88f6b2b0f38f9158a1dfbe73949294168740c0dc49aac99acae11f080a744962|0
1631645821|45153400220000000000|2150161915238095239|7|0x70d87b83b9c46f2c032a7402fa9a321a2787004082e86980708faf02f1dd7b62|0
1631569784|2450000000000000000000|35532768670017542|5|0xbfde9a1a27dfac96d2728d0f19c89d87aef72bf2fcb94e78c1d0c4e37064c27c|1
1631398089|1800000000000000000|0|8|0x2c17d7c7381efe366fbfab4e0c8f9898c7553be0d997cd22bf2ed90fb88d5b69|0
1631395672|35175000000000000000000|507561414308542867|1|0xa69cd1140484034f3051e2914b1992aa3174245fb9773a7ec281e22f06b9d544|1
1631250666|4462500000000000000|212500000000000000|2|0xc8b091f9982455bfd2143894e521a44c161aa91422906af71a40edb0653ceff6|0
1630962805|74954979280000000000|3569284727619047620|7|0x20a44a96552fb97cc6c48d2756dff19f0b69e8d6118abeaeb739f4db758dde63|0
1630663405|299504754520000000000|14262131167619047620|7|0xe5938483cf24f634232eb5c0c035b2210035fc649ea179733ef1b59e3c5ead7b|0
1630632953|4462500000000000000|212500000000000000|2|0x054ad8ed1340eafd27c0b0b265f54975d60454f54e8193a6904f66cf71850c32|0
1630411492|3350000000000000000000|46670112496613213|5|0x7ca62ab5b67c21c0dbe2d2d12d3eed831f1bc9483ab3519495d989fbbb4b56f9|1
1630210766|500000000000000000|23809523809523810|8|0x28b8c4eebc00566010986deaa59ca9e9b48b73c78e1f3eb28e45ea71483046d2|0
1630205964|74550000000000000000000|1091598684996041741|1|0x93ed9ef36605225fa7cffe6b14993c6c3077ab141c96ad043be34722c3448f47|1
1630037771|4200000000000000000|200000000000000000|2|0xea94972a9f619c0e33e40049e33283317c84cc1306eb8ff064ce78cd75ecad49|0
1629955206|90000000000000000|4285714285714286|7|0x68a9466565ed92c70adc4c7d2d83525476576a66e08d2823a5dfa8a9f29b02f4|0
1629581637|250000000000000000|11904761904761905|8|0xd9a6033211ed282aa0bf08e1598ad99a170d4825a8b670e940cf431b8006719f|0
1629440461|69907300410000000000|3328919067142857143|7|0x8ae52369efb11ff20a7b56fc1925375d55396fe1b08fab2b39a4216761117afa|0
1629422005|4200000000000000000|200000000000000000|2|0xb6b27797f55b815beae224e337236836540a207db7408bb3c170b1acd5c56dc4|0
1629407238|2500000000000000000000|37759511041562069|5|0x35650d494cb73e6389d67fdf61020ca5dc714125b104fdb4821fae72a6ef9d35|1
1629253869|130000000000000000|6190476190476191|13|0x14fe3657706ec827ee8199d7bae9f060f74fa2d220995899104a08bfe56d9062|0
1629234239|535947000000000000|25521285714285715|7|0x2201185383fcc28fa8222aff92522dc5286d38ef1056459dd414a7dc19cea9c7|0
1629233133|13082821150000000000|622991483333333334|7|0x1a1c6d627ad0ff43a038fe4fa211a086c7f4f3a9ca48a17a362c10d86b351a87|0
1629229208|15000000000000000000|714285714285714286|7|0xb8c261a2cd097628ceeeb84252ad3cc8db65e741c459c33a19c0242882996731|0
1629048604|11315000000000000000000|172622045462069472|1|0xd5eebeec49be1f01fd51a1f256edeb514c09d82369b308e091bb72df904f4267|1
1629036897|89104627993789038364|4243077523513763732|7|0x0908570557d755fdf989fb5bf68f1221a714bf70e96bd92f7881f57b9a79dcdd|0
1628909796|4200000000000000000|200000000000000000|2|0x842dc397b9b1cda08c4b14cf444a3a91550f73ef4e056fce9426c088e7cf5d5e|0
1628879734|52500000000000000000|2500000000000000000|7|0x5ddb3b447aac60560754d94e3244033a2fca1489a1efb7b65cb280a7d2224524|0
1628798098|55699050000000000|2652335714285715|11|0x8515d4287f867095fd30e52ae16aa13a5506819c79dee4de25b5ead2f7931912|0
1628701736|52500000000000000000|2500000000000000000|7|0x10442431983db4f58428045eecc8f0b87b5f75d222d5de8c74263dce17b3e51f|0
1628616584|193975883549478490283|9236946835689451919|7|0xff66d05defc8720ddc9bcca6add8bedbef783b6fe61bfc478c059432e8f3c4f8|0
1628528920|10000000000000000000|476190476190476191|7|0x70dcd17cbce0f0c1b5e0a1ca83f6c7c19a0b5736118979ef89295aa2a0da9f1d|0
1628528753|2500000000000000000|119047619047619048|7|0x8db7e57d9444e2331dde9f1f0d4563432c9246cbd65aad9e3591309b07d0244d|0
1628528622|47645294110000000000|2268823529047619048|7|0x272652d31c3887b3d643330493f6d6c78f97cfb5198a1e462513813330ae27e0|0
1628525569|59806903320000000000|2847947777142857143|7|0x0498c2ff6bda8e7efcc14bc2d3acf5da084053597800bda1a0c3f577a2da8d0a|0
1628525426|52000000000000000000|2476190476190476191|7|0xf33e2a3099cf65e0f49bb498b2a479c35c203c3cf5b978f4d1d51c29e8fc33cc|0
1628525185|1000000000000000000|47619047619047620|7|0xe0c960fec96a353c50cd50a001c79ff5465cb172260003d74cc37f41710efcf7|0
1628204014|4631500000000000000|220547619047619048|2|0x145826d64e0cf9ed1c6e3f9440f306359bfde05fb2e3ff6388263cf071149ee2|0
1628070540|323000000000000000000|6192053909801252|3|0x7674e01f6d39782dd32a267737ce17e773808c8473d5b2fccf811292e5c6f804|1
1627842688|4631500000000000000|220547619047619048|2|0xe0dfef054e6a90c8b0479806f0fc35d7694f98307afb6f20375a9c03dbc7ce41|0
1627010577|5381778000000000000000|124247385779805712|1|0xaf53a50537f48050ba87fb31a4b620f161e25601550006cfc3f18a4e5e2b83a8|1
1626993568|5050000000000000000|240476190476190477|2|0x7e9c67db5762e4f21ff9e16455e6e46d4f383aae7d388458ca8d5d65a398eb4b|0
1626835632|900000000000000000000|23949896815861219|1|0x37d43ef3c50e4f6592e3c21c1d4370743dd3f28fd7737e277857ed43446ee046|1
1626671470|300000000000000000000|7530964521037088|1|0x8228804856a73d19f570c3c7f802e8a9a5638d32e9f910b79818947882a2b044|1
1626639337|57000000000000000000|1427673047190065|1|0x2051e4ebab12a934ebafa969e424192bce9648e0b3b983fbb741c00d8ade72f1|1
1626638016|1205000000000000000000|30105787285832729|1|0x198ea3b9ecd5ed00b5b9e4d69d7976f8b49ed87e050acce4279d1605399493cd|1
1626622962|1111000000000000000|27650956874277|1|0x6509bbb6602c387fa2ce5badb441b0a60e9e84a799466a6c7e6fbaa1eb82d7bd|1
1626622962|1111000000000000000|27650956874277|1|0x5bcc728d0ab28ebf108e7db5b7648be071fd025816d9ec2238a85497ed4d3dee|1
1626610839|11000000000000000000|266699202119888|1|0x8ae01643e89cb5ad4ca4a17a9e5e5205e991781c8883343b7349a0fafdb76fab|1
1626610178|50000000000000000000|1212269100544944|1|0x9d1a58cf567a9fb927f46def7f548b70afe840f02c18aae3d07ce2165659b5a6|1
1626610110|1060000000000000000000|25700104931552801|1|0x8afbe6693834197a0f8b9eb8979e030409c9ab9cb7cd90273d03ea86ed449933|1
1626610024|1000000000000000000000|24245382010898869|1|0xaeb674f87a2780f88dec54b8fbb3e3b46cdd95948fbaa3f8e20b592a0d393a9d|1
1626609964|10000000000000000000000|242453820108988685|1|0xce09f4efd6040a406ebbca884af97538adba0b3e523e99b066312ba52a30e136|1
1626590406|5050000000000000000|240476190476190477|2|0xab57ca8839334b3d5d5c96abaa8b352b002fe653347a20b158ad15503ccc2795|0
