Timestamp|Return Amount|Redeem Amount|Caller|Beneficiary|txHash
1663415759|8305733935100638|9000000000000000000000|0x1350f912f00f09b8fbbfd71ac73a286c0cd814c6|0x1350f912f00f09b8fbbfd71ac73a286c0cd814c6|0x4de10c027247db8a9b1a2c7728dfce2aa755c71a822080035b9bf6e55572bc6d
1659859236|9498529710873534|9285337152000000000000|0x1e6ce729cbe78e5b71b5c56c7f8f273dc9505cbe|0x1e6ce729cbe78e5b71b5c56c7f8f273dc9505cbe|0x1f6374a32ecfca0c6f7ed8792996b2f71bd2d105d400b220c305cd0e3ab7caa8
1659783806|6648733542684676|6499736006400000000000|0xa722823b266bd30bb812308dfd3f4242c99b2cc0|0xa722823b266bd30bb812308dfd3f4242c99b2cc0|0x0b16b2acf1ebeef6e66e4b5501a166b6c774379fb5fb3221caf186eb25d89bd7
1659536392|788777172572353309|771156393812424252098696|0xd9e63bfd42f66878a9151bb2b29c8895263329e4|0xd9e63bfd42f66878a9151bb2b29c8895263329e4|0x45a99a8777a38bfd6477ae24b7f0308388bdc40cbc390f342e6acac6f5fe72ac
1659149465|1055636684155763414|1000000000000000000000000|0xd9e63bfd42f66878a9151bb2b29c8895263329e4|0xd9e63bfd42f66878a9151bb2b29c8895263329e4|0x2d5b47577cfcd0967f0477ae2d2b1b3462b90adfa3a86688ff2a3b1b6e20e059
1657439402|219052640197352328|200000000000000000000000|0xbd9d1d31a6a451f7a8ec61fc5fd491fd59d5f489|0xbd9d1d31a6a451f7a8ec61fc5fd491fd59d5f489|0xed90e83b346e27ff1e8d302f880a86c7c08f007c60ce18de89fadf464b4a8baf
1656143724|13084691396923364|10631000000000000000000|0xc4effb48ea02f061d6ca9595b644cd1745a9935d|0xc4effb48ea02f061d6ca9595b644cd1745a9935d|0xd1eb491d4eaf030c03767efd80b9d4f5d3617a03ea43ce60ad0b919b727361f0
1655124782|159573084714299189|116066714400000000000000|0x3a301f5858da5faeb424da2210f3f3a0d949d456|0x3a301f5858da5faeb424da2210f3f3a0d949d456|0xc051772501959d06ee2572dea7bc08faa610fc3e1d1fa32f8fdad3394e9a18d6
1654363649|1034215258901142443|463914000000000000000000|0xdc66f4759f4bf0184580e26a4de697c8fd972810|0xdc66f4759f4bf0184580e26a4de697c8fd972810|0x7f558c1e4e488ed0a891c70ffbb99aad535eddf5f3acbbed0e25ea9910c210bd
1654322826|1003170080283292893|450000000000000000000000|0xed35dfbd84f62d72689dd37dbd306df6c898b6b3|0xed35dfbd84f62d72689dd37dbd306df6c898b6b3|0x6c3369796cd9f5fee1d40e9bca0ca8ce052a7c194997e8939eb77ed1f212a7b7
1654319067|6945882144808169552|3115997178363069386049347|0x60f65e561ef0a4de89cd0ac3e2c05e0b1a838322|0x60f65e561ef0a4de89cd0ac3e2c05e0b1a838322|0x72af8371c4b73e904eac6f8e705711b2be276e87a7d7915c2269d0e310149bac
1654271906|3983693586107222201|1787254141934232000000000|0xdc66f4759f4bf0184580e26a4de697c8fd972810|0xdc66f4759f4bf0184580e26a4de697c8fd972810|0xce3c6022c9c2d1ce1520ef6a2f596fc65df7007d6ffe117a214c9178c65e718b
1654156440|3945917325128918378|1770407983157900000000000|0x16e945ab70a5830f30123fd580d8c5c15d5ee645|0x16e945ab70a5830f30123fd580d8c5c15d5ee645|0xb366f0b54233e152ad2aeef0ceb4a836146d4e5d6e443bf632899d9954e009f9
1653988881|58737538021978506969|26369901199703822596666361|0x11ce93e2e306f25221562014923d55aee867f53c|0x11ce93e2e306f25221562014923d55aee867f53c|0x1e0ea885bdf7af419eec680b507f86463c60766b5945a004b9b98597799ef018
1653988196|6525949700949237061|2929988000000000000000000|0x11ce93e2e306f25221562014923d55aee867f53c|0x11ce93e2e306f25221562014923d55aee867f53c|0x4c89e5bb3870193a9a3da79c6b97af5b5feb8b36fb6c66bd110348ca21060a68
1653904136|2895266494835100761|1300000000000000000000000|0xdc66f4759f4bf0184580e26a4de697c8fd972810|0xdc66f4759f4bf0184580e26a4de697c8fd972810|0x823c5866e3c49731afe696ba44ccf2c0602ddf5e2022f5017084e7eb94734cbd
1653835110|1013032406799147417|454879000000000000000000|0xed35dfbd84f62d72689dd37dbd306df6c898b6b3|0xed35dfbd84f62d72689dd37dbd306df6c898b6b3|0x93ca28fa20b5ca0f1ed78b25aa2c16a68c01786fd99bffa54cfa59a98f7541ba
1653835038|996329867334025045|447383714962235751186361|0x0b83d0c0976b71724054e9f74a471f7d1c7abdc4|0x0b83d0c0976b71724054e9f74a471f7d1c7abdc4|0x423fb207beb5e094c7418c0de52f3f64de77da1a1dd77a256349aec4cdbbac8b
1653714535|964104866359392305|432924737114057205078970|0xb07ff18798d731413e8bfc56b19a17732253bd22|0xb07ff18798d731413e8bfc56b19a17732253bd22|0x7a3aa349bef7cb0ce01c5ac5f4003812c191c7480b931003b0f767e72283626d
1653710979|1328202563700335479|596428519269385836967423|0x6b829b77993c8fea4296f5085341162bb7138c9a|0x6b829b77993c8fea4296f5085341162bb7138c9a|0xc4dfc9293611dadfbac18e4cdf259b72e8f4855cb808e42372439a5ed1b3dbad
1653691714|6814779547612156617|3062735043429019625783040|0x584d5315493b530572ed2916e8d2b75c4d08c990|0x584d5315493b530572ed2916e8d2b75c4d08c990|0x4845e77c4e6531d7cc015a857a070dfc3e7f8defb4eef7bf7d21bf701182d6fa
1653653412|2107583099721544294|947222000000000000000000|0xa402364b61d16e8c4b9d683604a9a21e8f0d2967|0xa402364b61d16e8c4b9d683604a9a21e8f0d2967|0x7b139cff9ac2fb499c64e80eb2da9d47d9b21d7c75928af8eb1f7a82f1f918d5
1653653221|21244237082443674767|9550001931644489635878363|0xee9495f6f6ee548c6d441c366a7021a7befc4acf|0xee9495f6f6ee548c6d441c366a7021a7befc4acf|0xda6ff6c390f8c43334e16ed743c7033ff1c20578d0fb9969cde0dac5e92cdb76
1653561490|11483208741175780359|5162740369853490000000000|0x96859678a7729e021b268d7c6a3626b504da368c|0x96859678a7729e021b268d7c6a3626b504da368c|0xa003ec5c7f6b440af882c3f12028a2b7646ce685ae26a52ea2882f016a853867
1653429136|2126793804309590343|956215000000000000000000|0xee9495f6f6ee548c6d441c366a7021a7befc4acf|0xee9495f6f6ee548c6d441c366a7021a7befc4acf|0x48a60978749e8a165d5f65c2a3c76e2f5315d08f1ceb3a4b63858e09227b4b3c
1653406068|5060474524518061427|2275380000000000000000000|0xdc66f4759f4bf0184580e26a4de697c8fd972810|0xdc66f4759f4bf0184580e26a4de697c8fd972810|0x7b09562f5ccf16b34a94a732b5e33727f61f21f999d99fe8d5c8f20a279d57cb
1653346579|81006496999678774|36423603200000000000000|0xe61d2e525318ef904eab9fe212b660876e167cdd|0xe61d2e525318ef904eab9fe212b660876e167cdd|0x65863f27c10872e4668e439e5454689781af4fe43c517fb3f212026928aeb344
1653329679|300240572117025784|135000000000000000000000|0xd337fccaec6ea113baacca3a41eb8766706a0706|0xd337fccaec6ea113baacca3a41eb8766706a0706|0xaaf31efa65a2034780a85ae3e8f940ea48d7f6317090a7e67eb563199820dc27
1653137207|10145135134278965349|4458363726044367601560000|0xefa34ccfc44f529a7d38fed397039a23a73f7c1f|0xefa34ccfc44f529a7d38fed397039a23a73f7c1f|0x305e6e341fc3d7917787f1893f58a09553187d7b557c751cc2e582618d3ed45d
1653127451|5688498705081974716|2500000000000000000000000|0x84d7eb1ed1ba424b67f6f3fe3cd7a38386a28342|0x84d7eb1ed1ba424b67f6f3fe3cd7a38386a28342|0xb0894fa4f86ef7aed2d9c66ba3bd1ea6bf1003aeedc8731d3c271a92d55b8081
1653102524|586875625577477117|257926032000000000000000|0x7bd7dad2d1f75ae105ef20c7177c4345b69ae971|0x7bd7dad2d1f75ae105ef20c7177c4345b69ae971|0x0221adfeb9a5fb5d9cf6ffe25efd1b30351f6804b036417815d7682b3e4c385b
1653070282|4630246546791843095|2035081375059135148900927|0xdc66f4759f4bf0184580e26a4de697c8fd972810|0xdc66f4759f4bf0184580e26a4de697c8fd972810|0xd16de02c724c3a51484e50afaac1b6b32ee4a8b413fcc935fd26187fa506ac4e
1653050628|6006189148010578294|2640000000000000000000000|0x84d7eb1ed1ba424b67f6f3fe3cd7a38386a28342|0x84d7eb1ed1ba424b67f6f3fe3cd7a38386a28342|0xd7e82728444b734e2a022fd89c39120888d78e5ee839f01c2bde79befd4ce621
1652994437|2039005203865207156|896256000000000000000000|0xee9495f6f6ee548c6d441c366a7021a7befc4acf|0xee9495f6f6ee548c6d441c366a7021a7befc4acf|0x8de7a82ebcf03ab2b135e89ec4c96ad1b01b803a747dbeed463caf55c6bdb0ec
1652940866|26405465898076088|11606671440000000000000|0xd4fd436787777f2afe7777cedfd25e3f0f272f19|0xd4fd436787777f2afe7777cedfd25e3f0f272f19|0xea3d51b8f81da2ea8e2d46480c50ae2d6792cefbb78b4115adcef3613415cedb
1652568855|2042266421612054893|897841000000000000000000|0xdc66f4759f4bf0184580e26a4de697c8fd972810|0xdc66f4759f4bf0184580e26a4de697c8fd972810|0x56bb13bc53ca648417d83c50965d13444066bb6bf8ffc994861790bc72298787
1652566460|24181708233420525|10631000000000000000000|0x1ae6912e08bb3e105a4f0a60f666376d3c7af380|0x1ae6912e08bb3e105a4f0a60f666376d3c7af380|0x2e64ad7a9cd172c88353063d3cc623c03bec5743a5247df4ee6a086ce5f47524
1652536599|2551218022604531744|1121620000000000000000000|0x303301fb1253ab7def0d8bbc626d63eec3d7731f|0x303301fb1253ab7def0d8bbc626d63eec3d7731f|0xacaa6282da39588d5122077a919c05c4c44d62cae29df8e4a8d037f498dabef7
1652521773|315106122837203393|138534000000000000000000|0xf4844a06d4f995c4c03195afcb5aa59dcbb5b4fc|0xf4844a06d4f995c4c03195afcb5aa59dcbb5b4fc|0x0ab58b14dc6d1a29df08fe88736c0ef09ff495d7974b5aee1fe3474beeb0080a
1652460695|2659463067865491731|1169308000000000000000000|0xdc66f4759f4bf0184580e26a4de697c8fd972810|0xdc66f4759f4bf0184580e26a4de697c8fd972810|0xa38154e12a1b4ed4ce81eb3d899bf80d9f5846af26e448281ee58fa4a6b722c8
1652448270|2504400922335689792|1101171000000000000000000|0xdc66f4759f4bf0184580e26a4de697c8fd972810|0xdc66f4759f4bf0184580e26a4de697c8fd972810|0x702c6262a218be1e5235807d00c36ba68e6e9692ea6e30a48952a0fab32289b8
1652430900|2043091305312020542|898354000000000000000000|0xdc66f4759f4bf0184580e26a4de697c8fd972810|0xdc66f4759f4bf0184580e26a4de697c8fd972810|0x8dbe8ec91637e223ed71018048c52f484fd23da7f4d1121d0110f530ffd895cf
1652430824|113712912553710829|50000000000000000000000|0x463e0a09440f25cf187056806ed0f968a2936fe3|0x463e0a09440f25cf187056806ed0f968a2936fe3|0xc19db6f636d43cd4302bb0306a57fb4274e5e009d9c79047323cab2afb3efc8a
1652411472|6820378547562414193|3000000000000000000000000|0x84d7eb1ed1ba424b67f6f3fe3cd7a38386a28342|0x84d7eb1ed1ba424b67f6f3fe3cd7a38386a28342|0x6340828164056f655f592c621344f899b7385ccceb211ac9369c668cd2761710
1652410593|105549079939132187|46426685760000000000000|0xe0909601e076d9e3d4901fa6186d99e0b935d344|0xe0909601e076d9e3d4901fa6186d99e0b935d344|0x356cab5d4091ca89b46f49bb6eecd823c601fb7b7dcbbc071fe37a4ec5ebd52a
1652372859|198487760504380214588|87478938886380147057009784|0x5a575a52eaebdc906d8087991cc445d27b13ed3e|0x7be99ca4e6893ef57cf349ab56307628100fea00|0xae001e1bff76bf89f83198e0e09a8279ba8edab8158e04bfe9b2fb630905aaed
1652372029|4700144913314665342|2071574492839592384373972|0xdc66f4759f4bf0184580e26a4de697c8fd972810|0xdc66f4759f4bf0184580e26a4de697c8fd972810|0x3f4731909b6b865c806c9cc383602058872e5ac95fce356c35e252b27b2fa193
1652355406|3511094691806353289|1547556192000000000000000|0xbe2e3d1bb4839cdd65e5aca8a7631d7bba9b4a2f|0xbe2e3d1bb4839cdd65e5aca8a7631d7bba9b4a2f|0xf3b37e5d0edf9badfbaf55584f211d7a37d94a60eb6a4350a40f8dbc73b5cdf4
1652337937|2633254768035103396|1160667144000000000000000|0xf535c6e7315716749fe99ede3ee851b0cac7821c|0xf535c6e7315716749fe99ede3ee851b0cac7821c|0x800f1233dfb0f3f8699a5ab554dd8ade49dd271da725354311343f696043e9d3
1652335271|1438474467371147880|634049165070509505112281|0x32dd0756316b31d731aa6ae0f60b9b560e0ed92c|0x32dd0756316b31d731aa6ae0f60b9b560e0ed92c|0xf4e0072add08bbccc7b88e250b563010587067ab300a67b9f939a0f2296a639b
1652291426|137030679231471891251|60480536880614826356675044|0x367f7def4c05f4ae7ae47f88e270f8c0c85a9273|0x367f7def4c05f4ae7ae47f88e270f8c0c85a9273|0x81dd6b955d8ebcb5e8276873e354c905f376f2f07e2faefb38def1d3ff83e414
1652280632|9062030076227343148|4000000000000000000000000|0x84d7eb1ed1ba424b67f6f3fe3cd7a38386a28342|0x84d7eb1ed1ba424b67f6f3fe3cd7a38386a28342|0xcb2b6e868eff264738c13f77698fc27158f8d23e86603e1daab082abaab2ff86
1652280098|4595959795789155931|2028753481147420800638784|0xdc66f4759f4bf0184580e26a4de697c8fd972810|0xdc66f4759f4bf0184580e26a4de697c8fd972810|0x1892f87be6cf5dca3a9e5b68899fc394e9c9a5cd93f677afa8fed851c031bb50
1652254430|6793620469326619182|3000000000000000000000000|0x84d7eb1ed1ba424b67f6f3fe3cd7a38386a28342|0x84d7eb1ed1ba424b67f6f3fe3cd7a38386a28342|0xb350489727b603eb0da10bdc21b03f9fb1578f7d923bfde6d3862ce9ac9b78a3
1652254234|2108834368089102870|931260000000000000000000|0xdc66f4759f4bf0184580e26a4de697c8fd972810|0xdc66f4759f4bf0184580e26a4de697c8fd972810|0xaae5691baf103b38b7fa24233fcc81e996e4b01c0281285a81fba41cce6facbe
1652249014|2051838688200740774|906108000000000000000000|0xdc66f4759f4bf0184580e26a4de697c8fd972810|0xdc66f4759f4bf0184580e26a4de697c8fd972810|0xbfb2b40c118245b58516ddd910ee5a7960e1d53407a45b8279f1b8515d3e9264
1652248040|4528715038005511516|2000000000000000000000000|0x84d7eb1ed1ba424b67f6f3fe3cd7a38386a28342|0x84d7eb1ed1ba424b67f6f3fe3cd7a38386a28342|0x57f2c5a3e1ea569b4e7366ae334c87af2462741a21807cb170fad7c67c7a9665
1652181492|1006798678224492333|444633000000000000000000|0xdc66f4759f4bf0184580e26a4de697c8fd972810|0xdc66f4759f4bf0184580e26a4de697c8fd972810|0x63e8511f89e1493106da7656c0b3ca3e3caae5c55cd9f934787a676774c187e7
1652176271|76216030531208346|33659347176000000000000|0xae706c3782568b8eb1ec1450845a79749a63ea8c|0xae706c3782568b8eb1ec1450845a79749a63ea8c|0xdb7dcc339d0344e6752acad799bf78b82452532a96ee388d384c835189e2220d
1652155252|2010691807047837804|888000000000000000000000|0xdc66f4759f4bf0184580e26a4de697c8fd972810|0xdc66f4759f4bf0184580e26a4de697c8fd972810|0xcfe0f5ace99b68f9e94ba3c5e3fa6c7fc3b9b27812483a5ff47913f3afe3a478
1651941402|2671439110333012207|1165120000000000000000000|0xdc66f4759f4bf0184580e26a4de697c8fd972810|0xdc66f4759f4bf0184580e26a4de697c8fd972810|0xc6f25a348e082a320ca1d4872875d1c6ae6a48b7f3dd5e6416e0ac0583f0003b
1651926538|1017289969463419469|443690000000000000000000|0xdc66f4759f4bf0184580e26a4de697c8fd972810|0xdc66f4759f4bf0184580e26a4de697c8fd972810|0x5ed88d4277b5fbad0ddaf4d6ac775bf33bed588b836ce8354e06913ec40e51b9
1651905655|1015703090869830607|443002000000000000000000|0xdc66f4759f4bf0184580e26a4de697c8fd972810|0xdc66f4759f4bf0184580e26a4de697c8fd972810|0x85a57d7b75fc8393eac2c87dd6cbc5297be06f42b640bc733c57dccba5275dcf
1651900682|9399561885086192397|4100000000000000000000000|0x84d7eb1ed1ba424b67f6f3fe3cd7a38386a28342|0x84d7eb1ed1ba424b67f6f3fe3cd7a38386a28342|0x4551f482205782df51b3002092bacfc4b4e8f892d5eb0bc3544649208a5c89d1
1651893580|2573424951069459468|1122530000000000000000000|0xdc66f4759f4bf0184580e26a4de697c8fd972810|0xdc66f4759f4bf0184580e26a4de697c8fd972810|0x2939d0db1da8488a81bf7ab820bb56146e86df766a6b87bc05350c5e3322a82d
1651870806|229249347720584013|100000000000000000000000|0x6691af446bb121b19aec9c0ff6ed9c4721d5fee1|0x6691af446bb121b19aec9c0ff6ed9c4721d5fee1|0xeee90d6bc0f2063a01e4ca7d23d4445aed3bad58aa7ed3347535d640e42dee77
1651832960|4584795123447290323|2000000000000000000000000|0x84d7eb1ed1ba424b67f6f3fe3cd7a38386a28342|0x84d7eb1ed1ba424b67f6f3fe3cd7a38386a28342|0x1005dbe1165bf71ce76ebc7d0ff38f351800988ade272016d16c701c3e87c0d5
1651816053|2475779322665751833|1080020000000000000000000|0xdc66f4759f4bf0184580e26a4de697c8fd972810|0xdc66f4759f4bf0184580e26a4de697c8fd972810|0x4438f93b4f5e275414aa49cf74e001a87098f3c295b1761cee3a86002e622676
1651653401|2291980255595218984|1000000000000000000000000|0x84d7eb1ed1ba424b67f6f3fe3cd7a38386a28342|0x84d7eb1ed1ba424b67f6f3fe3cd7a38386a28342|0xbb49a49042a05aba0a6b5618db30502bdff97ef520aea6e170b9a3ffbd1edaeb
1651652335|2080203102682349261|907618000000000000000000|0xdc66f4759f4bf0184580e26a4de697c8fd972810|0xdc66f4759f4bf0184580e26a4de697c8fd972810|0x5ec7b968c6d91fdcc3b038d26ae85c23e5c0fc6d10d1eadea93be2c7aebfe19b
1651611567|619234460251248711|270181076025000000000000|0x584d5315493b530572ed2916e8d2b75c4d08c990|0x584d5315493b530572ed2916e8d2b75c4d08c990|0x15f3a2069d9c456c0333aea13d7f966073619198d50dd8146495d9e45c4a2298
1651576344|3437738438248682130|1500000000000000000000000|0x84d7eb1ed1ba424b67f6f3fe3cd7a38386a28342|0x84d7eb1ed1ba424b67f6f3fe3cd7a38386a28342|0x2e929b6427a24793d76d5b3dcfc5f2e10a59d8cdc45fcd7fb133764fe34addc2
1651566840|1022194129082138546|446021560000000000000000|0xdc66f4759f4bf0184580e26a4de697c8fd972810|0xdc66f4759f4bf0184580e26a4de697c8fd972810|0x48f6484507188f727d62703c7b59d11e3b0b2ad59d4bd72236d81f9a2544286a
1651563852|2390943851540917633|1043281000000000000000000|0xdc66f4759f4bf0184580e26a4de697c8fd972810|0xdc66f4759f4bf0184580e26a4de697c8fd972810|0x2cb03016afcf240726769804c0604fd31aca91fea899a813abf0c204ad0a9cc9
1651552090|2114293006198583492|922583000000000000000000|0xdc66f4759f4bf0184580e26a4de697c8fd972810|0xdc66f4759f4bf0184580e26a4de697c8fd972810|0xaf3c922a58d730874a42fea16ec0e035f4a21108bedab076dae791a96cf17cf6
1651544864|1317492342044336582|574901680000000000000000|0xdc66f4759f4bf0184580e26a4de697c8fd972810|0xdc66f4759f4bf0184580e26a4de697c8fd972810|0x0a80de028c119475c5bd2ae345fb7216c6f476a960e9fc73389f783afffbd939
1651485455|1547747864783373043|675407000000000000000000|0xdc66f4759f4bf0184580e26a4de697c8fd972810|0xdc66f4759f4bf0184580e26a4de697c8fd972810|0x6e3c82c3558c33e6d89cf4b0d27783450733262dece076389eb03e160a849976
1651415570|2040248064445014218|890341000000000000000000|0xdc66f4759f4bf0184580e26a4de697c8fd972810|0xdc66f4759f4bf0184580e26a4de697c8fd972810|0xfd091ddf3557bd793f6281316108f63555b634131bd758331d89343bcffce08a
1651415459|2091062087579453229|912533000000000000000000|0xdc66f4759f4bf0184580e26a4de697c8fd972810|0xdc66f4759f4bf0184580e26a4de697c8fd972810|0x6a77720ed6c0627e161b8a01b9472ab56ddc34a1dd1e49d6313a20ba6cb52c92
1651408143|2025520227895626893|883947000000000000000000|0xdc66f4759f4bf0184580e26a4de697c8fd972810|0xdc66f4759f4bf0184580e26a4de697c8fd972810|0x0f07464311eb79dc304bb9392f575da232e4800e1d22570da84ed9f9c5891127
1651394171|2066995627840667906|902064000000000000000000|0xdc66f4759f4bf0184580e26a4de697c8fd972810|0xdc66f4759f4bf0184580e26a4de697c8fd972810|0x30b77e869dba8d86cb49896446964fa673d9aa9c92f38d120a8225910b8d35fb
1651394000|3062339125322421420|1336482107222911076154854|0xdc66f4759f4bf0184580e26a4de697c8fd972810|0xdc66f4759f4bf0184580e26a4de697c8fd972810|0x5cc8ae863945ece625f2db2c25dda3546ecc4e78a9752ee0dd5c7d426ce94c82
1651358411|1930349476228157573|842468000000000000000000|0xdc66f4759f4bf0184580e26a4de697c8fd972810|0xdc66f4759f4bf0184580e26a4de697c8fd972810|0x54d072380db319b490822a741a6b1f61b512bffe94937bcec25d9941e8ff21a8
1651357972|1975888084170703268|862358000000000000000000|0xdc66f4759f4bf0184580e26a4de697c8fd972810|0xdc66f4759f4bf0184580e26a4de697c8fd972810|0x25a53edf674a999bfbb103d98f06ae63352ddb61f930fb0b5b01930cf7b584ed
1651348743|4058469620143351459|1771346544055263000000000|0xee9495f6f6ee548c6d441c366a7021a7befc4acf|0xee9495f6f6ee548c6d441c366a7021a7befc4acf|0xc67873879d2ac7e0707d292138fea06f61645abbe711062a483486257ea78f51
1651334660|1941253189325074950|847288000000000000000000|0xdc66f4759f4bf0184580e26a4de697c8fd972810|0xdc66f4759f4bf0184580e26a4de697c8fd972810|0x5cba978cd1cf0aa91eea64a36e223bee9b64e8e5c90d3e3f85ac7267c416273c
1651322126|1622110581952621222|708004000000000000000000|0xdc66f4759f4bf0184580e26a4de697c8fd972810|0xdc66f4759f4bf0184580e26a4de697c8fd972810|0xa71bd6067f6130e2eae4c0b7279b31a98fe09042ee10d3adbf153d07debc29ef
1651317622|1141764054430651249|498351890279792050115453|0x066c4fe65a421400a29198ebd9e5362ef9164b8d|0x066c4fe65a421400a29198ebd9e5362ef9164b8d|0xef45321ec2cfba34e97a34b2c8727ce0fbb23bdb7319f7fdc52722627fe295f8
1651307361|1531006744267403041|668256000000000000000000|0xdc66f4759f4bf0184580e26a4de697c8fd972810|0xdc66f4759f4bf0184580e26a4de697c8fd972810|0x33f1a8d1e39e0eb7d506f4012aab819d4ed6d13acaeeb4805424661928002fc4
1651306126|2291000753823020276|1000000000000000000000000|0x84d7eb1ed1ba424b67f6f3fe3cd7a38386a28342|0x84d7eb1ed1ba424b67f6f3fe3cd7a38386a28342|0x8f1216e2845dd64c58d4c8796f5519904dbc5a94813b2667573ce782dc6cf9af
1651281386|1017690741316712161|444221000000000000000000|0xdc66f4759f4bf0184580e26a4de697c8fd972810|0xdc66f4759f4bf0184580e26a4de697c8fd972810|0x30654f968ec879d09ac9595606c9aa215c1e6f43ea64bd6da639f2e2ec127c82
1651272314|1954691526324635376|853236000000000000000000|0xdc66f4759f4bf0184580e26a4de697c8fd972810|0xdc66f4759f4bf0184580e26a4de697c8fd972810|0x2c1128d66e4ae96cc1b962f47f7e3a8179107f4af37e5b98318e45d92bbeb49d
1651270199|7411453821645890029|3235375837365713000000000|0xee9495f6f6ee548c6d441c366a7021a7befc4acf|0xee9495f6f6ee548c6d441c366a7021a7befc4acf|0xe7b3ac7a4759c3148c07076caf81b4ca5828eede44d626e7ca625120d92e0fba
1651256878|11896150521680317761|5193671071810860113846962|0xee9495f6f6ee548c6d441c366a7021a7befc4acf|0xee9495f6f6ee548c6d441c366a7021a7befc4acf|0xd6788738f04eaa1cd85ddae079bf7de3e6d6d0d979e741e471d3c390401331c0
1651133767|2126790070258849718|928588356569986754263967|0xdc66f4759f4bf0184580e26a4de697c8fd972810|0xdc66f4759f4bf0184580e26a4de697c8fd972810|0xcf00b71f80a03f35b9f13f88176840af5b3ec0353a94a28fee6dd829c462e351
1651133752|3435414991815988204|1500000000000000000000000|0x84d7eb1ed1ba424b67f6f3fe3cd7a38386a28342|0x84d7eb1ed1ba424b67f6f3fe3cd7a38386a28342|0x6b8d28b79d81691f5efaa9c55831c235dcef8900348bfd8afb69eb4fedfc93e4
1651133669|2203998736707707894|962347700314261850763602|0xdc66f4759f4bf0184580e26a4de697c8fd972810|0xdc66f4759f4bf0184580e26a4de697c8fd972810|0x022287b96158d044913307c1d38fbf1bdf11fce3562e1f3015cfdcf4b43c469b
1651133598|6870268741067609118|3000000000000000000000000|0x84d7eb1ed1ba424b67f6f3fe3cd7a38386a28342|0x84d7eb1ed1ba424b67f6f3fe3cd7a38386a28342|0x46e75d4865fd3b96e6895c13899e51dda6f73883c12d4a1936358ddb9a1aa4bd
1651133540|2234108487208103768|975574659309188107658757|0xdc66f4759f4bf0184580e26a4de697c8fd972810|0xdc66f4759f4bf0184580e26a4de697c8fd972810|0x0f236e2efe54df369ebe5a5d198dbe12c0aacfef9b1d2b45898fde683cc4510b
1651133416|2189972533824232223|956320505892637772904375|0xdc66f4759f4bf0184580e26a4de697c8fd972810|0xdc66f4759f4bf0184580e26a4de697c8fd972810|0xd9beafd5ae2c61df7f31867aca6784a4668a87766f32e597b450e84a30e68e48
1651133363|1079291022853759084|471311000000000000000000|0xdc66f4759f4bf0184580e26a4de697c8fd972810|0xdc66f4759f4bf0184580e26a4de697c8fd972810|0x37ed5bafc16a31ccd7fe37d96079b5502f41b2857ca76d6300d936b8d49b60a9
1651133135|4579764211666078648|2000000000000000000000000|0x84d7eb1ed1ba424b67f6f3fe3cd7a38386a28342|0x84d7eb1ed1ba424b67f6f3fe3cd7a38386a28342|0x8e1908a828a27d6394b016a18aa6a8ee68639e90ece5a5f6749fa673ecbb9c74
1651133104|1104387743445791451|482295000000000000000000|0xdc66f4759f4bf0184580e26a4de697c8fd972810|0xdc66f4759f4bf0184580e26a4de697c8fd972810|0xa7eb4e80710afe312c375916e40ee7e36f0df3e35dfbeb50834d3b988814417e
1651073519|250173000134552890|109268894496215360088000|0xad5a23b3d8ac3ad8fa18b79cd68cfca98cb5288f|0xad5a23b3d8ac3ad8fa18b79cd68cfca98cb5288f|0xe9fb2b3d0fc0bf74e25e07a26f5ecf1403bc5f7851a9d4ad5c6f138736601be9
1650988730|1022162442116316703|446713660000000000000000|0xdc66f4759f4bf0184580e26a4de697c8fd972810|0xdc66f4759f4bf0184580e26a4de697c8fd972810|0x0d151cb966d1f1f84076ff9cec15d505d9433ca9021b087c992bf263b3f5f109
1650988488|3432168171325441657|1500000000000000000000000|0x84d7eb1ed1ba424b67f6f3fe3cd7a38386a28342|0x84d7eb1ed1ba424b67f6f3fe3cd7a38386a28342|0x5220312a1b46052e320654f9d033d322472c124f814e702a91bf569e98541533
1650977985|1015740910372629345|443925000000000000000000|0xdc66f4759f4bf0184580e26a4de697c8fd972810|0xdc66f4759f4bf0184580e26a4de697c8fd972810|0x5130cb936ed579a03fb1ed35891501a19040aa226b80ea6696202267a481f3ba
1650960564|1062274810795144909|464266857600000000000000|0x3f23252d4bd604c56a8d7bbbecb3b0f49c69bf55|0x3f23252d4bd604c56a8d7bbbecb3b0f49c69bf55|0x34374df9b10342817f064b99039bf6872720640f263c92c18ed698644e247990
1650953510|1023144333179467089|447169000000000000000000|0xdc66f4759f4bf0184580e26a4de697c8fd972810|0xdc66f4759f4bf0184580e26a4de697c8fd972810|0x458a2e9da2f191c431c02258974a6e05b26fa884b1393f076670233064d5a93a
1650945081|1016076442587636847|444084000000000000000000|0xdc66f4759f4bf0184580e26a4de697c8fd972810|0xdc66f4759f4bf0184580e26a4de697c8fd972810|0xd55d1f384cbbe7c313911a4fc995151021cb81ca278e295af9a91b5e365993e9
1650939709|1026409201764010252|448607000000000000000000|0xdc66f4759f4bf0184580e26a4de697c8fd972810|0xdc66f4759f4bf0184580e26a4de697c8fd972810|0xa6480522b105a255a0625c14648a68761ac7ae094ef809f50475b60441ad3cd8
1650882880|4575084585533225399|2000000000000000000000000|0x84d7eb1ed1ba424b67f6f3fe3cd7a38386a28342|0x84d7eb1ed1ba424b67f6f3fe3cd7a38386a28342|0x8201eadab9ccb94987985e01a43d029c320e34b04c5fd5ede10940dcb3b5cb5f
1650882019|4574897001696389079|2000000000000000000000000|0x84d7eb1ed1ba424b67f6f3fe3cd7a38386a28342|0x84d7eb1ed1ba424b67f6f3fe3cd7a38386a28342|0x2c2b31fa1af0b09fe42fec9cc1b388fac5add21fee9a5a28ff6ed8242699312b
1650881678|2254283616837009192|985521258975863992968367|0xdc66f4759f4bf0184580e26a4de697c8fd972810|0xdc66f4759f4bf0184580e26a4de697c8fd972810|0xf046198ea9939ed75a17bf0f68dbc7f1e6809e2f62d197aafdc3d41e6b2b0bae
1650881566|2254238126561199924|985521258975863992968367|0xdc66f4759f4bf0184580e26a4de697c8fd972810|0xdc66f4759f4bf0184580e26a4de697c8fd972810|0x07d0885289968e0187aa798dc4030b1d86406142eaeabc5a621e50a71ad4d15d
1650881473|1989463443903224954|869780969437395307775707|0xdc66f4759f4bf0184580e26a4de697c8fd972810|0xdc66f4759f4bf0184580e26a4de697c8fd972810|0x0d0f5f2965adb378887758e0299963c431145d4dc592ef5232426e582e1cb745
1650879016|916833141084935561|400837000000000000000000|0xdc66f4759f4bf0184580e26a4de697c8fd972810|0xdc66f4759f4bf0184580e26a4de697c8fd972810|0x870db0afeb0e86a2f6ae96546cbfebe384434e997360d3e7d0435512a884b99d
1650786968|457435075376552289|200000000000000000000000|0x923383f8218d66207eab697b2a417512de0b320b|0x923383f8218d66207eab697b2a417512de0b320b|0x1f935df9c9c8d2e666ee43252309d5e796bfc7a1053de668255b24dbe5269807
1650725391|5079644218718219624|2200000000000000000000000|0x84d7eb1ed1ba424b67f6f3fe3cd7a38386a28342|0x84d7eb1ed1ba424b67f6f3fe3cd7a38386a28342|0xa42f2634e0d6e711746ee2f0f8a9d06cf9e607dcd2cab1fd0482f22e8544e289
1650720595|1831640636859322327|793300000000000000000000|0x148f0b4392ff39e8f3d86758966ac283d32b78c2|0x148f0b4392ff39e8f3d86758966ac283d32b78c2|0xb86d9bfd28564c0ed7fd8740d2f1945388c2f95c761bb137e696328752e73d7b
1650692770|3463225451691831129|1500000000000000000000000|0x84d7eb1ed1ba424b67f6f3fe3cd7a38386a28342|0x84d7eb1ed1ba424b67f6f3fe3cd7a38386a28342|0xde6c621d2323d2eaaf72e8fd62d9b1025d68aafa40c7cf047e1b5866241996cc
1650691425|14692903770354637055|6364650629398644761991850|0xa62f8abb12094f5651c8ba7222a0dc1034ca4b20|0x11517ae3326667c350eff7dcf9f220058617c665|0x1d8993b11d90424442e5c1d2b4605b8e3db991f763fb1546afb67273b152b826
1650621696|1154164316330595913|500000000000000000000000|0x84d7eb1ed1ba424b67f6f3fe3cd7a38386a28342|0x84d7eb1ed1ba424b67f6f3fe3cd7a38386a28342|0xc1a2a31c3eef31c69f42c1d86b44c355372b0faa69fa25834f529511627426e5
1650621612|1530485707366396407|663036601531254576266633|0xdc66f4759f4bf0184580e26a4de697c8fd972810|0xdc66f4759f4bf0184580e26a4de697c8fd972810|0xe3a5030a031584e059bbc12b82d5f124a7a40a1d65a0bc6f191f86aa0d071728
1650612891|438528196935876146|190000000000000000000000|0xd06c67fb53693384ad5eb905b43a66cf548f5687|0xd06c67fb53693384ad5eb905b43a66cf548f5687|0x0e61cdcb3009e3a85df2e09466cf9c04a3e4fccdd02700c5d9927d5ffe9e339a
1650597880|2031041579306612239|880000000000000000000000|0x84d7eb1ed1ba424b67f6f3fe3cd7a38386a28342|0x84d7eb1ed1ba424b67f6f3fe3cd7a38386a28342|0xf99b0dcb3247e86e08a21e35d1ce3c133731b3e896517511032ef4d7f99a2dfc
1650597692|3461897016069842771|1500000000000000000000000|0x84d7eb1ed1ba424b67f6f3fe3cd7a38386a28342|0x84d7eb1ed1ba424b67f6f3fe3cd7a38386a28342|0xb01bb2e7daf5b87f1fb0b52a7da676afb0276a85e81714343613618c17c37a5d
1650590070|4154124344358184072|1800000000000000000000000|0x84d7eb1ed1ba424b67f6f3fe3cd7a38386a28342|0x84d7eb1ed1ba424b67f6f3fe3cd7a38386a28342|0x84fd9969b2ee741db3d390fc1002e078cf18877479681ca86b8ba278059ad41f
1650365761|1960397961637780278|849500171993694886890637|0xdc66f4759f4bf0184580e26a4de697c8fd972810|0xdc66f4759f4bf0184580e26a4de697c8fd972810|0xe1068311502390e03a6a93e6c921be6560dc88c344f8c842cea90d590f0de8b6
1650263440|1005921421687393491|436000000000000000000000|0xea7712a08e83e2703eb0e4118cd2a77208b97311|0xea7712a08e83e2703eb0e4118cd2a77208b97311|0x6bb3f6442fbd46a015cdff6aa1d2ef2c8f25a9e3808085751cbb57b56429a0af
1650263181|100592053071911197|43600000000000000000000|0xea7712a08e83e2703eb0e4118cd2a77208b97311|0xea7712a08e83e2703eb0e4118cd2a77208b97311|0xe6a498054a9a0a47afd5938159735fea51e5df5cb8e54f62d48a6e0d0cf436a3
1650262131|1007480460343328077|436680000000000000000000|0xdc66f4759f4bf0184580e26a4de697c8fd972810|0xdc66f4759f4bf0184580e26a4de697c8fd972810|0x749dbcdfbc8bdaacb1a178203ae9f54e759d38d19d8d42ea2b42102c3e2b5d04
1650261618|2080421453774724081|901749577506822214316517|0xdc66f4759f4bf0184580e26a4de697c8fd972810|0xdc66f4759f4bf0184580e26a4de697c8fd972810|0x568d7953ca4a86a19dd528615589de8caf0964db5fb867a2b80aa4cc0877d2e9
1650261435|1775499549455088713|769594537091980066094828|0xdc66f4759f4bf0184580e26a4de697c8fd972810|0xdc66f4759f4bf0184580e26a4de697c8fd972810|0x1a532fa55bfb12864c2dba86b7c64ca631523a08428d25cda851000744b57d4f
1650261376|1504190865642760730|652003765872176730295612|0xdc66f4759f4bf0184580e26a4de697c8fd972810|0xdc66f4759f4bf0184580e26a4de697c8fd972810|0x5fe3c582a379f1a796b2192328f26d4b4897c588423f5ecd9e6d53070c880466
1650261255|1350450491298767344|585370703117125043616195|0xdc66f4759f4bf0184580e26a4de697c8fd972810|0xdc66f4759f4bf0184580e26a4de697c8fd972810|0x9ab5163842d877fd3a71fb95f9735518cb5c168f4cec5de3c4a492980bde755f
1650087286|560621518836565911|243027488193406270196558|0xe6e8dbf284ecf49b32c417c5dd9b9cbce27dceb2|0xe6e8dbf284ecf49b32c417c5dd9b9cbce27dceb2|0x6d066f8b440137c00a6b6d6034cf8a21bd2eadf40584448fec8ea14c7076115f
1650040925|1069535178313353315|463644158951635009992270|0xdc66f4759f4bf0184580e26a4de697c8fd972810|0xdc66f4759f4bf0184580e26a4de697c8fd972810|0x222b2797b948994451cb2e17002c13e457b0c874dd3b0a02b8ea11a17afa5a8d
1649915112|972315209510633943|421507168976000000000000|0xbbce15ee9bde24b77031ed6a82e9dd9b6c7492dc|0xbbce15ee9bde24b77031ed6a82e9dd9b6c7492dc|0xfcdea2150807242d441e4932acfe4a0ec7c151e4b4952d7694a9696d31a95675
1649857850|9226285291765357576|4000000000000000000000000|0xd64ba09385c90603dc8b27e93771bb3222ce96a4|0xd64ba09385c90603dc8b27e93771bb3222ce96a4|0xe217333e3d9adae1e6b5c5f32b28c96b0d02b6555594fd48c5158780d1d770fe
1649853522|1060943126525529650|459969737672068670664445|0xdc66f4759f4bf0184580e26a4de697c8fd972810|0xdc66f4759f4bf0184580e26a4de697c8fd972810|0x9d04830a37913d51fbefa3de3f88095c0298a75355603efbbe513897cbc29786
1649832700|1112931429929392541|482513873633994422866038|0xdc66f4759f4bf0184580e26a4de697c8fd972810|0xdc66f4759f4bf0184580e26a4de697c8fd972810|0x54905844e79b998b37df4b5e60bd41602ae2db9387aef26ca20492af1ea2bcd5
1649659592|691739487561212214|300000000000000000000000|0x97432c12ea8c957c3ae2d59c9953cf8df9cbc5b0|0x97432c12ea8c957c3ae2d59c9953cf8df9cbc5b0|0x5e1d6f013dafb531d14e2466e919a61da6a84b2b6159734882a097258c90bd7b
1649522121|3481052106091860633|1500000000000000000000000|0x84d7eb1ed1ba424b67f6f3fe3cd7a38386a28342|0x84d7eb1ed1ba424b67f6f3fe3cd7a38386a28342|0x405102a4c5e6e483ad76b25692320b4109f72673633f32b3a47c645dcaabe907
1649511222|269355554714413697|116066714400000000000000|0x1aef26e2b724ffde7d1105e206620e43bc8077c9|0x1aef26e2b724ffde7d1105e206620e43bc8077c9|0xd989a818c25a2a9e097f72891797e423d4c0949dfa93aaa825156eb2757f8a33
1649510317|2201406814009245024|948615886607118580015266|0xdc66f4759f4bf0184580e26a4de697c8fd972810|0xdc66f4759f4bf0184580e26a4de697c8fd972810|0xa4a7000a33e51c8f53430e2cccdfb1da21fda5e05841bc01e7f9c97ef5160e91
1649438674|8580006133133640626|3698264872907862143931101|0x278c5caea79f3afc36f55f6bc8a78626f1aeae4a|0x278c5caea79f3afc36f55f6bc8a78626f1aeae4a|0xfc508d240ef7d9fece295e84805f05e06fae412ceac67ac05cbf4d7675f4e251
1649273878|2075127361927434075|894941842975081423915550|0xdc66f4759f4bf0184580e26a4de697c8fd972810|0xdc66f4759f4bf0184580e26a4de697c8fd972810|0x4045162a654e69c75981ceed5b94aa52c60bc3d125a585ea40edcc324b7c839c
1649273779|1705416551550946680|735507286158719927596379|0xdc66f4759f4bf0184580e26a4de697c8fd972810|0xdc66f4759f4bf0184580e26a4de697c8fd972810|0x8bd2c34b3dca38bdf6ab960a1e91cb06c07b9d80563afbcc8dc33586c3005296
1649273641|1443460525351673155|622539444633976163554074|0xdc66f4759f4bf0184580e26a4de697c8fd972810|0xdc66f4759f4bf0184580e26a4de697c8fd972810|0x4658f3a1c301ce210c93d1fa0438ef7b971237c71ad444066862452e6bdf2a23
1649248688|269119217474756244|116066714400000000000000|0x07a90947c139a13878b863a628ee45a0432d0f60|0x07a90947c139a13878b863a628ee45a0432d0f60|0x3126c31f8c127140d7172d87d78ff5549a74ce57c0143aae233bb30dc7c37bf1
1649085776|1281261881473533522|557000000000000000000000|0xd6ea521fbb4e84589426e474463cc53b29ade218|0xd6ea521fbb4e84589426e474463cc53b29ade218|0x83e451c52ff3ab7bcc5a8f1c1fa9938101f99ab533917f5b4b9da3c2449f5a70
1649074966|3615784418111717916|1571931599976407925181313|0xd6ea521fbb4e84589426e474463cc53b29ade218|0xd6ea521fbb4e84589426e474463cc53b29ade218|0x392d4818a2122569bca1f8d5e43eb75be9660c41ac609284ea4bdcde0118cf31
1649041751|1150034440167854641|500000000000000000000000|0x84d7eb1ed1ba424b67f6f3fe3cd7a38386a28342|0x84d7eb1ed1ba424b67f6f3fe3cd7a38386a28342|0x3605d1bbe4ccee9de3ce00b1272e706d17b9668598a3d48ff2bffaf190eb1a4d
1648974050|804270902549918131|350000000000000000000000|0x84d7eb1ed1ba424b67f6f3fe3cd7a38386a28342|0x84d7eb1ed1ba424b67f6f3fe3cd7a38386a28342|0xab058a1f3e4158e67505e981aac2f4b68ad326ee4f0a38707fdbafd64b399a76
1648968326|1148946802992271538|500000000000000000000000|0x84d7eb1ed1ba424b67f6f3fe3cd7a38386a28342|0x84d7eb1ed1ba424b67f6f3fe3cd7a38386a28342|0x4689557a22e2115c0d7672e134444c2a59c7a363eccefae9c6bc61f2c6e8f0c0
1648891742|2296641538777648441|1000000000000000000000000|0x84d7eb1ed1ba424b67f6f3fe3cd7a38386a28342|0x84d7eb1ed1ba424b67f6f3fe3cd7a38386a28342|0xfc2bcc755799c3c88d1857746a00db5a766a21f650bbd68954c5c43196bfe5fa
1648891617|2296595064136901143|1000000000000000000000000|0x84d7eb1ed1ba424b67f6f3fe3cd7a38386a28342|0x84d7eb1ed1ba424b67f6f3fe3cd7a38386a28342|0xa85b11fbd9edffec23822587db43d5ada4d20722a20e9864870e7cbd9cc412c8
1648853827|512757753805040772|223270000000000000000000|0xa9a1b8c4ee2cf76e8b22c5dad3976d269e4050e5|0xa9a1b8c4ee2cf76e8b22c5dad3976d269e4050e5|0x6c58f2848a8433c8a1c32188955fb01e1e166eaf9ea93cc09ad4cbdb5f912862
1648800072|200339407063318010|87235031504000000000000|0xf478852b79d6baac6c6d33f8845e8d50ca7252dc|0xf478852b79d6baac6c6d33f8845e8d50ca7252dc|0xd86f1c5ff5f0564e65d21f5c408ef2492b8ccfc80c71a48e0c8b3733c6099e5f
1648774654|192877523743676654|83986000000000000000000|0xc49e5aca52cd7f869ba5d4f0274669d4838f815a|0xc49e5aca52cd7f869ba5d4f0274669d4838f815a|0x2652fb477421728a22b328c66255b89e308edd0910eccae3055994095e6b1b51
1648715851|754110445683579171|328379618624000000068234|0xa9903bda477b9a57bd795adff9922cb98db65f04|0xa9903bda477b9a57bd795adff9922cb98db65f04|0x990525ef2a14bb7b3099decafeb647737b95818729c8f2e71210402e25b42912
1648617208|204847699609903145|89203213045161670512602|0x199c719c83d8246559700c00fff8cde14182e192|0x199c719c83d8246559700c00fff8cde14182e192|0x2c0c861a5baf1cd3e15d948bb7846582ac93a60b696c95ac50377780908f14bf
1648539526|2296318481502301828|1000000000000000000000000|0x84d7eb1ed1ba424b67f6f3fe3cd7a38386a28342|0x84d7eb1ed1ba424b67f6f3fe3cd7a38386a28342|0xf8a19a5f8d4ce2ffca4047cfe3a80a91c0bdb269273ca33c42dedfcc540b9fc6
1648472722|2066599210347177101|900000000000000000000000|0x84d7eb1ed1ba424b67f6f3fe3cd7a38386a28342|0x84d7eb1ed1ba424b67f6f3fe3cd7a38386a28342|0xa59f18f53d622aedb45bbc58614da6d3760e657df5114a1c3ae40668aae9064d
1648433825|457935579940185150|199431000000000000000000|0x4b771e3421d4fbecc6eb67a26af77aca85ef2ac3|0x4b771e3421d4fbecc6eb67a26af77aca85ef2ac3|0x29a45a5d40f3baa23bf5f345fcc14ce9a12cdddda0e66c9ea4312a17fd01fb97
1647961116|26817003350925060|11606671440000000000000|0x04094af24cd5b200385306ace1658da5142544df|0x04094af24cd5b200385306ace1658da5142544df|0x8b514d76f4fd69975f405a4cf27dc8a1946c9f08160de137322e48379126d725
1647937679|37543792363616903|16249340016000000000000|0xfa321054f3e58a90e2949bf14d5d32cbe5b96e72|0xfa321054f3e58a90e2949bf14d5d32cbe5b96e72|0x98ac1fb1702a22418568f5fb7144e2eff07f8cc19ef002bdb034a479b0aa9b32
1647925994|1386260836179584646|600000000000000000000000|0x84d7eb1ed1ba424b67f6f3fe3cd7a38386a28342|0x84d7eb1ed1ba424b67f6f3fe3cd7a38386a28342|0x5b3ae3e792a90704c7c0df91cc3bb2c430610af3a48abfa7e4a88ccb9bd4c03d
1647913040|1848317909319146307|800000000000000000000000|0x84d7eb1ed1ba424b67f6f3fe3cd7a38386a28342|0x84d7eb1ed1ba424b67f6f3fe3cd7a38386a28342|0xb5cf958665c1e49d16357d91d6ee3456cd42030b4dafe593e71b1f1d6bb159b6
1647912438|11551985766736932|5000000000000000000000|0xfcfa4369eaa965ac4e36f1dd9fd2852c6542b0f7|0xfcfa4369eaa965ac4e36f1dd9fd2852c6542b0f7|0x9cd321a7a67c3fbf3b57dda78c241ecf6f90deb114bac43bb419b2a0b48cb2d1
1647873770|2310348565485285914|1000000000000000000000000|0x84d7eb1ed1ba424b67f6f3fe3cd7a38386a28342|0x84d7eb1ed1ba424b67f6f3fe3cd7a38386a28342|0xc2df114f3282388b50c130c91a34b8df391a8df5d84bde0c94d35bf19bdc6e09
1647844206|235129887438189704|101772682285403160151131|0x7c3f14075f6477fea1af6cf59f325afdfcd3ddf7|0x7c3f14075f6477fea1af6cf59f325afdfcd3ddf7|0x48461a1d19c1d40654b0cc55a4fb729778e95099b57cab5d03e9e2ae025a710e
1647834099|26974644925278646|11675600429600000000000|0xfcfa4369eaa965ac4e36f1dd9fd2852c6542b0f7|0xfcfa4369eaa965ac4e36f1dd9fd2852c6542b0f7|0x29e474af262ed44b5c5b02992d122a80d868d9274738a2bc3fd5f1e65fa664ce
1647727359|473147495447385490|204802479712923972576369|0x7c3f14075f6477fea1af6cf59f325afdfcd3ddf7|0x7c3f14075f6477fea1af6cf59f325afdfcd3ddf7|0x30b06f789110a54aff3bcc76ce76d4efa387ec9a80142dd3dc9e6d5e9b3ee4fc
1647707929|8916341708608881439|3859750249276495052744378|0x9e21a92ca45d634466d98a6a1a13f52c3e1b43fb|0x9e21a92ca45d634466d98a6a1a13f52c3e1b43fb|0xc34837400e886177b4fc72760b38359d046b8da3f1caea40a3f6e37d2f15fbf4
1647705129|2310035996263894141|1000000000000000000000000|0x84d7eb1ed1ba424b67f6f3fe3cd7a38386a28342|0x84d7eb1ed1ba424b67f6f3fe3cd7a38386a28342|0xda4ae9c6984c7c4136a55b8d80416ed09cac79442063de696afcee1a08c53599
1647602301|1600811562028863223|692996828203226867426799|0x3443d0a6956e7e0a13cd1c54f6bef24b0d54f420|0xb657f1bcf733f96c2aa47b9d5ef95ef012267a81|0x24a050c618c8f39adb9b2670aa3b71637e32e40ac554f499742d1262c4b38a55
1647565757|2627439579478719263|1137453801120000000000000|0x6cab32c4882d9fc5bd7ecf8b681c5ca3bdf6e0fe|0x6cab32c4882d9fc5bd7ecf8b681c5ca3bdf6e0fe|0x80c898989289e8e933133c5d109b25f5a5de25112136581a0325e1dda1b54f64
1647513962|10724138312545807|4642668576000000000000|0x826dc4625ca67c6c3436b21f468ca3d66a13b010|0x826dc4625ca67c6c3436b21f468ca3d66a13b010|0xb33be9df82eb828c968032b8637e8873025983e5f5730469ee3474b1d1aa9650
1647500933|1651258122887166979|714873023577159086774800|0x06ac16ff8caa7c7a4d66f506a4c74d4da9e8569e|0x3af4ea5614f21e23b2398a62e1e20fe3d8b2fb7f|0x1945c34dca7a2f45d34ca79a212d5750103f90bf8450e401ecbad44acedf988f
1647481628|700563047802276980|303294000000000000000000|0xbce7b0a0fb13699cd54d7d81a36a5211eb019cf1|0xbce7b0a0fb13699cd54d7d81a36a5211eb019cf1|0x1fd607bc5dce9bcd339c31989c71c1a048307d26f3154b143a6edb1c9b489d85
1647323450|448102902774879784|194000000000000000000000|0xe58d3828c9ee9d6df2379a275b28aac0322a05a8|0xe58d3828c9ee9d6df2379a275b28aac0322a05a8|0xc6934e7ad308586509d5b14ed793079e20a07d414a984357b60832e4fc0e4ff1
1647296172|508140754702020160|220000000000000000000000|0xbd9d1d31a6a451f7a8ec61fc5fd491fd59d5f489|0xbd9d1d31a6a451f7a8ec61fc5fd491fd59d5f489|0x5410d5323022244d46816f6ee74a3635035d88167bb024f70e30386fbda5e40e
1647279336|657699819046357872|284753363796527100000000|0x7c3f14075f6477fea1af6cf59f325afdfcd3ddf7|0x7c3f14075f6477fea1af6cf59f325afdfcd3ddf7|0x85f70b3db92cadf4ac1934b78c420ec11339c22b23cb14041738294eaa279ea5
1647257711|101627478727588310|44000000000000000000000|0xb781aebdd133e14ce6e8bd4076ccad06035dfe56|0xb781aebdd133e14ce6e8bd4076ccad06035dfe56|0x8dc1065ef977b678e5071521e534892b76e2ffc5163e2a462635b8900dd8a7db
1647230550|2936832948013745619|1271545420960264578753058|0xc0d02d63a607c089e8a4534f22efae1d6235f9da|0xc0d02d63a607c089e8a4534f22efae1d6235f9da|0x461bd9cacc16d09b19d68df4583e4e1532c9781cd82fc73b9924e4dd741edf72
1647222968|69289648518806660|30000000000000000000000|0x6b829b77993c8fea4296f5085341162bb7138c9a|0x6b829b77993c8fea4296f5085341162bb7138c9a|0x230d1ea364c8e135f929ad78b5ab7456470d26345d64174ac5af01bf5b02833f
1647190319|393673922167486629|170517366863827130000000|0xaa2363a2416b2edb9ba43acd15dcca193d35eaeb|0xaa2363a2416b2edb9ba43acd15dcca193d35eaeb|0x7c4e9e439d9d83bcba73f8afdd39fcfaff86c4c2ed9ab81bb022ac3e4ca9d6ef
1647183719|1385204965130509948|600000000000000000000000|0x84d7eb1ed1ba424b67f6f3fe3cd7a38386a28342|0x84d7eb1ed1ba424b67f6f3fe3cd7a38386a28342|0x37d8822e07fdccbc5943304a10874a96cb1582588bc9f5bf30b0219f29fa9a61
1647178243|1061980101062748463|460000000000000000000000|0x84d7eb1ed1ba424b67f6f3fe3cd7a38386a28342|0x84d7eb1ed1ba424b67f6f3fe3cd7a38386a28342|0x4d276401045a442fe281ab62fe2723b1ceda2d94a7b9aa41cb05ac67ce7e04dc
1647177361|1061970281134525615|460000000000000000000000|0x84d7eb1ed1ba424b67f6f3fe3cd7a38386a28342|0x84d7eb1ed1ba424b67f6f3fe3cd7a38386a28342|0x5bd6f5d50b12078736bd74c052dc3271be7840f98bf5a0efebd1fc1596a60c8e
1647163795|450021995335240455|194931000000000000000000|0x849a2bda720e3657274d9448d9043b0987773a44|0x849a2bda720e3657274d9448d9043b0987773a44|0xa7b596dd85e8d130232a6ff88141af2dccc4b921dd7a761cd0827284bf360103
1647163557|641189896937235459|277738614399822200000000|0x7c3f14075f6477fea1af6cf59f325afdfcd3ddf7|0x7c3f14075f6477fea1af6cf59f325afdfcd3ddf7|0xadab4a37f43fe671b5cab97c06f0588fffa709bedda8c6731321d156fabfc43c
1647129131|535902849981929403|232133428800000000000000|0x33d43c86b8e63e3541eddb3690b6f274bd2f61b8|0x33d43c86b8e63e3541eddb3690b6f274bd2f61b8|0x9b290e2ee556355db7929fb3b08393d875f5803345b5134ec80be2a1d809590d
1647097817|61904371846111161|26617761597840113621477|0x1684c382352fa8992e2d12264b08cbfd8e06b7b1|0x1684c382352fa8992e2d12264b08cbfd8e06b7b1|0xa6e2ffe208d7634e6f36f404dd08c0139a22547f9faca07dcd8c323fae843279
1647097334|834944334338537118|359013570477000031981298|0x06ac16ff8caa7c7a4d66f506a4c74d4da9e8569e|0x3af4ea5614f21e23b2398a62e1e20fe3d8b2fb7f|0x8fcd33ef91dc80cb055400490b74b715d81c13ce0a402bfccae50a78215acf2e
1647093228|841301925299765654|361749868604685354187310|0x06ac16ff8caa7c7a4d66f506a4c74d4da9e8569e|0x3af4ea5614f21e23b2398a62e1e20fe3d8b2fb7f|0x8f8e430e62ba1552c73ff3c01785435bc0631b1e305967d6c38f51a3ecb70dce
1647092911|132695793501238999|57057685760000000000000|0x727b7565a8169699755e39b8b100eefe423aef90|0x727b7565a8169699755e39b8b100eefe423aef90|0x258a016edcda35deb96a6b7e27b0e7aa0bb16b4051a574b210482533074a58dd
1647090757|1701357975509616734|731575378175958886999879|0x06ac16ff8caa7c7a4d66f506a4c74d4da9e8569e|0x3af4ea5614f21e23b2398a62e1e20fe3d8b2fb7f|0x3cf56f72057d9e1f2f0b64e0cb07331e0b3e1f063fe94f3eb656373265440962
1647089986|642259759257111697|276170000000000000000000|0xdd691056347cee823c1be4ad271c21a2476fb91f|0xdd691056347cee823c1be4ad271c21a2476fb91f|0xac6cf82753961ce5244cda4ec0854a747c1d264da57f01e8f4e76944ef224c74
1647089560|800533506204233505|344229672398026795643809|0x3443d0a6956e7e0a13cd1c54f6bef24b0d54f420|0xb657f1bcf733f96c2aa47b9d5ef95ef012267a81|0xfe166f4fd1b67df36d1fffd12468ed37014ec19fef44bb9d1203e57c3b2f210b
1647089292|453325784224198093|194931000000000000000000|0xbd9d1d31a6a451f7a8ec61fc5fd491fd59d5f489|0xbd9d1d31a6a451f7a8ec61fc5fd491fd59d5f489|0x50edabb14817531d7a18836219c23311e5c9f910d4f0c315dea22b5c603c046f
1647088237|400591617079801057|172255797613768295655062|0x3443d0a6956e7e0a13cd1c54f6bef24b0d54f420|0xb657f1bcf733f96c2aa47b9d5ef95ef012267a81|0xf9be73c8b0c44d2a751c3b5f7adcee1abc046500a49b4e4009132dae85c845e5
1647088237|410954095029383688|176712326250425974443289|0x6510438a7e273e71300892c6faf946ab3b04cbcb|0x0119ced3d1324d9e80b6a3d93ac7afd1bab2564b|0x7c1319644f817f4221fa523781cf79c53d0b6343689342ca34bdfaa7d244183d
1647086877|814576189612710552|350274318153414848822701|0x06ac16ff8caa7c7a4d66f506a4c74d4da9e8569e|0x3af4ea5614f21e23b2398a62e1e20fe3d8b2fb7f|0x800e1196059efacce436232e5efb3aba332c2a5f6bd55ae0285675ee96d522f0
1647085123|800485521638633550|344217595436451603940449|0x3443d0a6956e7e0a13cd1c54f6bef24b0d54f420|0xb657f1bcf733f96c2aa47b9d5ef95ef012267a81|0x808ca16d3106d4faa02d63f29bf32c903c07c27e84dcbf9b614be2d1026bcb33
1647084200|41414167389431614037|17814914664614730651243498|0xb4aef20183f6da0df05506965c46f16514bc434b|0xb4aef20183f6da0df05506965c46f16514bc434b|0x68dc89023d55dc0dccf0d2d3d1d183a0a64a0e6b7a16463a692643fcaf0890fa
1647079832|412920150104759424|177624318794852609943669|0x06ac16ff8caa7c7a4d66f506a4c74d4da9e8569e|0x3af4ea5614f21e23b2398a62e1e20fe3d8b2fb7f|0x8788522daaf5213ba55c4b9c82890211dbfcdcf580f113065719beacb93658b8
1647079081|170182845395728503|73207025776000000000000|0x43640518b2a25d2df9aab2be23ecc7e2e1ffd726|0x43640518b2a25d2df9aab2be23ecc7e2e1ffd726|0x698e85e4bcac9d1a7774c4a4a516696dbe3990e5359f354552fe0b222ef545d9
1647078184|411746094809519268|177120163129938232113332|0x06ac16ff8caa7c7a4d66f506a4c74d4da9e8569e|0x3af4ea5614f21e23b2398a62e1e20fe3d8b2fb7f|0xb9fd90b441eed5f00a6896df64d71ea836c8065dde25c5e5c3bdcdc072754bf8
1647075581|800512237540572914|344357439039271308443649|0x3443d0a6956e7e0a13cd1c54f6bef24b0d54f420|0xb657f1bcf733f96c2aa47b9d5ef95ef012267a81|0x2801fcdfd14622df962116abe172991f248edd4de0e54507852aee32d0027f83
1647071971|1244947621892457941|535546526033705333132326|0xc0d02d63a607c089e8a4534f22efae1d6235f9da|0xc0d02d63a607c089e8a4534f22efae1d6235f9da|0xb199f7d108324a20ac0a07a6d9042bdbb8928b5580f91817a09260097bfb9ac7
1647060353|790368912810243534|340000000000000000000000|0x3f5d2058971dfd0103e3bf5e423620b5a42db357|0x3f5d2058971dfd0103e3bf5e423620b5a42db357|0x491bad657026b1fa14990a9352a17fa43c4eefd554bc874457f0eecb53b97b13
1647057536|820456249098178319|352945416430811464865882|0x06ac16ff8caa7c7a4d66f506a4c74d4da9e8569e|0x3af4ea5614f21e23b2398a62e1e20fe3d8b2fb7f|0x732a51dbeff0ffce8effc247b0ef7c5dfa063622ab01d99a72ba4544ebdf02c2
1647052198|78674433795748232|33844342880000000000000|0x2ede0ccebfb3bf307dafc57ff700183391620a69|0x2ede0ccebfb3bf307dafc57ff700183391620a69|0x312299830cb9ea51b24140afe3882001f7330149aac0b95521ce53e9a8ce2978
1647022377|834088103177629453|358812438078920155436154|0x3443d0a6956e7e0a13cd1c54f6bef24b0d54f420|0xb657f1bcf733f96c2aa47b9d5ef95ef012267a81|0xe0501b46055ed248f8fd0c89eec9d85e88a5ed04c50b717d7222ab13332d20f2
1647022355|1600941651250089298|688711000515045204574369|0x3443d0a6956e7e0a13cd1c54f6bef24b0d54f420|0xb657f1bcf733f96c2aa47b9d5ef95ef012267a81|0x822ca3a9023b71c95478f8b190f085a88a59f760153f3a5de61fe998dea7c1a0
1647020142|441662414895961492|190000000000000000000000|0x4d477f1aabcfc2fc3fc9b802e861c013e0123ad9|0x4d477f1aabcfc2fc3fc9b802e861c013e0123ad9|0x44f23085a16168fddaf4786f305c8cf4a2404874ac8284f0cfe9dd6ee1f7a9e9
1647019244|30108198767484209|12952334288000000000000|0xc88eb6c8a25e9cd671d04f93793a27621abfa998|0xc88eb6c8a25e9cd671d04f93793a27621abfa998|0xaeae0f3574c3ddd1b54dad3e472a40ef80ea7ba3523b432d5af629f9b45cc586
1647015282|844993590704684583|363512899189411727612226|0x6510438a7e273e71300892c6faf946ab3b04cbcb|0x0119ced3d1324d9e80b6a3d93ac7afd1bab2564b|0x56f0dcb612001b6f711cff78526b6e390b7a8681503bed7494147a0219721d0e
1647010916|1187427559822077968|510831829349329035937250|0xc0d02d63a607c089e8a4534f22efae1d6235f9da|0xc0d02d63a607c089e8a4534f22efae1d6235f9da|0x1a79ae1757ba6993de54e2052a504d57de2d404f6601b130beb32ce3276aedb8
1646852910|2417366781802065843|1040000000000000000000000|0xa9a1b8c4ee2cf76e8b22c5dad3976d269e4050e5|0xa9a1b8c4ee2cf76e8b22c5dad3976d269e4050e5|0x22d992b8f89bb6a5443fe962a526404ae9bacd99c02f4270ba0b16e99419ca99
1646142142|125110815366133827294|53900000000000000000000000|0x754f37225ce0e30639093af47c16ef057b544b4f|0x754f37225ce0e30639093af47c16ef057b544b4f|0xf64af0f5070b1ab457e5101a1a3342f7adf384659b32ea3f26151e863d86d70e
1645347163|79770337242563086|46426685760000000000000|0x19eade6e4e5cf16fe0b15e47c39ab565fb8e734e|0x19eade6e4e5cf16fe0b15e47c39ab565fb8e734e|0x74e06180e6316c8e3c62f51b7dbd2f51ba38e01271d7239579d980246836caa8
1644907147|386858944831965954|225169425936000000000000|0x84ec1383256f38a4a4f0fc2b4a15eafa255046d3|0x84ec1383256f38a4a4f0fc2b4a15eafa255046d3|0x669f82790b6454580437f4ef85d01c5c7d5e2977aedcbe2ab45f66f8929d03ce
1644838776|19940747198600377|11606671440000000000000|0xc4effb48ea02f061d6ca9595b644cd1745a9935d|0xc4effb48ea02f061d6ca9595b644cd1745a9935d|0x86a403b20ea57df0df0b5bdc5c46a10f0d84c40af94d6adbcd19130e1f7faa29
1644550850|8641973988606616515|5006835619769207232216459|0x76a7b3898d598f400d51f00956687b3575c65b45|0x76a7b3898d598f400d51f00956687b3575c65b45|0x196b46de464a0e99b6133bc78ade33d434b71e181bfedc5e53f5b844e033fb86
1644357159|1810800361047713|1054403602862400000000|0xc2b79f0070e7983d1cb6a978321e50b12046e104|0xc2b79f0070e7983d1cb6a978321e50b12046e104|0xd89dca04f59c09f264811dca00e517f605888014860af1a6f06f859a44e275ed
1644226305|8937884645783256|5272018014312000000000|0xb40c1607546ad6344b18eca9cdfd8cad175c91b3|0xb40c1607546ad6344b18eca9cdfd8cad175c91b3|0xed013892399dfe3c91e8a70434482269c4850a8f0641fd831c3b38209384697d
1644135119|199406436336558270|121256414329176000000000|0x651abaf1ee12d3f5c6c8c1280736d74eabe36c8c|0x651abaf1ee12d3f5c6c8c1280736d74eabe36c8c|0x982f42c85c456d2ac4be0a34b25476eff460bbda04ab34e5bb8402d6246ad91b
1643983756|56402777197256648|34820014320000000000000|0x1263996001a0338dde65da49ea020e6a29621c63|0x1263996001a0338dde65da49ea020e6a29621c63|0xef6185790138c8adc28f58d6c02f27b9889abf179bd7447d8dde1c604e6414ca
1643977451|18681822263592903|11606671440000000000000|0xe34f24484e8f4aefae783314b704a9a056a153b0|0xe34f24484e8f4aefae783314b704a9a056a153b0|0x3224545faa4b264e2350a2ae0acd78fe2bcc7f88b8e1d4263f4e9f4dc1d9238b
1643976196|441980866925389721|274604000000000000000000|0xdc66f4759f4bf0184580e26a4de697c8fd972810|0xdc66f4759f4bf0184580e26a4de697c8fd972810|0xe63ac141b82ee2b0c49aabd41fed1d3bff033becabc6d6a99821f315e2215f94
1643886224|1284225190997261135|800000000000000000000000|0xed35dfbd84f62d72689dd37dbd306df6c898b6b3|0xed35dfbd84f62d72689dd37dbd306df6c898b6b3|0x2231f8789d8c2551ae9c87a230f6c3eeee08be6ac07dd628dd133160f9196c5d
1643264478|12981668967023886053|8000000000000000000000000|0x1edef7093f7ab37be845e642ddedb06104ded5ed|0x1edef7093f7ab37be845e642ddedb06104ded5ed|0x7ffbf3a0bece7ff09a7e3048c0cc36644b99ae10070fbf9fab36f72e2491f24b
1643184629|428471736907975453|264060297429302817398263|0xca8ef265e8da7465c45bb37796fa6c05daa61436|0xca8ef265e8da7465c45bb37796fa6c05daa61436|0xdfb15f8f32b5b232db1ab68adc91867812d83983ace30dfaa97b28c0528c6804
1643184426|407803647849114216|251330809748664250042835|0xca8ef265e8da7465c45bb37796fa6c05daa61436|0xca8ef265e8da7465c45bb37796fa6c05daa61436|0x131043e47fe8e825c2f9708c9d3540e3c1fa884987d40e8365292a1e3c98d6c2
1643183859|1655643705540321502|1020509636414197279311690|0xc0d02d63a607c089e8a4534f22efae1d6235f9da|0xc0d02d63a607c089e8a4534f22efae1d6235f9da|0xe9a56d28166b831d83dcbd62588d8a88f7eb36e98af630fd3222ccbba77c3d35
1643181670|7527740844771695714|4642668576000000000000000|0xb68b790d117a1c24081a090ffa25f62ae379b532|0xb68b790d117a1c24081a090ffa25f62ae379b532|0xc9e343b1e0071ddbc8fb8e7136ca30bca9857fa15aadde18219e0a3fff9e7fbc
1643157729|100527595877385437|62000000000000000000000|0xed35dfbd84f62d72689dd37dbd306df6c898b6b3|0xed35dfbd84f62d72689dd37dbd306df6c898b6b3|0x710a61f0e445788e758fb9842b8ec24e3a8e1bf113eb8e3ab4519bba1a62f5ec
1643062718|1394332988805153995|860106686265490337708943|0xc0d02d63a607c089e8a4534f22efae1d6235f9da|0xc0d02d63a607c089e8a4534f22efae1d6235f9da|0x29f704a984977cb26bc4d46a446eb461d263a84b341bbb105857d2af79d8280e
1643062117|363792901670268250|224415183794461785854744|0xca8ef265e8da7465c45bb37796fa6c05daa61436|0xca8ef265e8da7465c45bb37796fa6c05daa61436|0x708d4f1f701ef52ed503c394c80f28c846cc1830212861e58d811355bc521734
1643061387|291323486413874298|179714567088725821509346|0xca8ef265e8da7465c45bb37796fa6c05daa61436|0xca8ef265e8da7465c45bb37796fa6c05daa61436|0x7c1c06c8c6391595f78ba675623853d74fcb61e3849842f2616efecc7e33b9d1
1643060693|262766111902606037|162101093687905022075107|0xca8ef265e8da7465c45bb37796fa6c05daa61436|0xca8ef265e8da7465c45bb37796fa6c05daa61436|0x9bfd761036e49e8e27224b43639db6433dd9c8c6b6a4009d9e900d52bce8c2dd
1642965121|124173741541653534|76604031504000000000000|0x4f8ee6e6ce4e3fd2dfdbdd011664fe257a67f47d|0x4f8ee6e6ce4e3fd2dfdbdd011664fe257a67f47d|0xaea4e34bd590387041a520f4f4e9b5e781cd5dbeb7c160b57b08407bd5f28a33
1642505186|292971832633131300|180881000000000000000000|0xbbcab6404e9f58e76eed6a0d09d6fbf3451a416f|0xbbcab6404e9f58e76eed6a0d09d6fbf3451a416f|0x0b4d563a8bd17dca3e4b177b90ad70aa4f9b55d1abda992b78e37dcc08959494
1642144415|16129451757553278442|10000000000000000374612802|0xc4438399d8a212ea8a5ac27a52effe85355b715b|0xc4438399d8a212ea8a5ac27a52effe85355b715b|0x90ee882ef1b256715decf7ea6a0637f01abade2e0cf1216050136cc19c52789a
1642079995|187195572298768048|116066714400000000000000|0x30d8d56bdd17101bf1bff58cdc0bedb110616d3a|0x30d8d56bdd17101bf1bff58cdc0bedb110616d3a|0x18cda92b37a8a816b8a2e27ceec156954c2d555d4f5d62ebbfd5cd9c5379abb1
1641902924|4199114647744392674|2611110999999998000000000|0xc4438399d8a212ea8a5ac27a52effe85355b715b|0xc4438399d8a212ea8a5ac27a52effe85355b715b|0x49cd8c3ec6071fa8c36db8178ace08babb598472dcf09d31e298a0ffe757d417
1641895823|3732011400719586875|2321334288000000000000000|0x8c913aec7443fe2018639133398955e0e17fb0c1|0x8c913aec7443fe2018639133398955e0e17fb0c1|0xf7c1c745fa5f40b4fcac880f753e7429fe7a969bc99e10b8a8356dbb73a978d4
1641724726|5445832264279954894|3388889000000000000000000|0xc4438399d8a212ea8a5ac27a52effe85355b715b|0xc4438399d8a212ea8a5ac27a52effe85355b715b|0x5c91b3cafb3522e2e102ee66245b54e7cb2067c1e224980c04d6712766c5e431
1641724613|5443511247116219615|3388889000000000000000000|0xc4438399d8a212ea8a5ac27a52effe85355b715b|0xc4438399d8a212ea8a5ac27a52effe85355b715b|0x86b7d10fb27ddf20f487e166ed163b114ac154ae0d2777436e6d89f695387c85
1641539832|339024275350644163|211111000000000000000000|0xc4438399d8a212ea8a5ac27a52effe85355b715b|0xc4438399d8a212ea8a5ac27a52effe85355b715b|0xc5e7fc58d6fec5595eae3aa5b00dad01d736e840da05a75d245eb16fb34f2352
1641296974|372763270094917097|232133428800000000000000|0x614c3ce52760343fccb7d908eda39f114620a1e7|0x614c3ce52760343fccb7d908eda39f114620a1e7|0xffae9e639ad4d2626e3a77667f002a351a63ce78611cf3bf77f7ed191e5c53a7
1641276969|82835228064261329|51585206400000000000000|0xdb6b0c7851811d67dc771133fdbe695f79533da2|0xdb6b0c7851811d67dc771133fdbe695f79533da2|0x20138b49e751aaf712b4cf7a87951ec51ad60ee2c07af03e1df39ea4b51b1c58
1640970993|10174477421008795930|7369231506127097000000000|0xc4438399d8a212ea8a5ac27a52effe85355b715b|0xc4438399d8a212ea8a5ac27a52effe85355b715b|0x3d405689a5b3cc809da142c914b72345fa19cae1eeb53613ab2c7c8eabd2a8da
1640743163|13802964548005|10000000000000000000|0x4f6ed4ca937ec94c9ee27148f0bfac145ffc966d|0x4f6ed4ca937ec94c9ee27148f0bfac145ffc966d|0x85f0ab3f59beb2ae53d503218d8ddbf866acdf45c360c9be1c3ec35e7ca5a321
1640409253|28831577832799683|20892008592000000000000|0x317379256fddcb3ec5a5eb00b044fd9575038b7f|0x317379256fddcb3ec5a5eb00b044fd9575038b7f|0xe3b86e1291856b56af688ef64665acf179104d5e6de835294791b2d5283cd60d
1640396944|9171405533912013369|6653203723200000000000000|0xb42294161e0987a6a4b077c60fcdec358f3d48f3|0xb42294161e0987a6a4b077c60fcdec358f3d48f3|0x37741a054fe2515e491db037d2a941a99d85adb88162d1da96c4dd6294093b03
1640261847|125269133478933501|90880237375200000000000|0xd3633562e22f785d38f2e70f4826ec1474e74f21|0xd3633562e22f785d38f2e70f4826ec1474e74f21|0x110086b2db32d062cb2c69f2c54e8bf76ab81008f893a27d3af4ca7d322649b9
1640184069|127985309950297854|92853371520000000000000|0xfff8e09803c7a365a45803d41388a871a01ecde2|0xfff8e09803c7a365a45803d41388a871a01ecde2|0xdbea26af63cc11ec062157228ed783a4068d527b29bdb5bd8c6b9a6b53852c0a
1640168609|17560571802575358043|12767338584000000000000000|0x3cf08d6a9436a1798c18d24a70f5ad0bea31775e|0x3cf08d6a9436a1798c18d24a70f5ad0bea31775e|0x6abba210eadba95b1d7a8da9470ca8a6a83e9c525796ec80f9343343a5e5832c
1640162490|23626883795072895|17177873731200000000000|0xccc0a85779662a384b232655245564d12aa5688f|0xccc0a85779662a384b232655245564d12aa5688f|0x0c105b4fd48a4447fce49a254174fc217e857542339f0181dbb54f807f11ac73
1639953289|622533431831573972|452660186160000000000000|0x6ae9d3a856a5d8be485e3badccb7e31a30f03e02|0x6ae9d3a856a5d8be485e3badccb7e31a30f03e02|0x15763106d338a5c70bb6478120e9341ef21e7183701042d65e03a675445752c7
1639854268|288143249093630|208920085920000000000|0x60c70950c88646e2dd631a7d31fcc4457a83f898|0x60c70950c88646e2dd631a7d31fcc4457a83f898|0xc9d939ae081f5d1861af54b3007c7f48203dd11dda461c88ceabc3e867cc9c3e
1639554374|368059015217930192|266953443120000000000000|0xac8c93fee9d95e4379367faa99c86e505d5c4ef0|0xac8c93fee9d95e4379367faa99c86e505d5c4ef0|0xc49ce1ba61067e7ba5980a6ba92bf4bc221b892e40377a549d1dcc086d836b52
1639550491|12802020859649926|9285337152000000000000|0x2c4ea364704c24156a76e207a949943b05cba88e|0x2c4ea364704c24156a76e207a949943b05cba88e|0x266da9077a5d3688e593fba255be42b710addc53bf1dcd26d4b7a8965901b95e
1639263704|63937901109675952|46426685760000000000000|0x0e03381bedf8c6a55cc0c5be844e0d24a7e5f54f|0x0e03381bedf8c6a55cc0c5be844e0d24a7e5f54f|0x4f3380b0aa11b7fa38f9eb86fd43102104eb31d93ef9da1b48feda3aff0f5bbc
1639214799|53030720476725514|38534149180800000000000|0x23d941e2d0153ae97c449bcf0571cb01a56aa7c6|0x23d941e2d0153ae97c449bcf0571cb01a56aa7c6|0x033fd6dcb8522e6bfc9960af588c86242c0662f132ebb39fe2f10ea881b0f7d7
1639043209|1004031374360658892|730000000000000000000000|0xc4438399d8a212ea8a5ac27a52effe85355b715b|0xc4438399d8a212ea8a5ac27a52effe85355b715b|0x4177d245a0bda186738fc8352ba581062900a86cc2ca76faed50a1513f9e426d
1639038869|15963600669245802|11606671440000000000000|0xcda8d8ae8d09396628b8d042b9919a39470e64b6|0xcda8d8ae8d09396628b8d042b9919a39470e64b6|0x6a802947ac92ea168205d88f3ab529ea976bd469432077c84147fd29610b2c1f
1638918186|143664829810586944|104460042960000000000000|0x9b82cffdc1b8a3c79de7ea0f2df7733f31a6a060|0x9b82cffdc1b8a3c79de7ea0f2df7733f31a6a060|0xed87e88e265681e6bc236b726da7ff91d05fc030d726ae0585aaaf518615e165
1638900144|15962661140431697|11606671440000000000000|0x0592592eb6a3c0e955bafab0388f0032242d2293|0x0592592eb6a3c0e955bafab0388f0032242d2293|0x321900efbe22b4d08bb6d41f08bdaf8ea7fe6018894d160aee8b8f19d62f40bc
1638800549|159618316752718364|116066714400000000000000|0x8d88f384fb251c08805944f0c31e52a2277b530b|0x8d88f384fb251c08805944f0c31e52a2277b530b|0x992a3d815e4f7862772d6e930b48dcd950614ed79d4504b1af283fe81d907d57
1638792826|77103701654994261|56066714400000000000000|0x1415f4f436ee87cd1e839f281ba248794d33e921|0x1415f4f436ee87cd1e839f281ba248794d33e921|0x166d8ca8784258c1bdd0ac04657b99b736b37652a8e5b2f069caa1f4ed0382ae
1638790771|165022308056506453|120000000000000000000000|0x91953b70d0861309f7d3a429a1cf82c8353132be|0x91953b70d0861309f7d3a429a1cf82c8353132be|0x68b53b51173d53ab8367649ec6d61f2287bfdec7e2c3355cb0cead2c0a2c477a
1638781877|606485865301087453|441053514720000000000000|0x10b17a2928fede80bf36816b2454e01cb120cc61|0x10b17a2928fede80bf36816b2454e01cb120cc61|0xe8bb4d98c9cf3d344b5c1134ad554c3ef015754fad453cbef23a3a768b3a19fe
1638769025|63836674819998307|46426685760000000000000|0x7455e38bfc69dde3f106d974f1e44a43420deffd|0x7455e38bfc69dde3f106d974f1e44a43420deffd|0xdb0c13aeb88febc4f5b0f4bfb576e004dbad11dcd9a1ea915508d85dec434ec9
1638631323|284375507331641778|206340825600000000000000|0x390bb9ae7349bc57c436d74898f3e1d9f0564ca7|0x390bb9ae7349bc57c436d74898f3e1d9f0564ca7|0x3ed819cfe9a51a8d02eee36d442f1d14a187f8682135b58fed6c9f6c54fd6910
1638504310|31896489239724680|23213342880000000000000|0x3916403885d2183ec4f1ac96226b65f527454d36|0x3916403885d2183ec4f1ac96226b65f527454d36|0x8893d02898d24717fc945c406224182f638e779bb657bbc623052cbeac057222
1638353434|468240564537171155|340989226971788304000000|0xd8a667312d5260f12a306ae7730c754d938da86c|0xd8a667312d5260f12a306ae7730c754d938da86c|0xd870af41887846e99f981c072dbc0fe68ed782521c8f52bf54a15c59b6d47be4
1638244435|3184455023598127|2321334288000000000000|0x3fd24ca08cdf772e803183e4fcd5725481b65d3d|0x3fd24ca08cdf772e803183e4fcd5725481b65d3d|0xf185e8bb2d230c3e9a36acac630dd9d8e52f315a387736d023f6c5956522c81e
1638105518|11049415294522416|8124670008000000000000|0x4cf81b02fb8a2e20e92a5ebf3c4f6026790ea0ad|0x4cf81b02fb8a2e20e92a5ebf3c4f6026790ea0ad|0x2c392f7119ff29983e4dcc931d4737693224662dd7339ba8f5b1403deeddd824
1638102486|25232989520026059|18570674304000000000000|0x100c3bf43808308034392efcecd3294db56ab2c9|0x100c3bf43808308034392efcecd3294db56ab2c9|0x845ab0384a067c301f9fec78cdba55c3906282c090fde73475ea884e6178fb6c
1638085778|31101432028220914|23000000000000000000000|0x1be3c4ae102fab4c087c7b5e71e31113dcb95bf4|0x1be3c4ae102fab4c087c7b5e71e31113dcb95bf4|0x06b8ddc845ec38fe3fe864e19d5acb9a20e12535288995b885cfa7e2de009934
1638075489|31365064294224472|23213342880000000000000|0x4586e1ba72417532289eac21c90585bcbe0290d1|0x4586e1ba72417532289eac21c90585bcbe0290d1|0xf7755161d96bf826ea8c901e86497fcee16c003d42e1c32dadfc9f79c1402d86
1638069211|31349756054970361|23213000000000000000000|0xbcffd59390635d978c5e4b1b5f64ff659bd30072|0xbcffd59390635d978c5e4b1b5f64ff659bd30072|0xa88b5d1952718c2484d6b0bec2cdcb79e9cdc33739dc78fc1fcf7a553e2bc254
1638024061|15583921415556865|11606671440000000000000|0x9f19a66307a2ffc00d03548f2a75903b1bebc2d5|0x9f19a66307a2ffc00d03548f2a75903b1bebc2d5|0x74ea2cbd4d8a837e7d641cc0d5f2dbd8aa03b50e0adb69ff70453c52589022ac
1638022979|93479020677146432|69640028640000000000000|0x87105810e27ea15d7a2755a03dc14bc522ce74ba|0x87105810e27ea15d7a2755a03dc14bc522ce74ba|0x51d897a8f629011ce6128e4e7fed53f17ae266f6898ccad49756d285b2d04ca3
1638021946|73804809637413|55000000000000000000|0x9a31e15130c0fddb86441fa4b3aeaab77c4c6e50|0x9a31e15130c0fddb86441fa4b3aeaab77c4c6e50|0x8cfb50aa8b1fde2f5621ae615fffc7cd11b806321265fa0e83685db59d80b053
1638020359|93408462266277590|69640028640000000000000|0xc892eb27936e867a25f1bd7585156f69ea34adae|0xc892eb27936e867a25f1bd7585156f69ea34adae|0xd6ac28e04223b8d53e22e28bd1cc35c61fe72cf6037f09769bebed871a899dbc
1638015306|61962934376141706|46426685760000000000000|0xfac59b27182309f5d501fde1fecb54bd047c4acb|0xfac59b27182309f5d501fde1fecb54bd047c4acb|0x715d328111f5ad13ff03a1c27f93d4f38b7242b1998994a63da0b4f1f0824e45
1638010870|46060329534718992|34820014320000000000000|0xd8be19f1b4e9986cc8e94fb83d8377a050497d54|0xd8be19f1b4e9986cc8e94fb83d8377a050497d54|0xa048d96d6a5cd0bdd7b65b5fbf9c4f027943765d62531f9e91aa0bc94c337e3c
1638008792|15270312109488406|11606671440000000000000|0xbf7a102232a04c36b1f9f44d4c48224103885cc5|0xbf7a102232a04c36b1f9f44d4c48224103885cc5|0x847d07c7a1c452eb080ce2b837e3b92a75e12635c851d2a7bb646646bacc65f9
1638007815|60934916051310490|46426685760000000000000|0x97d8bb9f5e80220e9fe8e0a6afe843cf92036a53|0x97d8bb9f5e80220e9fe8e0a6afe843cf92036a53|0xce51ba77ec08747192997c73238cf56360410c61456d60008c5963af71d39a1d
1638006918|263616356110067335|201956083056000000000000|0x0e230f42969699b50bdea441a7c842d65a805238|0x0e230f42969699b50bdea441a7c842d65a805238|0xe5ff892a4d57d757189bb87d22e3197ef3322c710214cf5ab9c760e82ee169d8
1638006912|45450767845712440|34820014320000000000000|0x447dc392472e6319aa14264a2af2cb6ab6ca42ee|0x447dc392472e6319aa14264a2af2cb6ab6ca42ee|0x9db787d0ea0b1f278a4648bdc7115ebb30d46cf41070123aa22567dbea8e4484
1638006163|90680529140294542|69640028640000000000000|0x4cc932419d107480c99d17a75e69d7d98118aa89|0x4cc932419d107480c99d17a75e69d7d98118aa89|0xa5f390ee22b4d6a862bf3a0a58492e75083cdc7cb192b270537abe075fed0015
1638005333|90489651519149260|69640028640000000000000|0x430077bfbd9f8d07c541e3a81a6831f3307dd0b5|0x430077bfbd9f8d07c541e3a81a6831f3307dd0b5|0x188ed184f5b1929dd2dd19f202d22b25528626daf1c5f582b2ff062f92c0e0f3
1638004463|36082484235822325|27856011456000000000000|0x00abf079aae67275b4d1e3ab39d66213474c1d4c|0x00abf079aae67275b4d1e3ab39d66213474c1d4c|0x6e73e4a192e52d3a7b7ad6a19396fdeaeb9bcf001567a6503ef0d6272f8d23e3
1638003098|89835844342044186|69640028640000000000000|0x5471184c9bd6bf61b547a4c92fdd96dc0e7011d7|0x5471184c9bd6bf61b547a4c92fdd96dc0e7011d7|0x2db656d5fea12508fa415fb843590f35be7c06fbe476304d1e5b79a1e7759dea
1638003037|29943712040701566|23213342880000000000000|0xbdf115e1d046d7349a661eaa251d48608e3f939e|0xbdf115e1d046d7349a661eaa251d48608e3f939e|0x16275723a5a5cea81d41433b60bf8a42d8ce2bc5b5313acfe3f76f884d77ee2e
1638001466|88921039945036821|69640028640000000000000|0x777c7306bb9ebf96f7050bdab8777a86302cfd48|0x777c7306bb9ebf96f7050bdab8777a86302cfd48|0x51823f2074b1a1c51e4a33b172dbadde2d9deb258a24a3a2c2e07d2d2035ef7c
1638000808|14739699963152287|11606671440000000000000|0xe2f4711f617714e18af6ed3d7ba58923bfe4b238|0xe2f4711f617714e18af6ed3d7ba58923bfe4b238|0x9170d95932d6a6c7ba98f6f681ec23071b26a912c076af7a23fe6b32b71069ef
1638000129|143427887952872518|116066714400000000000000|0x762750144c60639601871376647182274bb104b5|0x762750144c60639601871376647182274bb104b5|0x8eb03f0837c6d38cbe9e381968d579b318ff3dcc440d79c2f3de242278cbafea
1638000067|28679303531400272|23213342880000000000000|0xeea66126f323560b8dd278f3cfee85a278e1680c|0xeea66126f323560b8dd278f3cfee85a278e1680c|0x4755cae7a4e88533785b585ae5d8fda4077fcc1fa94842ec3329f39fc9470b4b
1637999700|28532405482542894|23213342880000000000000|0xf5d20ef7c20bfa4166226f802d230c7336349974|0xf5d20ef7c20bfa4166226f802d230c7336349974|0x8effcdf6256db9ed45ff0a80a4b5cff34fea086f525e64a63ceb78de928710b9
1637998905|275143227486267031|232133428800000000000000|0x2b7e1458ee2c2894b8af230662e75dad7ce18727|0x2b7e1458ee2c2894b8af230662e75dad7ce18727|0x479bcc6fc848309812a0147165c0f5c0f883527c3c255b1aab27d174fa0807a5
1637998508|11761578162099395|10000000000000000000000|0x4e82634d8d392303a612b3c276e8874cdcafad1e|0x4e82634d8d392303a612b3c276e8874cdcafad1e|0xc80233d0ece0d8c1a011c611a6616924912cf45a93d087faa1a29d5cd0655e6f
1637998159|27228499861878471|23213342880000000000000|0x262e64184e000ce64a3b756a98f28c96a1ef33dd|0x262e64184e000ce64a3b756a98f28c96a1ef33dd|0x65866e66fc1d6eb2ac6f5e4ef8b716f782a4da119c5a101dc43a197a854fb8c4
1637997382|13415881113833020|11606671440000000000000|0x304f00d00efdfd17ef1028ab541ea514dbc63ee0|0x304f00d00efdfd17ef1028ab541ea514dbc63ee0|0x1c01b2f80de71b1486c871c079f4a5e211d52cd6974ee18103fe2cf1a40b3180
1637996959|26464080724963363|23213342880000000000000|0x4ab70e6072bc043f86856efdc8f30b2bb65bb5dc|0x4ab70e6072bc043f86856efdc8f30b2bb65bb5dc|0x9d9ce0703c3bda375ff09c8f3136c97b66f3ad0dd175ef70c81a3fc388b7d0df
1637995452|14900140841381276|14002864000000000000000|0x380349b535d2c3996c8f3a94d937813d6f8ff666|0x380349b535d2c3996c8f3a94d937813d6f8ff666|0xe52ba3a3e0906d9cfdd7e0e1b16daf11a3c5bef95847501eb9e740a8ac45a5df
1637995119|243117391408012311|232133428800000000000000|0x79ad707b43fcb774b6ad1628f00a80ecb71d9714|0x79ad707b43fcb774b6ad1628f00a80ecb71d9714|0x45cd246bd15a50af6c041539a1dfee82eed828d2bbe8100e527dd7611adb8c50
1637994049|228883400221933750|232133428800000000000000|0x0d9ec0ad66d54c4245fc8c3dc5f5263904054589|0x0d9ec0ad66d54c4245fc8c3dc5f5263904054589|0xfff697ba39daf34c23604458cd2b366bafae385d3637f01ae77a93243b75bb9d
1637988786|50215793359119331|69640028640000000000000|0xe0f351fa3ffdadcf1839649214602cdd985888ce|0xe0f351fa3ffdadcf1839649214602cdd985888ce|0x4497eff424ca2aeaadc0022c99ff3bacc3974019705130926740dd9dc31ebd48
1637987599|430632404211267338|615153586320000000000000|0xcf07a6bd547937b8b7980dcf631eb317b13ee9e0|0xcf07a6bd547937b8b7980dcf631eb317b13ee9e0|0x385858a8eec066de1dc48e5bedb85d6a10644cce4a6f7df7c3ef19e5ab90c464
1637450823|15471811821555649|25792603200000000000000|0x181c421a039ee6481e472b01ed56d161e29fc97f|0x181c421a039ee6481e472b01ed56d161e29fc97f|0xbb3cb73d3dc833ea3c06b99d750bc3c017a3dc52ca4dc6e6aa4e31d627b61eb7
1634933214|152999097824099366|300000000000000000000000|0xd657860fc512ec2250a7385a353f599e3276fddb|0xd657860fc512ec2250a7385a353f599e3276fddb|0x6cf1648748c3ec4f6b8f3d3923604bed93f2cd40bc61fb6d39c34743eae9f493
1634356153|228395992680015352|450000000000000000000000|0xe1c16e2278b5ed608eed8ce226594f51b52cc485|0xe1c16e2278b5ed608eed8ce226594f51b52cc485|0xe58fa063546edb2975f9eb866f967e25e5883b943519c8d1da32669e8fad6baf
1632048611|1253449267650223066|2430000000000000000000000|0x2a5ba6819249aa93c0ad8711a9f8058360083fb7|0x2a5ba6819249aa93c0ad8711a9f8058360083fb7|0x47636c754311d837e5c55cbbb2baf68acf765feec17055adb26cf5e81f874531
1631979879|927308814565362542|1800000000000000000000000|0x09b3ed5392df96c5691a5c3e793acb4dc47d089e|0x09b3ed5392df96c5691a5c3e793acb4dc47d089e|0x3411e07ab0675117af7f02fedfcccd4ac8a410292976c8a35cb260dd0e349c43
1631352938|11918442493235851|18000000000000000000000|0x1ae6912e08bb3e105a4f0a60f666376d3c7af380|0x1ae6912e08bb3e105a4f0a60f666376d3c7af380|0x8f4c3128945d4d685c254c14b3be8e52eec1239dbd9700d15924ba4d4bd557be
1631224306|125153578996311492|200000000000000000000000|0x0447ad1bdc0ffa06f7029c8e63f4de21e65255d2|0x0447ad1bdc0ffa06f7029c8e63f4de21e65255d2|0x99365f35b8012b15da2e4db2bd4c51a9b36d7dd20e7b20828da9e5c64a84191f
1629901655|125458024167284457|211770000000000000000000|0xf7253a0e87e39d2cd6365919d4a3d56d431d0041|0xf7253a0e87e39d2cd6365919d4a3d56d431d0041|0x3056db3c3b9bc00daf2537942453e270d12627a9d577e50f28717d96fffa440f
1629398689|6790042691039323|19631388000000000000000|0x4aa3045f7b28163541b2e91d77e4a3ef006abca8|0x4aa3045f7b28163541b2e91d77e4a3ef006abca8|0xe7710f17f77247211ce4f0756f03871bb3bce0d73f7d5094755646e97c65b2fe
1628971891|331372066684788939|1122690888000000000000000|0xf9107317b0ff77ed5b7adea15e50514a3564002b|0xf9107317b0ff77ed5b7adea15e50514a3564002b|0x1f2fd7fd43917741e5c5a9447d3be6bc36c8466ac8c90de797394df69e9b5def
