timestamp,amount,caller,amountFiat,date
1666042391000,0.21483018890508263,0xf7253a0e87e39d2cd6365919d4a3d56d431d0041,286.41274105659215,10/17/2022, 5:33:11 PM
1665977795000,0.001,0xc5841f47e0dfdbe48df5397b41d72fea84077c08,1.333205274902665,10/16/2022, 11:36:35 PM
1665976799000,0.001,0xc5841f47e0dfdbe48df5397b41d72fea84077c08,1.333205274902665,10/16/2022, 11:19:59 PM
1665815699000,0.0379430143353451,0xca6ed3fdc8162304d7f1fcfc9ca3a81632d5e5b0,48.403667283201344,10/15/2022, 2:34:59 AM
1665806567000,0.07317073170731707,0x044a0b7b06fc2a4b0c85ce31e00b27eb1217fa3b,93.3434471264486,10/15/2022, 12:02:47 AM
1665707375000,0.02934453636460734,0x60535a6605958fff6cec5b1e92892601efb3473b,38.07828045210104,10/13/2022, 8:29:35 PM
1665587495000,0.024390243902439025,0xaa2937eb4fa63c044b123387059d9aced8036333,31.567586619224812,10/12/2022, 11:11:35 AM
1665587423000,0.761189300487805,0xaa2937eb4fa63c044b123387059d9aced8036333,985.185276247813,10/12/2022, 11:10:23 AM
1665502523000,0.01167904,0x7a4963d6566837643272dce506d9a6467721fea4,14.947808344176766,10/11/2022, 11:35:23 AM
1665479603000,0.001219512195121952,0x22fea913fd7f729303bae66ef40a044c73ffadce,1.560833301886905,10/11/2022, 5:13:23 AM
1665369563000,0.05515483446193231,0xca6ed3fdc8162304d7f1fcfc9ca3a81632d5e5b0,71.20939521591114,10/9/2022, 10:39:23 PM
1665329543000,0.04484312357605835,0xf7253a0e87e39d2cd6365919d4a3d56d431d0041,59.294706034186696,10/9/2022, 11:32:23 AM
1665279575000,0.0975609756097561,0x823b92d6a4b2aed4b15675c7917c9f922ea8adad,129.00192733847524,10/8/2022, 9:39:35 PM
1665279527000,0.20435365143473141,0x823b92d6a4b2aed4b15675c7917c9f922ea8adad,270.21065266078705,10/8/2022, 9:38:47 PM
1665061523000,0.04878048780487805,0x14a2b07eec1f8d1ef0f9deeef9a352c432269cdb,65.9232863023392,10/6/2022, 9:05:23 AM
1665024203000,0.0036266,0xa35a2832db27e75dbfe48071ed1b99afc960c929,4.901086497133299,10/5/2022, 10:43:23 PM
1664949755000,0.007017151249280356,0x2bd5d2e3d5852ad9960638083cb7c9f493e7a597,9.49130421876897,10/5/2022, 2:02:35 AM
1664905175000,0.13344069146341464,0x8118b2d9eb0240bff6a36ca768d08622636c7b7d,181.91131222067153,10/4/2022, 1:39:35 PM
1664685191000,0.03689555371132157,0xca6ed3fdc8162304d7f1fcfc9ca3a81632d5e5b0,47.14887772253623,10/2/2022, 12:33:11 AM
1664681411000,0.05038430123411769,0xc109636a2b47f8b290cc134dd446fcd7d7e0cc94,64.38616632805522,10/1/2022, 11:30:11 PM
1664471351000,0.036004932092620866,0x57a6a824d389169b752d355f49d1a4fa4fbae907,48.09319093112887,9/29/2022, 1:09:11 PM
1664457983000,0.001,0x7e6948f25855ace05f2c22ebbfae9bbb31070e91,1.335738970633567,9/29/2022, 9:26:23 AM
1664417051000,0.009056770008035168,0x57a6a824d389169b752d355f49d1a4fa4fbae907,12.097480647797857,9/28/2022, 10:04:11 PM
1664395583000,0.028273632846177545,0x60535a6605958fff6cec5b1e92892601efb3473b,37.88731998919575,9/28/2022, 4:06:23 PM
1664295419000,0.065,0x224e69025a2f705c8f31efb6694398f8fd09ac5c,86.52476150070108,9/27/2022, 12:16:59 PM
1664224787000,0.01,0x6e5c10f5b5363fcd1762b846024bb43629337836,13.351212051991713,9/26/2022, 4:39:47 PM
1664178587000,0.0564079904432668,0xca6ed3fdc8162304d7f1fcfc9ca3a81632d5e5b0,75.31150418347771,9/26/2022, 3:49:47 AM
1664116043000,0.6531360800949659,0x823b92d6a4b2aed4b15675c7917c9f922ea8adad,845.2071350795542,9/25/2022, 10:27:23 AM
1664115887000,0.2052713433791004,0x823b92d6a4b2aed4b15675c7917c9f922ea8adad,265.63653324151755,9/25/2022, 10:24:47 AM
1664062583000,0.04641463414634146,0x6877be9e00d0bc5886c28419901e8cc98c1c2739,61.179098960550704,9/24/2022, 7:36:23 PM
1663839827000,0.003414634146341464,0x472731c3aa2beddff525914f17bf334f906fc33b,4.544170512416006,9/22/2022, 5:43:47 AM
1663835051000,0.005,0xa13d49fcbf79eaf6a0a58cbdd3361422db4eaff1,6.653963964609151,9/22/2022, 4:24:11 AM
1663793063000,0.0975609756097561,0x823b92d6a4b2aed4b15675c7917c9f922ea8adad,122.22190850425154,9/21/2022, 4:44:23 PM
1663776659000,0.001560975609756098,0x93d224e1915f6b8f3ca705226c6af97811a9dc99,1.9555505360680254,9/21/2022, 12:10:59 PM
1663774523000,0.000243902439024391,0x93d224e1915f6b8f3ca705226c6af97811a9dc99,0.3055547712606298,9/21/2022, 11:35:23 AM
1663755707000,0.000975609756097561,0x507edd093d6732e2749a672bed2ad2a600a06fa2,1.2222190850425154,9/21/2022, 6:21:47 AM
1663720931000,0.024390243902439025,0x14a2b07eec1f8d1ef0f9deeef9a352c432269cdb,30.555477126062886,9/20/2022, 8:42:11 PM
1663707143000,0.005,0x3757a7894d40fe277afde8c4c47ac554ad740246,6.620952823077929,9/20/2022, 4:52:23 PM
1663703315000,0.026829268292682926,0xf8284136b169213e4c50ce09f3e1d9a9b484baea,35.52706392871084,9/20/2022, 3:48:35 PM
1663693691000,1.9356559153658537,0x016dfbf8f727623a927c5445c7976c145c899555,2563.1772994698085,9/20/2022, 1:08:11 PM
1663610819000,1.5134280487804876,0xde7700448ab1d3b49d55979778789454db332112,2088.4106993229707,9/19/2022, 2:06:59 PM
1663599095000,0.9733414634146341,0xde7700448ab1d3b49d55979778789454db332112,1343.134037939741,9/19/2022, 10:51:35 AM
1663598987000,0.5310018592682927,0xde7700448ab1d3b49d55979778789454db332112,732.7404597462554,9/19/2022, 10:49:47 AM
1663577231000,0.04606705791631072,0xca6ed3fdc8162304d7f1fcfc9ca3a81632d5e5b0,63.56888701532743,9/19/2022, 4:47:11 AM
1663563023000,0.13508536585365855,0x673ed2dbd171a2cb7f596bc8bf7bc6080b592afe,186.40709321996783,9/19/2022, 12:50:23 AM
1663534415000,0.33436587463414635,0x90c824a56e87376dd394b51bc0fdaf10f1ba81ab,446.66350706048485,9/18/2022, 4:53:35 PM
1663520531000,1.3533646878048782,0x70d3e96ebe14442fd38f562e6ab4ce8fc3d55824,1807.895672511946,9/18/2022, 1:02:11 PM
1663493063000,1.0044537302439025,0x0f8f024ba552bc84873a1ef69dcb1cad73445e85,1341.802079299004,9/18/2022, 5:24:23 AM
1663453463000,0.03858048780487805,0x20fa7558e9795a84dc2aa5e9be953b30b27f9276,56.7597662583723,9/17/2022, 6:24:23 PM
1663450535000,0.05702439024390244,0xa0aecc4a848e6f9998216e004a90b61c810febec,83.89450847899509,9/17/2022, 5:35:35 PM
1663450331000,0.4962283377309681,0x088008233462058159adbdc9b9370f4d4e2140f0,730.053093233029,9/17/2022, 5:32:11 PM
1663440107000,0.10473170731707317,0xdc64706d40110074c4bbcc2106eedf4adcd5359c,154.08170205680278,9/17/2022, 2:41:47 PM
1663437107000,2.471291656097561,0x5c9defd440c5d1cf3ed5be0e9f9958777b0e8acc,3635.7740593064213,9/17/2022, 1:51:47 PM
1663435703000,0.05,0xa02e3ca79e662b909397ba0a952abd00e799e2b7,73.56019776815224,9/17/2022, 1:28:23 PM
1663433975000,0.00340509,0x673ed2dbd171a2cb7f596bc8bf7bc6080b592afe,5.00958187636715,9/17/2022, 12:59:35 PM
1663433867000,0.00340509,0x673ed2dbd171a2cb7f596bc8bf7bc6080b592afe,5.00958187636715,9/17/2022, 12:57:47 PM
1663433759000,0.00342013,0x673ed2dbd171a2cb7f596bc8bf7bc6080b592afe,5.0317087838558106,9/17/2022, 12:55:59 PM
1663433639000,0.00342013,0x673ed2dbd171a2cb7f596bc8bf7bc6080b592afe,5.0317087838558106,9/17/2022, 12:53:59 PM
1663429211000,0.00347196,0x673ed2dbd171a2cb7f596bc8bf7bc6080b592afe,5.107961284862277,9/17/2022, 11:40:11 AM
1663429211000,0.00347196,0x673ed2dbd171a2cb7f596bc8bf7bc6080b592afe,5.107961284862277,9/17/2022, 11:40:11 AM
1663429163000,0.00416635,0x673ed2dbd171a2cb7f596bc8bf7bc6080b592afe,6.129550599426822,9/17/2022, 11:39:23 AM
1663429151000,0.00347196,0x673ed2dbd171a2cb7f596bc8bf7bc6080b592afe,5.107961284862277,9/17/2022, 11:39:11 AM
1663429079000,0.00347196,0x673ed2dbd171a2cb7f596bc8bf7bc6080b592afe,5.107961284862277,9/17/2022, 11:37:59 AM
1663428947000,0.00347196,0x673ed2dbd171a2cb7f596bc8bf7bc6080b592afe,5.107961284862277,9/17/2022, 11:35:47 AM
1663357403000,0.00069876,0x36f8a9ebb4479b1b877920b4ce0a11ee25c29a8b,1.0007751176337514,9/16/2022, 3:43:23 PM
1663357331000,0.00069876,0x36f8a9ebb4479b1b877920b4ce0a11ee25c29a8b,1.0007751176337514,9/16/2022, 3:42:11 PM
1663357235000,0.00069876,0x36f8a9ebb4479b1b877920b4ce0a11ee25c29a8b,1.0007751176337514,9/16/2022, 3:40:35 PM
1663357139000,0.00069876,0x36f8a9ebb4479b1b877920b4ce0a11ee25c29a8b,1.0007751176337514,9/16/2022, 3:38:59 PM
1663356995000,0.00069876,0x36f8a9ebb4479b1b877920b4ce0a11ee25c29a8b,1.0007751176337514,9/16/2022, 3:36:35 PM
1663356923000,0.00069876,0x36f8a9ebb4479b1b877920b4ce0a11ee25c29a8b,1.0007751176337514,9/16/2022, 3:35:23 PM
1663356707000,0.00069876,0x36f8a9ebb4479b1b877920b4ce0a11ee25c29a8b,1.0007751176337514,9/16/2022, 3:31:47 PM
1663356371000,0.00069876,0x36f8a9ebb4479b1b877920b4ce0a11ee25c29a8b,1.0007751176337514,9/16/2022, 3:26:11 PM
1663356239000,0.00069876,0x36f8a9ebb4479b1b877920b4ce0a11ee25c29a8b,1.0007751176337514,9/16/2022, 3:23:59 PM
1663356059000,0.00069876,0x36f8a9ebb4479b1b877920b4ce0a11ee25c29a8b,1.0007751176337514,9/16/2022, 3:20:59 PM
1663355795000,0.00069876,0x36f8a9ebb4479b1b877920b4ce0a11ee25c29a8b,1.0007751176337514,9/16/2022, 3:16:35 PM
1663355555000,0.00069876,0x36f8a9ebb4479b1b877920b4ce0a11ee25c29a8b,1.0007751176337514,9/16/2022, 3:12:35 PM
1663355459000,0.00069876,0x36f8a9ebb4479b1b877920b4ce0a11ee25c29a8b,1.0007751176337514,9/16/2022, 3:10:59 PM
1663355243000,0.0076864,0x36f8a9ebb4479b1b877920b4ce0a11ee25c29a8b,11.008583582603565,9/16/2022, 3:07:23 PM
1663354943000,0.00698763,0x36f8a9ebb4479b1b877920b4ce0a11ee25c29a8b,10.00779414281174,9/16/2022, 3:02:23 PM
1663354523000,0.04832727,0x36f8a9ebb4479b1b877920b4ce0a11ee25c29a8b,69.21508002628666,9/16/2022, 2:55:23 PM
1663354331000,0.0007004,0xc82970ce17c5b6ee0fef129297f217b2f5dfe1f7,1.0031239515580164,9/16/2022, 2:52:11 PM
1663279259000,0.004095555346552085,0x57a6a824d389169b752d355f49d1a4fa4fbae907,6.028655801252614,9/15/2022, 6:00:59 PM
1663145810000,0.000243902439024391,0x403a4400dd5e04a3ad80f2f4d4d78fbceece3321,0.39887029419320263,9/14/2022, 4:56:50 AM
1663118207000,0.020491009297662593,0xe16a238d207b9ac8b419c7a866b0de013c73357b,33.510345118184645,9/13/2022, 9:16:47 PM
1663030572000,0.001,0x7f726bae10bd055fac980abd001945fd9a1d6879,1.5732052136951713,9/12/2022, 8:56:12 PM
1663014074000,0.021192249441387426,0x60535a6605958fff6cec5b1e92892601efb3473b,36.24222823747888,9/12/2022, 4:21:14 PM
1662974855000,0.001536585365853659,0x82639e8b08299311426cc1fcf36e37054f22de5b,2.6278134225279484,9/12/2022, 5:27:35 AM
1662864460000,0.04154639875325584,0xca6ed3fdc8162304d7f1fcfc9ca3a81632d5e5b0,73.1763931984494,9/10/2022, 10:47:40 PM
1662860297000,0.08290536478582093,0xca6ed3fdc8162304d7f1fcfc9ca3a81632d5e5b0,146.02265789288626,9/10/2022, 9:38:17 PM
1662857631000,0.02169755042895233,0x36f8a9ebb4479b1b877920b4ce0a11ee25c29a8b,38.21627215061027,9/10/2022, 8:53:51 PM
1662854938000,0.0549305074150692,0xc109636a2b47f8b290cc134dd446fcd7d7e0cc94,96.75005607749436,9/10/2022, 8:08:58 PM
1662739149000,0.04147008842679075,0xf7253a0e87e39d2cd6365919d4a3d56d431d0041,71.20733324173321,9/9/2022, 11:59:09 AM
1662734868000,0.048779084283039585,0x823b92d6a4b2aed4b15675c7917c9f922ea8adad,83.75744160518998,9/9/2022, 10:47:48 AM
1662734582000,0.0975609756097561,0x823b92d6a4b2aed4b15675c7917c9f922ea8adad,167.51970312039487,9/9/2022, 10:43:02 AM
1662688446000,0.002006571148925482,0x57a6a824d389169b752d355f49d1a4fa4fbae907,3.4454370823689504,9/8/2022, 9:54:06 PM
1662643247000,0.010367848951340708,0xf7253a0e87e39d2cd6365919d4a3d56d431d0041,16.961097695541405,9/8/2022, 9:20:47 AM
1662640442000,0.000973663563262125,0x2d57be1ac8f55c25eb35aa06e4609633971a6206,1.5928475517520266,9/8/2022, 8:34:02 AM
1662625704000,0.000487804878048781,0x0c057c74fe71aef32482ae6e2daa3c444c29cec1,0.798015695616122,9/8/2022, 4:28:24 AM
1662571650000,0.0001,0x8c329635267f684359a539b0c6bdcf9ed24a932c,0.16298832311636494,9/7/2022, 1:27:30 PM
1662558639000,0.002126959973921896,0x57a6a824d389169b752d355f49d1a4fa4fbae907,3.466696394851571,9/7/2022, 9:50:39 AM
1662543000000,0.08780487804878048,0x80000000000495561f29841ab6e2ddd2bbf88b54,143.1116983460765,9/7/2022, 5:30:00 AM
1662537890000,0.003658536585365854,0x472731c3aa2beddff525914f17bf334f906fc33b,5.962987431086522,9/7/2022, 4:04:50 AM
1662512557000,0.017450038418242535,0x2bd5d2e3d5852ad9960638083cb7c9f493e7a597,28.44152500105496,9/6/2022, 9:02:37 PM
1662483146000,0.013774436142879149,0x0b537e107caf82aa05774ef2bf029b0cf53928c8,21.55091740405942,9/6/2022, 12:52:26 PM
1662480312000,0.001314243604251754,0x57a6a824d389169b752d355f49d1a4fa4fbae907,2.0562115988090652,9/6/2022, 12:05:12 PM
1662479785000,1e-18,0xf7253a0e87e39d2cd6365919d4a3d56d431d0041,1.5645589540302463e-15,9/6/2022, 11:56:25 AM
1662479631000,0.021409240089810978,0xf7253a0e87e39d2cd6365919d4a3d56d431d0041,33.49601828149708,9/6/2022, 11:53:51 AM
1662432902000,0.002621951219512196,0x82639e8b08299311426cc1fcf36e37054f22de5b,4.1021972575183305,9/5/2022, 10:55:02 PM
1662380578000,0.11170731707317073,0xdcfc09ebaf6c428b6045599e404a0bc9ac572c8e,180.73522892983627,9/5/2022, 8:22:58 AM
1662358065000,0.024390243902439025,0xdcfc09ebaf6c428b6045599e404a0bc9ac572c8e,39.461840377693505,9/5/2022, 2:07:45 AM
1662357638000,0.024390243902439025,0xdcfc09ebaf6c428b6045599e404a0bc9ac572c8e,39.461840377693505,9/5/2022, 2:00:38 AM
1662357538000,0.054146341463414634,0xdcfc09ebaf6c428b6045599e404a0bc9ac572c8e,87.60528563847959,9/5/2022, 1:58:58 AM
1662355247000,0.07865853658536585,0xdcfc09ebaf6c428b6045599e404a0bc9ac572c8e,127.26443521806156,9/5/2022, 1:20:47 AM
1662354602000,0.1521951219512195,0xdcfc09ebaf6c428b6045599e404a0bc9ac572c8e,246.24188395680747,9/5/2022, 1:10:02 AM
1662354122000,0.04878048780487805,0xdcfc09ebaf6c428b6045599e404a0bc9ac572c8e,78.92368075538701,9/5/2022, 1:02:02 AM
1662348201000,0.0001,0x45f9ef1d2010ba23f6b851c9510f3bab8b9bd55a,0.1617935455485434,9/4/2022, 11:23:21 PM
1662344469000,0.09938326306079816,0x6c70e5fc4e4926cd836a6f8b0645aa1a077fa605,160.79570498790116,9/4/2022, 10:21:09 PM
1662344352000,0.018634944238708963,0x6c70e5fc4e4926cd836a6f8b0645aa1a077fa605,30.150136994801244,9/4/2022, 10:19:12 PM
1662277891000,0.018245853658536582,0xc70bc0caa0f75d9bd7a7334c1ec8311b5ed8a653,28.80927788655845,9/4/2022, 3:51:31 AM
1662243394000,0.010121951219512195,0xdcfc09ebaf6c428b6045599e404a0bc9ac572c8e,15.746457122957127,9/3/2022, 6:16:34 PM
1662187513000,0.04683035262068759,0xca6ed3fdc8162304d7f1fcfc9ca3a81632d5e5b0,72.85276559850463,9/3/2022, 2:45:13 AM
1662157538000,0.06182698276552453,0xc109636a2b47f8b290cc134dd446fcd7d7e0cc94,97.38841840065278,9/2/2022, 6:25:38 PM
1662135403000,0.04878048780487805,0xc109636a2b47f8b290cc134dd446fcd7d7e0cc94,76.83788442573696,9/2/2022, 12:16:43 PM
1662046160000,0.027390243902439024,0x14a2b07eec1f8d1ef0f9deeef9a352c432269cdb,43.522559372453564,9/1/2022, 11:29:20 AM
1661934868000,0.02495121951219512,0x926edf61468d341e20423de07734f68a96b98234,38.738339376862946,8/31/2022, 4:34:28 AM
1661925073000,0.04902439024390244,0x069e85d4f1010dd961897dc8c095fbb5ff297434,76.11345273459875,8/31/2022, 1:51:13 AM
1661826953000,0.047738798255743065,0xca6ed3fdc8162304d7f1fcfc9ca3a81632d5e5b0,72.82076840808871,8/29/2022, 10:35:53 PM
1661818403000,0.6720731707317072,0xdcfc09ebaf6c428b6045599e404a0bc9ac572c8e,1025.1804927505866,8/29/2022, 8:13:23 PM
1661801315000,0.032926829268292684,0x82fd171d9a11259758012df50d57918210f7d4b9,51.207062576979226,8/29/2022, 3:28:35 PM
1661800036000,0.026097560975609755,0xdcfc09ebaf6c428b6045599e404a0bc9ac572c8e,40.58633848693909,8/29/2022, 3:07:16 PM
1661732691000,0.05295579608875323,0xf9733cc8b7ddd9dcdffd62cb56111fee3dc6f30a,82.35566024396451,8/28/2022, 8:24:51 PM
1661723269000,0.09913347519157954,0x823b92d6a4b2aed4b15675c7917c9f922ea8adad,142.62799502063035,8/28/2022, 5:47:49 PM
1661601065000,0.000327,0x5587b77d82c7dc2c6ca95ef79b6cf65b632da905,0.48921013736306346,8/27/2022, 7:51:05 AM
1661598643000,0.004049033467367139,0xf7253a0e87e39d2cd6365919d4a3d56d431d0041,6.057578650637063,8/27/2022, 7:10:43 AM
1661518198000,0.021989701489802276,0x60535a6605958fff6cec5b1e92892601efb3473b,33.20860775468402,8/26/2022, 8:49:58 AM
1661446848000,0.0975609756097561,0x823b92d6a4b2aed4b15675c7917c9f922ea8adad,165.56848506962382,8/25/2022, 1:00:48 PM
1661360773000,0.002439024390243903,0xf8284136b169213e4c50ce09f3e1d9a9b484baea,4.04339912796668,8/24/2022, 1:06:13 PM
1661303921000,0.012189628452404178,0x719ef68eb1c14bad00f58112d1de343233af6d3d,20.20788855242244,8/23/2022, 9:18:41 PM
1661151086000,0.000121951219512196,0xb3c0fda34cb33c93ca7687d88892dc7ca3411520,0.19784232128998314,8/22/2022, 2:51:26 AM
1661078380000,0.001,0xeca040fbf33df1ac552c2736a22f0430ad0246f2,1.6241499828848471,8/21/2022, 6:39:40 AM
1661076973000,0.001,0x2dc6609cf4bb48df9e7907b49010223387ecc9d7,1.6241499828848471,8/21/2022, 6:16:13 AM
1661073871000,0.001,0x5587b77d82c7dc2c6ca95ef79b6cf65b632da905,1.6241499828848471,8/21/2022, 5:24:31 AM
1661065557000,0.001,0x7354a64a2f333b738a59e9f58eebeab091dd2dfa,1.6241499828848471,8/21/2022, 3:05:57 AM
1661063219000,0.001,0x495f70fe32984d047745c37bfc9e176b94a7397c,1.6241499828848471,8/21/2022, 2:26:59 AM
1661038764000,0.06692737121951219,0xe7879a2d05dba966fcca34ee9c3f99eee7edefd1,105.70614240953812,8/20/2022, 7:39:24 PM
1661020706000,0.015602359064572227,0x6c70e5fc4e4926cd836a6f8b0645aa1a077fa605,24.642611223964952,8/20/2022, 2:38:26 PM
1661020053000,0.00390174663151205,0x6c70e5fc4e4926cd836a6f8b0645aa1a077fa605,6.16247997734453,8/20/2022, 2:27:33 PM
1660721858000,0.000121951219512196,0xc70bc0caa0f75d9bd7a7334c1ec8311b5ed8a653,0.22375932349300615,8/17/2022, 3:37:38 AM
1660595661000,0.015601763885345142,0x6c70e5fc4e4926cd836a6f8b0645aa1a077fa605,29.772497196699348,8/15/2022, 4:34:21 PM
1660595570000,0.003901083019232802,0x6c70e5fc4e4926cd836a6f8b0645aa1a077fa605,7.444349504820792,8/15/2022, 4:32:50 PM
1660586533000,0.001585365853658537,0xe898908cbe1aa10389f9bae84a05a67e8f940122,3.0253182127776763,8/15/2022, 2:02:13 PM
1660586158000,0.000731707317073171,0x8d816a37591ecb1b27176cc717dd171b1d6ebb9c,1.3963007135896968,8/15/2022, 1:55:58 PM
1660498511000,1e-18,0x823b92d6a4b2aed4b15675c7917c9f922ea8adad,1.9367011636052607e-15,8/14/2022, 1:35:11 PM
1660491162000,0.00669541512195122,0x82639e8b08299311426cc1fcf36e37054f22de5b,12.967018257503184,8/14/2022, 11:32:42 AM
1660410112000,0.0975609756097561,0x823b92d6a4b2aed4b15675c7917c9f922ea8adad,193.40603200501693,8/13/2022, 1:01:52 PM
1660409421000,0.004463414634146342,0x82639e8b08299311426cc1fcf36e37054f22de5b,8.848325964229524,8/13/2022, 12:50:21 PM
1660341419000,0.002073170731707318,0xe898908cbe1aa10389f9bae84a05a67e8f940122,4.062027526855928,8/12/2022, 5:56:59 PM
1660327762000,0.014658536585365855,0x82639e8b08299311426cc1fcf36e37054f22de5b,28.720924042828372,8/12/2022, 2:09:22 PM
1660324280000,0.019298348303256305,0x60535a6605958fff6cec5b1e92892601efb3473b,37.81185062656352,8/12/2022, 1:11:20 PM
1660312761000,0.02249238951219512,0x82639e8b08299311426cc1fcf36e37054f22de5b,44.07003434206337,8/12/2022, 9:59:21 AM
1660312531000,0.002439024390243903,0x82639e8b08299311426cc1fcf36e37054f22de5b,4.778855913948149,8/12/2022, 9:55:31 AM
1659735708000,0.000365853658536586,0xe898908cbe1aa10389f9bae84a05a67e8f940122,0.6312375464711537,8/5/2022, 5:41:48 PM
1659562311000,0.01,0x6877be9e00d0bc5886c28419901e8cc98c1c2739,16.213413236364065,8/3/2022, 5:31:51 PM
1659558755000,0.01,0x28c173b8f20488eef1b0f48df8453a2f59c38337,16.213413236364065,8/3/2022, 4:32:35 PM
1659547726000,0.01,0x823b92d6a4b2aed4b15675c7917c9f922ea8adad,16.213413236364065,8/3/2022, 1:28:46 PM
1659546635000,0.01,0x8dff5c0ef4a8c86d4ed8cb20a14fee7efa080e09,16.213413236364065,8/3/2022, 1:10:35 PM
1659546577000,0.01,0x6877be9e00d0bc5886c28419901e8cc98c1c2739,16.213413236364065,8/3/2022, 1:09:37 PM
1659534073000,0.04878048780487805,0xf7253a0e87e39d2cd6365919d4a3d56d431d0041,79.08982066519056,8/3/2022, 9:41:13 AM
1659498975000,0.001,0xf0fe43a75ff248fd2e75d33fa1ebde71c6d1abad,1.6213413236364065,8/2/2022, 11:56:15 PM
1659491607000,0.0001,0x2eeb17c2e810a80e76c37003f0540fd6c75dc236,0.16213413236364066,8/2/2022, 9:53:27 PM
1659428510000,0.004784288536585366,0xe5cecb5231f0917808e5d57a8e9ef946cbe10030,7.8384763500227725,8/2/2022, 4:21:50 AM
1659373013000,0.00475,0x114756e21f7f11c0f87355d2aad8bfcc5626a983,7.771088142697439,8/1/2022, 12:56:53 PM
1659209452000,1e-18,0x823b92d6a4b2aed4b15675c7917c9f922ea8adad,1.6967850982136517e-15,7/30/2022, 3:30:52 PM
1659184098000,0.1,0xf0c0917bed1d2311cfa261493a21ddfc450eeea5,169.67850982136517,7/30/2022, 8:28:18 AM
1659099143000,3,0xbdfa4f4492dd7b7cf211209c4791af8d52bf5c50,5217.126531406833,7/29/2022, 8:52:23 AM
1659048324000,0.1,0x1ba2a537a771aa4eac2f18427716557e4e744864,172.354852067906,7/28/2022, 6:45:24 PM
1659046315000,0.021080213344294742,0x60535a6605958fff6cec5b1e92892601efb3473b,36.332770525158175,7/28/2022, 6:11:55 PM
1658969060000,0.0975609756097561,0x823b92d6a4b2aed4b15675c7917c9f922ea8adad,168.15107518820096,7/27/2022, 8:44:20 PM
1658885749000,0.001,0x6c2e47aca7f7e23f3ce8f1606cfaa157b5583c04,1.6369491814677852,7/26/2022, 9:35:49 PM
1658689996000,0.0729881473661544,0x5bd9c90827ac6391e91a60c5de8b63dcaa48b7aa,116.86920306018378,7/24/2022, 3:13:16 PM
1658677189000,0.3313536585365853,0x34aa3f359a9d614239015126635ce7732c18fdf3,530.5661179475877,7/24/2022, 11:39:49 AM
1658641396000,0.0312978,0x8b80755c441d355405ca7571443bb9247b77ec16,50.11428670997022,7/24/2022, 1:43:16 AM
1658620461000,0.05302439024390244,0x66b8887d8cd8ca84884b7d64b9239d4d5082d9c8,82.3201796951454,7/23/2022, 7:54:21 PM
1658590930000,0.006,0x63a9da320290e99df7f4d3435e8d72e59e3d8892,9.314978935145248,7/23/2022, 11:42:10 AM
1658383397000,0.0001,0x0028c35095d34c9c8a3bc84cb8542cb182fcfa8e,0.15768252394976823,7/21/2022, 2:03:17 AM
1658296221000,0.01,0x48b576c87e788a762d6f95a456f2a39113b46950,15.274139307593094,7/20/2022, 1:50:21 AM
1658294703000,0.01,0x10061123876ceea12642342afe829444b7e0d48a,15.274139307593094,7/20/2022, 1:25:03 AM
1658279709000,0.000975609756097561,0x57a6a824d389169b752d355f49d1a4fa4fbae907,1.4901599324481067,7/19/2022, 9:15:09 PM
1658274384000,0.023865209297885544,0x60535a6605958fff6cec5b1e92892601efb3473b,36.81518355766368,7/19/2022, 7:46:24 PM
1658115394000,0.00071065,0xc0b8eed3314b625d0c4ebc5432a5bd4f31370b4d,1.1161887891168474,7/17/2022, 11:36:34 PM
1658115358000,0.0001,0x0028c35095d34c9c8a3bc84cb8542cb182fcfa8e,0.15706589588642053,7/17/2022, 11:35:58 PM
1658111439000,0.00007321,0x267a3195ea57ad38e65993dbcb9fbebf8995621d,0.11498794237844846,7/17/2022, 10:30:39 PM
1658008337000,0.002,0xc0b8eed3314b625d0c4ebc5432a5bd4f31370b4d,2.71009128043898,7/16/2022, 5:52:17 PM
1658007305000,0.0975609756097561,0x823b92d6a4b2aed4b15675c7917c9f922ea8adad,132.19957465556,7/16/2022, 5:35:05 PM
1658007290000,1e-18,0x823b92d6a4b2aed4b15675c7917c9f922ea8adad,1.35504564021949e-15,7/16/2022, 5:34:50 PM
1658003904000,0.001,0x2b19fde5d7377b48be50a5d0a78398a496e8b15c,1.35504564021949,7/16/2022, 4:38:24 PM
1657991968000,0.001,0x34724d71ce674fcd4d06e60dd1baa88c14d36b75,1.35504564021949,7/16/2022, 1:19:28 PM
1657986552000,0.001,0x30670d81e487c80b9edc54370e6eaf943b6eab39,1.35504564021949,7/16/2022, 11:49:12 AM
1657986516000,0.001,0x30670d81e487c80b9edc54370e6eaf943b6eab39,1.35504564021949,7/16/2022, 11:48:36 AM
1657985508000,0.001,0x5706d5ad7a68bf8692bd341234be44ca7bf2f654,1.35504564021949,7/16/2022, 11:31:48 AM
1657978363000,0.001,0x60535a6605958fff6cec5b1e92892601efb3473b,1.35504564021949,7/16/2022, 9:32:43 AM
1657976142000,0.001,0xca6ed3fdc8162304d7f1fcfc9ca3a81632d5e5b0,1.35504564021949,7/16/2022, 8:55:42 AM
1657976017000,0.001,0x90eda5165e5e1633e0bdb6307cdecae564b10ff7,1.35504564021949,7/16/2022, 8:53:37 AM
1657963157000,0.001,0x5159128278bb4c4fd8d605576e247fda25f00d1e,1.35504564021949,7/16/2022, 5:19:17 AM
1657962592000,0.001,0x5706d5ad7a68bf8692bd341234be44ca7bf2f654,1.35504564021949,7/16/2022, 5:09:52 AM
1657961072000,0.001,0x163a5a40ca4a14593322ec295dfbe6d88298bdaa,1.35504564021949,7/16/2022, 4:44:32 AM
1657959028000,0.001,0x474461503d4719e3b9e70c81c5bd3cee00407629,1.35504564021949,7/16/2022, 4:10:28 AM
1657958827000,0.001,0x4fd9d0ee6d6564e80a9ee00c0163fc952d0a45ed,1.35504564021949,7/16/2022, 4:07:07 AM
1657958646000,0.001,0x0cb0c7a482ebb2b7ea1305ec234d762136bbffb5,1.35504564021949,7/16/2022, 4:04:06 AM
1657958532000,0.001,0x00e9d6c7fb5e3b29875987fc3235744238476c43,1.35504564021949,7/16/2022, 4:02:12 AM
1657958509000,0.001,0xb1dc7d09c5308cd0a1f49e258f5e2e675278da15,1.35504564021949,7/16/2022, 4:01:49 AM
1657958460000,0.001,0xc61ac325f512b4e4acb397b23b8494770eaa0855,1.35504564021949,7/16/2022, 4:01:00 AM
1657958401000,0.001,0x6860f1a0cf179ed93abd3739c7f6c8961a4eea3c,1.35504564021949,7/16/2022, 4:00:01 AM
1657957566000,0.001,0x59b74027768caa41c3902f369dc17d5f940d1fe4,1.35504564021949,7/16/2022, 3:46:06 AM
1657957434000,0.001,0x5d95baebb8412ad827287240a5c281e3bb30d27e,1.35504564021949,7/16/2022, 3:43:54 AM
1657957240000,0.001,0x984fd83fbfdb8de06b0e9f548bc1aa0551ba9a84,1.35504564021949,7/16/2022, 3:40:40 AM
1657957180000,0.001,0x4ef912078cf4ab1e3e0703131fb7ffa5ebbc8869,1.35504564021949,7/16/2022, 3:39:40 AM
1657957144000,0.001,0xf4844a06d4f995c4c03195afcb5aa59dcbb5b4fc,1.35504564021949,7/16/2022, 3:39:04 AM
1657957038000,0.001,0xfdb66e0294eb698b500c5fe4eb81df5b3fb39c3b,1.35504564021949,7/16/2022, 3:37:18 AM
1657956369000,0.001,0x26ccb2d8514f8df177ace1112b9ed2058e2ea468,1.35504564021949,7/16/2022, 3:26:09 AM
1657953587000,0.001,0xbd722f41bca276b05a27e0b716bdec2cb801d952,1.35504564021949,7/16/2022, 2:39:47 AM
1657953167000,0.001,0xc6eb8f98421c0e7256adaa4be30b04e333c5d225,1.35504564021949,7/16/2022, 2:32:47 AM
1657952859000,0.001,0x6853e29151bde9249058ac7a10bf8862b33b5140,1.35504564021949,7/16/2022, 2:27:39 AM
1657951761000,0.001,0x441e1e47a6fa2dbfd3cd9b54291e9ab3a58d7975,1.35504564021949,7/16/2022, 2:09:21 AM
1657951544000,0.001,0x441e1e47a6fa2dbfd3cd9b54291e9ab3a58d7975,1.35504564021949,7/16/2022, 2:05:44 AM
1657951263000,0.001,0x8b80755c441d355405ca7571443bb9247b77ec16,1.35504564021949,7/16/2022, 2:01:03 AM
1657951189000,0.001,0x00003183f59e825911d98fb509a157cd2abbae25,1.35504564021949,7/16/2022, 1:59:49 AM
1657950931000,0.001,0x28c173b8f20488eef1b0f48df8453a2f59c38337,1.35504564021949,7/16/2022, 1:55:31 AM
1657948545000,0.001,0xfda746f4c3f9f5a02b3e63ed6d0ebbc002d1f788,1.35504564021949,7/16/2022, 1:15:45 AM
1657948365000,0.001,0x68dfb9b374b0a1ce996770ddf32916a530b4785f,1.35504564021949,7/16/2022, 1:12:45 AM
1657942792000,0.001,0x26416423d530b1931a2a7a6b7d435fac65eed27d,1.35504564021949,7/15/2022, 11:39:52 PM
1657942567000,0.01,0x2638bf07baa4a246af902ad19d3d14e0dff0ce97,13.5504564021949,7/15/2022, 11:36:07 PM
1657941901000,0.01,0x2333fcc3833d2e951ce8e821235ed3b729141996,13.5504564021949,7/15/2022, 11:25:01 PM
1657940012000,0.001,0x823b92d6a4b2aed4b15675c7917c9f922ea8adad,1.35504564021949,7/15/2022, 10:53:32 PM
1657939849000,0.001,0x6877be9e00d0bc5886c28419901e8cc98c1c2739,1.35504564021949,7/15/2022, 10:50:49 PM
1657939148000,1,0x823b92d6a4b2aed4b15675c7917c9f922ea8adad,1355.04564021949,7/15/2022, 10:39:08 PM
1657938810000,0.001,0x6877be9e00d0bc5886c28419901e8cc98c1c2739,1.35504564021949,7/15/2022, 10:33:30 PM
1657730172000,0.034462128940548155,0x60535a6605958fff6cec5b1e92892601efb3473b,38.35361951406647,7/13/2022, 12:36:12 PM
1657722848000,0.04390243902439024,0xf7253a0e87e39d2cd6365919d4a3d56d431d0041,48.85993680151857,7/13/2022, 10:34:08 AM
1657250158000,0.0001,0x0028c35095d34c9c8a3bc84cb8542cb182fcfa8e,0.1233514679260299,7/7/2022, 11:15:58 PM
1657250098000,0.0001,0x0028c35095d34c9c8a3bc84cb8542cb182fcfa8e,0.1233514679260299,7/7/2022, 11:14:58 PM
1657250039000,0.0001,0x0028c35095d34c9c8a3bc84cb8542cb182fcfa8e,0.1233514679260299,7/7/2022, 11:13:59 PM
1657041563000,0.4271068292682927,0x56b7b097e3baacb780b469cc98dc82ff89cfebbe,484.3464349582688,7/5/2022, 1:19:23 PM
1657015791000,0.024390243902439025,0xf7253a0e87e39d2cd6365919d4a3d56d431d0041,27.65895291851749,7/5/2022, 6:09:51 AM
1657015223000,0.000121951219512196,0x8951ad90b1afc583f83e15d026a786c592d8e16a,0.13829476459258844,7/5/2022, 6:00:23 AM
1656792531000,0.0975609756097561,0x823b92d6a4b2aed4b15675c7917c9f922ea8adad,104.24795147316676,7/2/2022, 4:08:51 PM
1656792463000,1e-18,0x823b92d6a4b2aed4b15675c7917c9f922ea8adad,1.0685415025999595e-15,7/2/2022, 4:07:43 PM
1656428304000,0.05087995342880525,0x60535a6605958fff6cec5b1e92892601efb3473b,58.18293304176127,6/28/2022, 10:58:24 AM
1656265048000,0.07804797814415909,0xf9733cc8b7ddd9dcdffd62cb56111fee3dc6f30a,93.75418082995766,6/26/2022, 1:37:28 PM
1656042809000,0.002935701219512196,0x5d95baebb8412ad827287240a5c281e3bb30d27e,3.608869502797071,6/23/2022, 11:53:29 PM
1655969903000,0.001219512195121952,0x27ff48d04a3d4f3cf53253c5b9fac11dad4802db,1.395708235952204,6/23/2022, 3:38:23 AM
1655470921000,0.04878048780487805,0xc109636a2b47f8b290cc134dd446fcd7d7e0cc94,53.064093876021296,6/17/2022, 9:02:01 AM
1655447758000,0.06233809883074626,0x89680047d2ea72f7b36ee0116d9c783bfa06fcc4,67.81225193235196,6/17/2022, 2:35:58 AM
1654980316000,0.02090171585669087,0xceb15131d3c0adcffbfe229868b338ff24ed338a,31.98043243132198,6/11/2022, 4:45:16 PM
1654890177000,0.04878048780487805,0xc109636a2b47f8b290cc134dd446fcd7d7e0cc94,81.1631398737604,6/10/2022, 3:42:57 PM
1654640264000,2,0x231a07c825f052b895de5fd1513ce40d18e14af5,3636.7754239658616,6/7/2022, 6:17:44 PM
1654628680000,0.027268292682926833,0xdc0b3e6493ede1a8380b39d0b3010aa0045d2190,49.584328341388215,6/7/2022, 3:04:40 PM
1654586098000,0.024390243902439025,0xdc0b3e6493ede1a8380b39d0b3010aa0045d2190,44.350919804461725,6/7/2022, 3:14:58 AM
1654063657000,0.15913414634146342,0xcf8147ebacd210dbfbef8472d4478bce3f509718,291.03927134112615,6/1/2022, 2:07:37 AM
1654039333000,0.0438,0xe9be6df23c7f9caba3005da2fa2d8714d340d0af,85.15064998742464,5/31/2022, 7:22:13 PM
1654039333000,0.1542,0xe9be6df23c7f9caba3005da2fa2d8714d340d0af,299.7769458461388,5/31/2022, 7:22:13 PM
1654015957000,0.07316760609805954,0x823b92d6a4b2aed4b15675c7917c9f922ea8adad,142.24358943547088,5/31/2022, 12:52:37 PM
1653938409000,0.012193916517224575,0x823b92d6a4b2aed4b15675c7917c9f922ea8adad,24.338282861471658,5/30/2022, 3:20:09 PM