Timestamp|Amount|Beneficiary|Project ID (None if 0)|txHash
1664092163|9026896447922937989|0xaf28bcb48c40dbc86f52d459a6562f658fc94b1e|5|0xd0e0f4a5c9d8e343b68197e552d4d56f001306226473f4ca2cb2dc65962370e2
1664092163|13911137868753762793|0x6860f1a0cf179ed93abd3739c7f6c8961a4eea3c|0|0xd0e0f4a5c9d8e343b68197e552d4d56f001306226473f4ca2cb2dc65962370e2
1664092163|4960957254665863937|0xaf28bcb48c40dbc86f52d459a6562f658fc94b1e|33|0xd0e0f4a5c9d8e343b68197e552d4d56f001306226473f4ca2cb2dc65962370e2
1664092163|45147268211920529800|0xaf28bcb48c40dbc86f52d459a6562f658fc94b1e|329|0xd0e0f4a5c9d8e343b68197e552d4d56f001306226473f4ca2cb2dc65962370e2
1664092163|3605644190246839253|0x25910143c255828f623786f46fe9a8941b7983bb|0|0xd0e0f4a5c9d8e343b68197e552d4d56f001306226473f4ca2cb2dc65962370e2
1664092163|12031599939795304033|0x5d95baebb8412ad827287240a5c281e3bb30d27e|0|0xd0e0f4a5c9d8e343b68197e552d4d56f001306226473f4ca2cb2dc65962370e2
1664092163|2250331125827814569|0xa8488938161c9afa127e93fef6d3447051588664|0|0xd0e0f4a5c9d8e343b68197e552d4d56f001306226473f4ca2cb2dc65962370e2
1664092163|1125165562913907284|0x5706d5ad7a68bf8692bd341234be44ca7bf2f654|0|0xd0e0f4a5c9d8e343b68197e552d4d56f001306226473f4ca2cb2dc65962370e2
1664092163|6009406983744732089|0xb045708e396e20071324c1aed2e4cfb90a0764fe|0|0xd0e0f4a5c9d8e343b68197e552d4d56f001306226473f4ca2cb2dc65962370e2
1664092163|6009406983744732089|0x428f196c4d754a96642854ac5d9f29a0e6ec707e|0|0xd0e0f4a5c9d8e343b68197e552d4d56f001306226473f4ca2cb2dc65962370e2
1664092163|1125165562913907284|0xfda746f4c3f9f5a02b3e63ed6d0ebbc002d1f788|0|0xd0e0f4a5c9d8e343b68197e552d4d56f001306226473f4ca2cb2dc65962370e2
1664092163|1125165562913907284|0x68dfb9b374b0a1ce996770ddf32916a530b4785f|0|0xd0e0f4a5c9d8e343b68197e552d4d56f001306226473f4ca2cb2dc65962370e2
1664092163|1495958759783263094|0xf8284136b169213e4c50ce09f3e1d9a9b484baea|0|0xd0e0f4a5c9d8e343b68197e552d4d56f001306226473f4ca2cb2dc65962370e2
1664092163|3004703491872366044|0x2dda8dc2f67f1eb94b250caefac9de16f70c5a51|0|0xd0e0f4a5c9d8e343b68197e552d4d56f001306226473f4ca2cb2dc65962370e2
1662880342|5690380002165254502|0xaf28bcb48c40dbc86f52d459a6562f658fc94b1e|5|0x71fc26f58f57c3e4513f063741b007fba44a24d3218fb4441f40bba0b1b230a2
1662880342|10540914763047082889|0x6860f1a0cf179ed93abd3739c7f6c8961a4eea3c|0|0x71fc26f58f57c3e4513f063741b007fba44a24d3218fb4441f40bba0b1b230a2
1662880342|3753594037572863662|0xaf28bcb48c40dbc86f52d459a6562f658fc94b1e|33|0x71fc26f58f57c3e4513f063741b007fba44a24d3218fb4441f40bba0b1b230a2
1662880342|34185129259995783451|0xaf28bcb48c40dbc86f52d459a6562f658fc94b1e|329|0x71fc26f58f57c3e4513f063741b007fba44a24d3218fb4441f40bba0b1b230a2
1662880342|2845190001082627251|0x5bd9c90827ac6391e91a60c5de8b63dcaa48b7aa|0|0x71fc26f58f57c3e4513f063741b007fba44a24d3218fb4441f40bba0b1b230a2
1662880342|2733781958871560521|0x25910143c255828f623786f46fe9a8941b7983bb|0|0x71fc26f58f57c3e4513f063741b007fba44a24d3218fb4441f40bba0b1b230a2
1662880342|9109749913104917976|0x5d95baebb8412ad827287240a5c281e3bb30d27e|0|0x71fc26f58f57c3e4513f063741b007fba44a24d3218fb4441f40bba0b1b230a2
1662880342|1705400030769406093|0xa8488938161c9afa127e93fef6d3447051588664|0|0x71fc26f58f57c3e4513f063741b007fba44a24d3218fb4441f40bba0b1b230a2
1662880342|848415090684277403|0x5706d5ad7a68bf8692bd341234be44ca7bf2f654|0|0x71fc26f58f57c3e4513f063741b007fba44a24d3218fb4441f40bba0b1b230a2
1662880342|4550590031852033344|0xb045708e396e20071324c1aed2e4cfb90a0764fe|0|0x71fc26f58f57c3e4513f063741b007fba44a24d3218fb4441f40bba0b1b230a2
1662880342|4550590031852033344|0x428f196c4d754a96642854ac5d9f29a0e6ec707e|0|0x71fc26f58f57c3e4513f063741b007fba44a24d3218fb4441f40bba0b1b230a2
1662880342|848415090684277403|0xfda746f4c3f9f5a02b3e63ed6d0ebbc002d1f788|0|0x71fc26f58f57c3e4513f063741b007fba44a24d3218fb4441f40bba0b1b230a2
1662880342|848415090684277403|0x68dfb9b374b0a1ce996770ddf32916a530b4785f|0|0x71fc26f58f57c3e4513f063741b007fba44a24d3218fb4441f40bba0b1b230a2
1662880342|1131220120912369871|0xf8284136b169213e4c50ce09f3e1d9a9b484baea|0|0x71fc26f58f57c3e4513f063741b007fba44a24d3218fb4441f40bba0b1b230a2
1662880342|2271010091225591028|0x2dda8dc2f67f1eb94b250caefac9de16f70c5a51|0|0x71fc26f58f57c3e4513f063741b007fba44a24d3218fb4441f40bba0b1b230a2
1661753625|6885018574293728849|0xaf28bcb48c40dbc86f52d459a6562f658fc94b1e|5|0x60db193e6e5d9ad8aeb34fe11f0b158cbbb554b48ad1e8e42b7e60eba42723a8
1661753625|12748457885631973975|0x6860f1a0cf179ed93abd3739c7f6c8961a4eea3c|0|0x60db193e6e5d9ad8aeb34fe11f0b158cbbb554b48ad1e8e42b7e60eba42723a8
1661753625|1372747134596431254|0x6212ce06dcac01706e6be5310c3228ede1a02adf|0|0x60db193e6e5d9ad8aeb34fe11f0b158cbbb554b48ad1e8e42b7e60eba42723a8
1661753625|4543899430020745315|0xaf28bcb48c40dbc86f52d459a6562f658fc94b1e|33|0x60db193e6e5d9ad8aeb34fe11f0b158cbbb554b48ad1e8e42b7e60eba42723a8
1661753625|41352677248385518253|0xaf28bcb48c40dbc86f52d459a6562f658fc94b1e|329|0x60db193e6e5d9ad8aeb34fe11f0b158cbbb554b48ad1e8e42b7e60eba42723a8
1661753625|3437188561818971280|0x5bd9c90827ac6391e91a60c5de8b63dcaa48b7aa|0|0x60db193e6e5d9ad8aeb34fe11f0b158cbbb554b48ad1e8e42b7e60eba42723a8
1661753625|1372747134596431254|0x34724d71ce674fcd4d06e60dd1baa88c14d36b75|0|0x60db193e6e5d9ad8aeb34fe11f0b158cbbb554b48ad1e8e42b7e60eba42723a8
1661753625|3298849703293749526|0x25910143c255828f623786f46fe9a8941b7983bb|0|0x60db193e6e5d9ad8aeb34fe11f0b158cbbb554b48ad1e8e42b7e60eba42723a8
1661753625|11024542879394595190|0x5d95baebb8412ad827287240a5c281e3bb30d27e|0|0x60db193e6e5d9ad8aeb34fe11f0b158cbbb554b48ad1e8e42b7e60eba42723a8
1661753625|2064441427222540026|0xa8488938161c9afa127e93fef6d3447051588664|0|0x60db193e6e5d9ad8aeb34fe11f0b158cbbb554b48ad1e8e42b7e60eba42723a8
1661753625|2756135719848648797|0x2dda8dc2f67f1eb94b250caefac9de16f70c5a51|0|0x60db193e6e5d9ad8aeb34fe11f0b158cbbb554b48ad1e8e42b7e60eba42723a8
1661753625|1032220713611270013|0x5706d5ad7a68bf8692bd341234be44ca7bf2f654|0|0x60db193e6e5d9ad8aeb34fe11f0b158cbbb554b48ad1e8e42b7e60eba42723a8
1661753625|5512271439697297595|0xb045708e396e20071324c1aed2e4cfb90a0764fe|0|0x60db193e6e5d9ad8aeb34fe11f0b158cbbb554b48ad1e8e42b7e60eba42723a8
1661753625|5512271439697297595|0x428f196c4d754a96642854ac5d9f29a0e6ec707e|0|0x60db193e6e5d9ad8aeb34fe11f0b158cbbb554b48ad1e8e42b7e60eba42723a8
1661753625|1032220713611270013|0xfda746f4c3f9f5a02b3e63ed6d0ebbc002d1f788|0|0x60db193e6e5d9ad8aeb34fe11f0b158cbbb554b48ad1e8e42b7e60eba42723a8
1661753625|1032220713611270013|0x68dfb9b374b0a1ce996770ddf32916a530b4785f|0|0x60db193e6e5d9ad8aeb34fe11f0b158cbbb554b48ad1e8e42b7e60eba42723a8
1661753625|1372747134596431254|0xf8284136b169213e4c50ce09f3e1d9a9b484baea|0|0x60db193e6e5d9ad8aeb34fe11f0b158cbbb554b48ad1e8e42b7e60eba42723a8
1660443473|5029555584622040668|0xaf28bcb48c40dbc86f52d459a6562f658fc94b1e|5|0xa5d68edbf660ca26e19cf8566a4db571728c32a6dc6f600f9a7af2f0d78c9908
1660443473|4023644467697632534|0x30670d81e487c80b9edc54370e6eaf943b6eab39|0|0xa5d68edbf660ca26e19cf8566a4db571728c32a6dc6f600f9a7af2f0d78c9908
1660443473|9302528448822304279|0x6860f1a0cf179ed93abd3739c7f6c8961a4eea3c|0|0xa5d68edbf660ca26e19cf8566a4db571728c32a6dc6f600f9a7af2f0d78c9908
1660443473|1005911116924408133|0x6212ce06dcac01706e6be5310c3228ede1a02adf|0|0xa5d68edbf660ca26e19cf8566a4db571728c32a6dc6f600f9a7af2f0d78c9908
1660443473|3318646932759158458|0xaf28bcb48c40dbc86f52d459a6562f658fc94b1e|33|0xa5d68edbf660ca26e19cf8566a4db571728c32a6dc6f600f9a7af2f0d78c9908
1660443473|30177333507732244010|0xaf28bcb48c40dbc86f52d459a6562f658fc94b1e|329|0xa5d68edbf660ca26e19cf8566a4db571728c32a6dc6f600f9a7af2f0d78c9908
1660443473|2510479026854078419|0x5bd9c90827ac6391e91a60c5de8b63dcaa48b7aa|0|0xa5d68edbf660ca26e19cf8566a4db571728c32a6dc6f600f9a7af2f0d78c9908
1660443473|2261150630351447343|0xca6ed3fdc8162304d7f1fcfc9ca3a81632d5e5b0|0|0xa5d68edbf660ca26e19cf8566a4db571728c32a6dc6f600f9a7af2f0d78c9908
1660443473|1005911116924408133|0x34724d71ce674fcd4d06e60dd1baa88c14d36b75|0|0xa5d68edbf660ca26e19cf8566a4db571728c32a6dc6f600f9a7af2f0d78c9908
1660443473|2407308655887472456|0x25910143c255828f623786f46fe9a8941b7983bb|0|0xa5d68edbf660ca26e19cf8566a4db571728c32a6dc6f600f9a7af2f0d78c9908
1660443473|8047288935395265069|0x5d95baebb8412ad827287240a5c281e3bb30d27e|0|0xa5d68edbf660ca26e19cf8566a4db571728c32a6dc6f600f9a7af2f0d78c9908
1660443473|1504567909929670285|0xa8488938161c9afa127e93fef6d3447051588664|0|0xa5d68edbf660ca26e19cf8566a4db571728c32a6dc6f600f9a7af2f0d78c9908
1660443473|2011822233848816267|0x2dda8dc2f67f1eb94b250caefac9de16f70c5a51|0|0xa5d68edbf660ca26e19cf8566a4db571728c32a6dc6f600f9a7af2f0d78c9908
1660443473|747985189507893227|0x5706d5ad7a68bf8692bd341234be44ca7bf2f654|0|0xa5d68edbf660ca26e19cf8566a4db571728c32a6dc6f600f9a7af2f0d78c9908
1660443473|4023644467697632534|0xb045708e396e20071324c1aed2e4cfb90a0764fe|0|0xa5d68edbf660ca26e19cf8566a4db571728c32a6dc6f600f9a7af2f0d78c9908
1660443473|4023644467697632534|0x428f196c4d754a96642854ac5d9f29a0e6ec707e|0|0xa5d68edbf660ca26e19cf8566a4db571728c32a6dc6f600f9a7af2f0d78c9908
1660443473|747985189507893227|0xfda746f4c3f9f5a02b3e63ed6d0ebbc002d1f788|0|0xa5d68edbf660ca26e19cf8566a4db571728c32a6dc6f600f9a7af2f0d78c9908
1660443473|747985189507893227|0x68dfb9b374b0a1ce996770ddf32916a530b4785f|0|0xa5d68edbf660ca26e19cf8566a4db571728c32a6dc6f600f9a7af2f0d78c9908
1660443473|3017733350773224401|0xf8284136b169213e4c50ce09f3e1d9a9b484baea|0|0xa5d68edbf660ca26e19cf8566a4db571728c32a6dc6f600f9a7af2f0d78c9908
1659209503|5839511108773867610|0xaf28bcb48c40dbc86f52d459a6562f658fc94b1e|5|0x601573018be0c558db0554223740264fc5ae2d19ee32d273531238d6ceb722db
1659209503|4675137292522884944|0x30670d81e487c80b9edc54370e6eaf943b6eab39|0|0x601573018be0c558db0554223740264fc5ae2d19ee32d273531238d6ceb722db
1659209503|10805741855359498221|0x6860f1a0cf179ed93abd3739c7f6c8961a4eea3c|0|0x601573018be0c558db0554223740264fc5ae2d19ee32d273531238d6ceb722db
1659209503|1164373816250982665|0x6212ce06dcac01706e6be5310c3228ede1a02adf|0|0x601573018be0c558db0554223740264fc5ae2d19ee32d273531238d6ceb722db
1659209503|3854783012891510794|0xaf28bcb48c40dbc86f52d459a6562f658fc94b1e|33|0x601573018be0c558db0554223740264fc5ae2d19ee32d273531238d6ceb722db
1659209503|26886449938886327002|0xaf28bcb48c40dbc86f52d459a6562f658fc94b1e|329|0x601573018be0c558db0554223740264fc5ae2d19ee32d273531238d6ceb722db
1659209503|2919755554386933805|0x5bd9c90827ac6391e91a60c5de8b63dcaa48b7aa|0|0x601573018be0c558db0554223740264fc5ae2d19ee32d273531238d6ceb722db
1659209503|2628662100324188138|0xca6ed3fdc8162304d7f1fcfc9ca3a81632d5e5b0|0|0x601573018be0c558db0554223740264fc5ae2d19ee32d273531238d6ceb722db
1659209503|1164373816250982665|0x34724d71ce674fcd4d06e60dd1baa88c14d36b75|0|0x601573018be0c558db0554223740264fc5ae2d19ee32d273531238d6ceb722db
1659209503|2805082375513730966|0x25910143c255828f623786f46fe9a8941b7983bb|0|0x601573018be0c558db0554223740264fc5ae2d19ee32d273531238d6ceb722db
1659209503|9350274585045769889|0x5d95baebb8412ad827287240a5c281e3bb30d27e|0|0x601573018be0c558db0554223740264fc5ae2d19ee32d273531238d6ceb722db
1659209503|1746560724376473998|0xa8488938161c9afa127e93fef6d3447051588664|0|0x601573018be0c558db0554223740264fc5ae2d19ee32d273531238d6ceb722db
1659209503|2337568646261442472|0x2dda8dc2f67f1eb94b250caefac9de16f70c5a51|0|0x601573018be0c558db0554223740264fc5ae2d19ee32d273531238d6ceb722db
1659209503|873280362188236999|0x5706d5ad7a68bf8692bd341234be44ca7bf2f654|0|0x601573018be0c558db0554223740264fc5ae2d19ee32d273531238d6ceb722db
1659209503|4675137292522884944|0xb045708e396e20071324c1aed2e4cfb90a0764fe|0|0x601573018be0c558db0554223740264fc5ae2d19ee32d273531238d6ceb722db
1659209503|4675137292522884944|0x428f196c4d754a96642854ac5d9f29a0e6ec707e|0|0x601573018be0c558db0554223740264fc5ae2d19ee32d273531238d6ceb722db
1659209503|873280362188236999|0xfda746f4c3f9f5a02b3e63ed6d0ebbc002d1f788|0|0x601573018be0c558db0554223740264fc5ae2d19ee32d273531238d6ceb722db
1659209503|873280362188236999|0x68dfb9b374b0a1ce996770ddf32916a530b4785f|0|0x601573018be0c558db0554223740264fc5ae2d19ee32d273531238d6ceb722db
1658000047|7410256526855084510|0xaf28bcb48c40dbc86f52d459a6562f658fc94b1e|5|0xc584c57340acec779922dc3f68d3f77353b6cb09278b038e65200ec5f4af2b61
1658000047|5928205221484067608|0x30670d81e487c80b9edc54370e6eaf943b6eab39|0|0xc584c57340acec779922dc3f68d3f77353b6cb09278b038e65200ec5f4af2b61
1658000047|13706270101496922736|0x6860f1a0cf179ed93abd3739c7f6c8961a4eea3c|0|0xc584c57340acec779922dc3f68d3f77353b6cb09278b038e65200ec5f4af2b61
1658000047|1482051305371016902|0x6212ce06dcac01706e6be5310c3228ede1a02adf|0|0xc584c57340acec779922dc3f68d3f77353b6cb09278b038e65200ec5f4af2b61
1658000047|4889687518450362333|0xaf28bcb48c40dbc86f52d459a6562f658fc94b1e|33|0xc584c57340acec779922dc3f68d3f77353b6cb09278b038e65200ec5f4af2b61
1658000047|34097997916273323177|0xaf28bcb48c40dbc86f52d459a6562f658fc94b1e|329|0xc584c57340acec779922dc3f68d3f77353b6cb09278b038e65200ec5f4af2b61
1658000047|3699719317057575040|0x28c173b8f20488eef1b0f48df8453a2f59c38337|0|0xc584c57340acec779922dc3f68d3f77353b6cb09278b038e65200ec5f4af2b61
1658000047|3331910963899804422|0xca6ed3fdc8162304d7f1fcfc9ca3a81632d5e5b0|0|0xc584c57340acec779922dc3f68d3f77353b6cb09278b038e65200ec5f4af2b61
1658000047|1482051305371016902|0x34724d71ce674fcd4d06e60dd1baa88c14d36b75|0|0xc584c57340acec779922dc3f68d3f77353b6cb09278b038e65200ec5f4af2b61
1658000047|3548268818698493020|0x25910143c255828f623786f46fe9a8941b7983bb|0|0xc584c57340acec779922dc3f68d3f77353b6cb09278b038e65200ec5f4af2b61
1658000047|11856410442968135216|0x5d95baebb8412ad827287240a5c281e3bb30d27e|0|0xc584c57340acec779922dc3f68d3f77353b6cb09278b038e65200ec5f4af2b61
1658000047|1482051305371016902|0xa8488938161c9afa127e93fef6d3447051588664|0|0xc584c57340acec779922dc3f68d3f77353b6cb09278b038e65200ec5f4af2b61
1658000047|2217668011686558138|0x2dda8dc2f67f1eb94b250caefac9de16f70c5a51|0|0xc584c57340acec779922dc3f68d3f77353b6cb09278b038e65200ec5f4af2b61
1658000047|1103425059473311854|0x5706d5ad7a68bf8692bd341234be44ca7bf2f654|0|0xc584c57340acec779922dc3f68d3f77353b6cb09278b038e65200ec5f4af2b61
1658000047|5928205221484067608|0xb045708e396e20071324c1aed2e4cfb90a0764fe|0|0xc584c57340acec779922dc3f68d3f77353b6cb09278b038e65200ec5f4af2b61
1658000047|5928205221484067608|0x428f196c4d754a96642854ac5d9f29a0e6ec707e|0|0xc584c57340acec779922dc3f68d3f77353b6cb09278b038e65200ec5f4af2b61
1656792632|9388588988388052216|0xaf28bcb48c40dbc86f52d459a6562f658fc94b1e|5|0xad409e7d219517e2b272e94df07ae99c446d7577d6b4f03b8f4f3a91160f7d94
1656792632|7488952305912648655|0x30670d81e487c80b9edc54370e6eaf943b6eab39|0|0xad409e7d219517e2b272e94df07ae99c446d7577d6b4f03b8f4f3a91160f7d94
1656792632|17352450464919551762|0x6860f1a0cf179ed93abd3739c7f6c8961a4eea3c|0|0xad409e7d219517e2b272e94df07ae99c446d7577d6b4f03b8f4f3a91160f7d94
1656792632|1863105207812415031|0x6212ce06dcac01706e6be5310c3228ede1a02adf|0|0xad409e7d219517e2b272e94df07ae99c446d7577d6b4f03b8f4f3a91160f7d94
1656792632|6173819218045061574|0xaf28bcb48c40dbc86f52d459a6562f658fc94b1e|33|0xad409e7d219517e2b272e94df07ae99c446d7577d6b4f03b8f4f3a91160f7d94
1656792632|43180203051652442491|0xaf28bcb48c40dbc86f52d459a6562f658fc94b1e|329|0xad409e7d219517e2b272e94df07ae99c446d7577d6b4f03b8f4f3a91160f7d94
1656792632|4676028756862531843|0x28c173b8f20488eef1b0f48df8453a2f59c38337|0|0xad409e7d219517e2b272e94df07ae99c446d7577d6b4f03b8f4f3a91160f7d94
1656792632|4201119586243680953|0xca6ed3fdc8162304d7f1fcfc9ca3a81632d5e5b0|0|0xad409e7d219517e2b272e94df07ae99c446d7577d6b4f03b8f4f3a91160f7d94
1656792632|1863105207812415031|0x34724d71ce674fcd4d06e60dd1baa88c14d36b75|0|0xad409e7d219517e2b272e94df07ae99c446d7577d6b4f03b8f4f3a91160f7d94
1656792632|1863105207812415031|0xf8284136b169213e4c50ce09f3e1d9a9b484baea|0|0xad409e7d219517e2b272e94df07ae99c446d7577d6b4f03b8f4f3a91160f7d94
1656792632|15014436086488285840|0x5d95baebb8412ad827287240a5c281e3bb30d27e|0|0xad409e7d219517e2b272e94df07ae99c446d7577d6b4f03b8f4f3a91160f7d94
1656792632|1863105207812415031|0xa8488938161c9afa127e93fef6d3447051588664|0|0xad409e7d219517e2b272e94df07ae99c446d7577d6b4f03b8f4f3a91160f7d94
1656792632|2812923549050116812|0x2dda8dc2f67f1eb94b250caefac9de16f70c5a51|0|0xad409e7d219517e2b272e94df07ae99c446d7577d6b4f03b8f4f3a91160f7d94
1656792632|1388196037193564141|0x5706d5ad7a68bf8692bd341234be44ca7bf2f654|0|0xad409e7d219517e2b272e94df07ae99c446d7577d6b4f03b8f4f3a91160f7d94
1656792632|7488952305912648655|0xb045708e396e20071324c1aed2e4cfb90a0764fe|0|0xad409e7d219517e2b272e94df07ae99c446d7577d6b4f03b8f4f3a91160f7d94
1656792632|7488952305912648655|0x428f196c4d754a96642854ac5d9f29a0e6ec707e|0|0xad409e7d219517e2b272e94df07ae99c446d7577d6b4f03b8f4f3a91160f7d94
1656792632|5443189724785290973|0x835f397d5cd21ebae820fdc3fc6eac98520534ee|0|0xad409e7d219517e2b272e94df07ae99c446d7577d6b4f03b8f4f3a91160f7d94
1655590637|22081010522685754252|0x823b92d6a4b2aed4b15675c7917c9f922ea8adad|0|0x58f257d106d1d5a8ef2845cd1d60e8246b368ca0275b7a3527de711a0551bc0f
1655590637|10512905894871624591|0xaf28bcb48c40dbc86f52d459a6562f658fc94b1e|5|0x58f257d106d1d5a8ef2845cd1d60e8246b368ca0275b7a3527de711a0551bc0f
1655590637|8402508428986614450|0x30670d81e487c80b9edc54370e6eaf943b6eab39|0|0x58f257d106d1d5a8ef2845cd1d60e8246b368ca0275b7a3527de711a0551bc0f
1655590637|19462554407606204633|0x6860f1a0cf179ed93abd3739c7f6c8961a4eea3c|0|0x58f257d106d1d5a8ef2845cd1d60e8246b368ca0275b7a3527de711a0551bc0f
1655590637|2071316031331584027|0x6212ce06dcac01706e6be5310c3228ede1a02adf|0|0x58f257d106d1d5a8ef2845cd1d60e8246b368ca0275b7a3527de711a0551bc0f
1655590637|6917413915956422128|0xaf28bcb48c40dbc86f52d459a6562f658fc94b1e|33|0x58f257d106d1d5a8ef2845cd1d60e8246b368ca0275b7a3527de711a0551bc0f
1655590637|48421897411694954901|0xaf28bcb48c40dbc86f52d459a6562f658fc94b1e|329|0x58f257d106d1d5a8ef2845cd1d60e8246b368ca0275b7a3527de711a0551bc0f
1655590637|5236912230159099238|0x28c173b8f20488eef1b0f48df8453a2f59c38337|0|0x58f257d106d1d5a8ef2845cd1d60e8246b368ca0275b7a3527de711a0551bc0f
1655590637|4728853580964559760|0xca6ed3fdc8162304d7f1fcfc9ca3a81632d5e5b0|0|0x58f257d106d1d5a8ef2845cd1d60e8246b368ca0275b7a3527de711a0551bc0f
1655590637|2071316031331584027|0x34724d71ce674fcd4d06e60dd1baa88c14d36b75|0|0x58f257d106d1d5a8ef2845cd1d60e8246b368ca0275b7a3527de711a0551bc0f
1655590637|2071316031331584027|0xf8284136b169213e4c50ce09f3e1d9a9b484baea|0|0x58f257d106d1d5a8ef2845cd1d60e8246b368ca0275b7a3527de711a0551bc0f
1655590637|16844098292526655014|0x5d95baebb8412ad827287240a5c281e3bb30d27e|0|0x58f257d106d1d5a8ef2845cd1d60e8246b368ca0275b7a3527de711a0551bc0f
1655590637|2071316031331584027|0xa8488938161c9afa127e93fef6d3447051588664|0|0x58f257d106d1d5a8ef2845cd1d60e8246b368ca0275b7a3527de711a0551bc0f
1655590637|3126514764274089097|0x2dda8dc2f67f1eb94b250caefac9de16f70c5a51|0|0x58f257d106d1d5a8ef2845cd1d60e8246b368ca0275b7a3527de711a0551bc0f
1655590637|1016117298389078956|0x68dfb9b374b0a1ce996770ddf32916a530b4785f|0|0x58f257d106d1d5a8ef2845cd1d60e8246b368ca0275b7a3527de711a0551bc0f
1655590637|1016117298389078956|0xfda746f4c3f9f5a02b3e63ed6d0ebbc002d1f788|0|0x58f257d106d1d5a8ef2845cd1d60e8246b368ca0275b7a3527de711a0551bc0f
1655590637|1563257382137044548|0x5706d5ad7a68bf8692bd341234be44ca7bf2f654|0|0x58f257d106d1d5a8ef2845cd1d60e8246b368ca0275b7a3527de711a0551bc0f
1655590637|8402508428986614450|0xb045708e396e20071324c1aed2e4cfb90a0764fe|0|0x58f257d106d1d5a8ef2845cd1d60e8246b368ca0275b7a3527de711a0551bc0f
1655590637|5236912230159099238|0x428f196c4d754a96642854ac5d9f29a0e6ec707e|0|0x58f257d106d1d5a8ef2845cd1d60e8246b368ca0275b7a3527de711a0551bc0f
1655590637|2344886073205566823|0x835f397d5cd21ebae820fdc3fc6eac98520534ee|0|0x58f257d106d1d5a8ef2845cd1d60e8246b368ca0275b7a3527de711a0551bc0f
1654399506|11641827938935231852|0x823b92d6a4b2aed4b15675c7917c9f922ea8adad|0|0xcea799f135dd4eea9a02e6ab8cbe7fa10d22fee09545dfacfa9af20d5c7a69f7
1654399506|4415865769940950012|0xaf28bcb48c40dbc86f52d459a6562f658fc94b1e|8|0xcea799f135dd4eea9a02e6ab8cbe7fa10d22fee09545dfacfa9af20d5c7a69f7
1654399506|5084936341144124257|0xaf28bcb48c40dbc86f52d459a6562f658fc94b1e|5|0xcea799f135dd4eea9a02e6ab8cbe7fa10d22fee09545dfacfa9af20d5c7a69f7
1654399506|4415865769940950012|0x30670d81e487c80b9edc54370e6eaf943b6eab39|0|0xcea799f135dd4eea9a02e6ab8cbe7fa10d22fee09545dfacfa9af20d5c7a69f7
1654399506|10303686796528883363|0x6860f1a0cf179ed93abd3739c7f6c8961a4eea3c|0|0xcea799f135dd4eea9a02e6ab8cbe7fa10d22fee09545dfacfa9af20d5c7a69f7
1654399506|1070512913925078791|0x6212ce06dcac01706e6be5310c3228ede1a02adf|0|0xcea799f135dd4eea9a02e6ab8cbe7fa10d22fee09545dfacfa9af20d5c7a69f7
1654399506|3612981084497140919|0xaf28bcb48c40dbc86f52d459a6562f658fc94b1e|33|0xcea799f135dd4eea9a02e6ab8cbe7fa10d22fee09545dfacfa9af20d5c7a69f7
1654399506|25558495819961256135|0xaf28bcb48c40dbc86f52d459a6562f658fc94b1e|329|0xcea799f135dd4eea9a02e6ab8cbe7fa10d22fee09545dfacfa9af20d5c7a69f7
1654399506|2676282284812696977|0x28c173b8f20488eef1b0f48df8453a2f59c38337|0|0xcea799f135dd4eea9a02e6ab8cbe7fa10d22fee09545dfacfa9af20d5c7a69f7
1654399506|2408654056331427279|0xca6ed3fdc8162304d7f1fcfc9ca3a81632d5e5b0|0|0xcea799f135dd4eea9a02e6ab8cbe7fa10d22fee09545dfacfa9af20d5c7a69f7
1654399506|1605769370887618186|0x34724d71ce674fcd4d06e60dd1baa88c14d36b75|0|0xcea799f135dd4eea9a02e6ab8cbe7fa10d22fee09545dfacfa9af20d5c7a69f7
1654399506|1070512913925078791|0xf8284136b169213e4c50ce09f3e1d9a9b484baea|0|0xcea799f135dd4eea9a02e6ab8cbe7fa10d22fee09545dfacfa9af20d5c7a69f7
1654399506|8831731539881900025|0x5d95baebb8412ad827287240a5c281e3bb30d27e|0|0xcea799f135dd4eea9a02e6ab8cbe7fa10d22fee09545dfacfa9af20d5c7a69f7
1654399506|1070512913925078791|0xa8488938161c9afa127e93fef6d3447051588664|0|0xcea799f135dd4eea9a02e6ab8cbe7fa10d22fee09545dfacfa9af20d5c7a69f7
1654399506|1605769370887618186|0x2dda8dc2f67f1eb94b250caefac9de16f70c5a51|0|0xcea799f135dd4eea9a02e6ab8cbe7fa10d22fee09545dfacfa9af20d5c7a69f7
1654399506|535256456962539395|0x68dfb9b374b0a1ce996770ddf32916a530b4785f|0|0xcea799f135dd4eea9a02e6ab8cbe7fa10d22fee09545dfacfa9af20d5c7a69f7
1654399506|535256456962539395|0xfda746f4c3f9f5a02b3e63ed6d0ebbc002d1f788|0|0xcea799f135dd4eea9a02e6ab8cbe7fa10d22fee09545dfacfa9af20d5c7a69f7
1654399506|802884685443809093|0x5706d5ad7a68bf8692bd341234be44ca7bf2f654|0|0xcea799f135dd4eea9a02e6ab8cbe7fa10d22fee09545dfacfa9af20d5c7a69f7
1654399506|4415865769940950012|0xb045708e396e20071324c1aed2e4cfb90a0764fe|0|0xcea799f135dd4eea9a02e6ab8cbe7fa10d22fee09545dfacfa9af20d5c7a69f7
1654399506|5486378683866028803|0x7e90e03654732abedf89faf87f05bcd03aceefdc|0|0xcea799f135dd4eea9a02e6ab8cbe7fa10d22fee09545dfacfa9af20d5c7a69f7
1654399506|16726764280079356109|0x8cc0091a0097d4b6db702272f9cd30b8a61b57c8|0|0xcea799f135dd4eea9a02e6ab8cbe7fa10d22fee09545dfacfa9af20d5c7a69f7
1654399506|535256456962539395|0x7d0068d0d8fc2aa15d897448b348fa9b30f6d4c9|0|0xcea799f135dd4eea9a02e6ab8cbe7fa10d22fee09545dfacfa9af20d5c7a69f7
1653189608|10636586525377473762|0x823b92d6a4b2aed4b15675c7917c9f922ea8adad|0|0xb76c7ce03f896845661796d42f006228f88b78585793c042240c980368e009c8
1653189608|4046916758813651633|0xaf28bcb48c40dbc86f52d459a6562f658fc94b1e|8|0xb76c7ce03f896845661796d42f006228f88b78585793c042240c980368e009c8
1653189608|4655744943767917808|0xaf28bcb48c40dbc86f52d459a6562f658fc94b1e|5|0xb76c7ce03f896845661796d42f006228f88b78585793c042240c980368e009c8
1653189608|4046916758813651633|0x30670d81e487c80b9edc54370e6eaf943b6eab39|0|0xb76c7ce03f896845661796d42f006228f88b78585793c042240c980368e009c8
1653189608|9371178925276449947|0x6860f1a0cf179ed93abd3739c7f6c8961a4eea3c|0|0xb76c7ce03f896845661796d42f006228f88b78585793c042240c980368e009c8
1653189608|1742919902025938461|0x6212ce06dcac01706e6be5310c3228ede1a02adf|0|0xb76c7ce03f896845661796d42f006228f88b78585793c042240c980368e009c8
1653189608|3342586113474402529|0xaf28bcb48c40dbc86f52d459a6562f658fc94b1e|33|0xb76c7ce03f896845661796d42f006228f88b78585793c042240c980368e009c8
1653189608|23302600333935834773|0xaf28bcb48c40dbc86f52d459a6562f658fc94b1e|329|0xb76c7ce03f896845661796d42f006228f88b78585793c042240c980368e009c8
1653189608|2530815200202047629|0x28c173b8f20488eef1b0f48df8453a2f59c38337|0|0xb76c7ce03f896845661796d42f006228f88b78585793c042240c980368e009c8
1653189608|5061630400404095258|0x7cf2ebb5ca55a8bd671a020f8bdbaf07f60f26c1|0|0xb76c7ce03f896845661796d42f006228f88b78585793c042240c980368e009c8
1653189608|2280121241691467439|0xca6ed3fdc8162304d7f1fcfc9ca3a81632d5e5b0|0|0xb76c7ce03f896845661796d42f006228f88b78585793c042240c980368e009c8
1653189608|1516101558611604004|0x34724d71ce674fcd4d06e60dd1baa88c14d36b75|0|0xb76c7ce03f896845661796d42f006228f88b78585793c042240c980368e009c8
1653189608|1002775834042320758|0xf8284136b169213e4c50ce09f3e1d9a9b484baea|0|0xb76c7ce03f896845661796d42f006228f88b78585793c042240c980368e009c8
1653189608|8105771325175426132|0x5d95baebb8412ad827287240a5c281e3bb30d27e|0|0xb76c7ce03f896845661796d42f006228f88b78585793c042240c980368e009c8
1653189608|1002775834042320758|0xa8488938161c9afa127e93fef6d3447051588664|0|0xb76c7ce03f896845661796d42f006228f88b78585793c042240c980368e009c8
1653189608|1516101558611604004|0x2dda8dc2f67f1eb94b250caefac9de16f70c5a51|0|0xb76c7ce03f896845661796d42f006228f88b78585793c042240c980368e009c8
1653189608|501387917021160379|0x68dfb9b374b0a1ce996770ddf32916a530b4785f|0|0xb76c7ce03f896845661796d42f006228f88b78585793c042240c980368e009c8
1653189608|501387917021160379|0xfda746f4c3f9f5a02b3e63ed6d0ebbc002d1f788|0|0xb76c7ce03f896845661796d42f006228f88b78585793c042240c980368e009c8
1653189608|10123260800808190516|0x752515a3a1091b9f1c04416cf79d1f14d2340085|0|0xb76c7ce03f896845661796d42f006228f88b78585793c042240c980368e009c8
1653189608|4810936441893515068|0x5706d5ad7a68bf8692bd341234be44ca7bf2f654|0|0xb76c7ce03f896845661796d42f006228f88b78585793c042240c980368e009c8
1653189608|1516101558611604004|0x1864822f9b32ed59a456a1eeec2a83c76637f33f|0|0xb76c7ce03f896845661796d42f006228f88b78585793c042240c980368e009c8
1653189608|752081875531740569|0x25910143c255828f623786f46fe9a8941b7983bb|0|0xb76c7ce03f896845661796d42f006228f88b78585793c042240c980368e009c8
1651960699|7946342026264132069|0x823b92d6a4b2aed4b15675c7917c9f922ea8adad|0|0xc1b126a3c35b3f6e62e84acc4e56cb7096a3b1644e9bce0e04d2715965f638e7
1651960699|3023765856702852780|0xaf28bcb48c40dbc86f52d459a6562f658fc94b1e|8|0xc1b126a3c35b3f6e62e84acc4e56cb7096a3b1644e9bce0e04d2715965f638e7
1651960699|3475181138627686252|0xaf28bcb48c40dbc86f52d459a6562f658fc94b1e|5|0xc1b126a3c35b3f6e62e84acc4e56cb7096a3b1644e9bce0e04d2715965f638e7
1651960699|3023765856702852780|0x30670d81e487c80b9edc54370e6eaf943b6eab39|0|0xc1b126a3c35b3f6e62e84acc4e56cb7096a3b1644e9bce0e04d2715965f638e7
1651960699|7000519530802576223|0x6860f1a0cf179ed93abd3739c7f6c8961a4eea3c|0|0xc1b126a3c35b3f6e62e84acc4e56cb7096a3b1644e9bce0e04d2715965f638e7
1651960699|300943521283222314|0x6212ce06dcac01706e6be5310c3228ede1a02adf|0|0xc1b126a3c35b3f6e62e84acc4e56cb7096a3b1644e9bce0e04d2715965f638e7
1651960699|2493532033489556321|0xaf28bcb48c40dbc86f52d459a6562f658fc94b1e|33|0xc1b126a3c35b3f6e62e84acc4e56cb7096a3b1644e9bce0e04d2715965f638e7
1651960699|17404566980879690529|0xaf28bcb48c40dbc86f52d459a6562f658fc94b1e|329|0xc1b126a3c35b3f6e62e84acc4e56cb7096a3b1644e9bce0e04d2715965f638e7
1651960699|1891644990923111691|0x28c173b8f20488eef1b0f48df8453a2f59c38337|0|0xc1b126a3c35b3f6e62e84acc4e56cb7096a3b1644e9bce0e04d2715965f638e7
1651960699|3783289981846223383|0x7cf2ebb5ca55a8bd671a020f8bdbaf07f60f26c1|0|0xc1b126a3c35b3f6e62e84acc4e56cb7096a3b1644e9bce0e04d2715965f638e7
1651960699|1053302324491278101|0xca6ed3fdc8162304d7f1fcfc9ca3a81632d5e5b0|0|0xc1b126a3c35b3f6e62e84acc4e56cb7096a3b1644e9bce0e04d2715965f638e7
1651960699|1132120865779741088|0x34724d71ce674fcd4d06e60dd1baa88c14d36b75|0|0xc1b126a3c35b3f6e62e84acc4e56cb7096a3b1644e9bce0e04d2715965f638e7
1651960699|752358803208055786|0xf8284136b169213e4c50ce09f3e1d9a9b484baea|0|0xc1b126a3c35b3f6e62e84acc4e56cb7096a3b1644e9bce0e04d2715965f638e7
1651960699|6054697035341020377|0x5d95baebb8412ad827287240a5c281e3bb30d27e|0|0xc1b126a3c35b3f6e62e84acc4e56cb7096a3b1644e9bce0e04d2715965f638e7
1651960699|752358803208055786|0xa8488938161c9afa127e93fef6d3447051588664|0|0xc1b126a3c35b3f6e62e84acc4e56cb7096a3b1644e9bce0e04d2715965f638e7
1651960699|1132120865779741088|0x2dda8dc2f67f1eb94b250caefac9de16f70c5a51|0|0xc1b126a3c35b3f6e62e84acc4e56cb7096a3b1644e9bce0e04d2715965f638e7
1651960699|372596740636370484|0x68dfb9b374b0a1ce996770ddf32916a530b4785f|0|0xc1b126a3c35b3f6e62e84acc4e56cb7096a3b1644e9bce0e04d2715965f638e7
1651960699|372596740636370484|0xfda746f4c3f9f5a02b3e63ed6d0ebbc002d1f788|0|0xc1b126a3c35b3f6e62e84acc4e56cb7096a3b1644e9bce0e04d2715965f638e7
1650751347|7076073922883788229|0x823b92d6a4b2aed4b15675c7917c9f922ea8adad|0|0xefb74a161ebe27cea857826488a839ee7f93d112eb43a9ea2d43967d03a1be62
1650751347|2694846838406256641|0xaf28bcb48c40dbc86f52d459a6562f658fc94b1e|8|0xefb74a161ebe27cea857826488a839ee7f93d112eb43a9ea2d43967d03a1be62
1650751347|3098233475340249319|0xaf28bcb48c40dbc86f52d459a6562f658fc94b1e|5|0xefb74a161ebe27cea857826488a839ee7f93d112eb43a9ea2d43967d03a1be62
1650751347|3070220514442055383|0x30670d81e487c80b9edc54370e6eaf943b6eab39|0|0xefb74a161ebe27cea857826488a839ee7f93d112eb43a9ea2d43967d03a1be62
1650751347|3266311240729412935|0x6860f1a0cf179ed93abd3739c7f6c8961a4eea3c|0|0xefb74a161ebe27cea857826488a839ee7f93d112eb43a9ea2d43967d03a1be62
1650751347|717131798993764761|0x6212ce06dcac01706e6be5310c3228ede1a02adf|0|0xefb74a161ebe27cea857826488a839ee7f93d112eb43a9ea2d43967d03a1be62
1650751347|2224229095316598517|0xaf28bcb48c40dbc86f52d459a6562f658fc94b1e|33|0xefb74a161ebe27cea857826488a839ee7f93d112eb43a9ea2d43967d03a1be62
1650751347|10112678884248010889|0xaf28bcb48c40dbc86f52d459a6562f658fc94b1e|329|0xefb74a161ebe27cea857826488a839ee7f93d112eb43a9ea2d43967d03a1be62
1650751347|1680777653891636158|0x28c173b8f20488eef1b0f48df8453a2f59c38337|0|0xefb74a161ebe27cea857826488a839ee7f93d112eb43a9ea2d43967d03a1be62
1650751347|3367157899962911105|0x7cf2ebb5ca55a8bd671a020f8bdbaf07f60f26c1|0|0xefb74a161ebe27cea857826488a839ee7f93d112eb43a9ea2d43967d03a1be62
1650751347|941235486179316249|0xca6ed3fdc8162304d7f1fcfc9ca3a81632d5e5b0|0|0xefb74a161ebe27cea857826488a839ee7f93d112eb43a9ea2d43967d03a1be62
1650751347|1008466592334981695|0x34724d71ce674fcd4d06e60dd1baa88c14d36b75|0|0xefb74a161ebe27cea857826488a839ee7f93d112eb43a9ea2d43967d03a1be62
1650751347|672311061556654463|0xf8284136b169213e4c50ce09f3e1d9a9b484baea|0|0xefb74a161ebe27cea857826488a839ee7f93d112eb43a9ea2d43967d03a1be62
1650751347|12684268694702214213|0x5d95baebb8412ad827287240a5c281e3bb30d27e|0|0xefb74a161ebe27cea857826488a839ee7f93d112eb43a9ea2d43967d03a1be62
1650751347|672311061556654463|0xa8488938161c9afa127e93fef6d3447051588664|0|0xefb74a161ebe27cea857826488a839ee7f93d112eb43a9ea2d43967d03a1be62
1650751347|924427709640399887|0x8ba60b93055713b86a952102239d894de4b85ab9|0|0xefb74a161ebe27cea857826488a839ee7f93d112eb43a9ea2d43967d03a1be62
1650751347|1008466592334981695|0x2dda8dc2f67f1eb94b250caefac9de16f70c5a51|0|0xefb74a161ebe27cea857826488a839ee7f93d112eb43a9ea2d43967d03a1be62
1650751347|375373676035798742|0xe7879a2d05dba966fcca34ee9c3f99eee7edefd1|0|0xefb74a161ebe27cea857826488a839ee7f93d112eb43a9ea2d43967d03a1be62
1650751347|375373676035798742|0xfc81f2346b3b3a82bd8bed00dd71af4f0cad56e1|0|0xefb74a161ebe27cea857826488a839ee7f93d112eb43a9ea2d43967d03a1be62
1649533401|4640874127697527497|0x823b92d6a4b2aed4b15675c7917c9f922ea8adad|0|0xee129e58b284a1e606c30f6e5061990a110fc9bb1e1b7f210847f483b53674c5
1649533401|2471769915838900514|0xaf28bcb48c40dbc86f52d459a6562f658fc94b1e|8|0xee129e58b284a1e606c30f6e5061990a110fc9bb1e1b7f210847f483b53674c5
1649533401|2844281551506929477|0xaf28bcb48c40dbc86f52d459a6562f658fc94b1e|5|0xee129e58b284a1e606c30f6e5061990a110fc9bb1e1b7f210847f483b53674c5
1649533401|2471769915838900514|0x30670d81e487c80b9edc54370e6eaf943b6eab39|0|0xee129e58b284a1e606c30f6e5061990a110fc9bb1e1b7f210847f483b53674c5
1649533401|2999494733035274879|0x6860f1a0cf179ed93abd3739c7f6c8961a4eea3c|0|0xee129e58b284a1e606c30f6e5061990a110fc9bb1e1b7f210847f483b53674c5
1649533401|958441395937532852|0x6212ce06dcac01706e6be5310c3228ede1a02adf|0|0xee129e58b284a1e606c30f6e5061990a110fc9bb1e1b7f210847f483b53674c5
1649533401|927398759631863772|0xf2cc5ab715d7f0c98bb49606ef8270e00180c98e|0|0xee129e58b284a1e606c30f6e5061990a110fc9bb1e1b7f210847f483b53674c5
1649533401|2041053337097742026|0xaf28bcb48c40dbc86f52d459a6562f658fc94b1e|33|0xee129e58b284a1e606c30f6e5061990a110fc9bb1e1b7f210847f483b53674c5
1649533401|9281748255395054994|0xaf28bcb48c40dbc86f52d459a6562f658fc94b1e|329|0xee129e58b284a1e606c30f6e5061990a110fc9bb1e1b7f210847f483b53674c5
1649533401|1544371156207036742|0x28c173b8f20488eef1b0f48df8453a2f59c38337|0|0xee129e58b284a1e606c30f6e5061990a110fc9bb1e1b7f210847f483b53674c5
1649533401|3092622641952282119|0x7cf2ebb5ca55a8bd671a020f8bdbaf07f60f26c1|0|0xee129e58b284a1e606c30f6e5061990a110fc9bb1e1b7f210847f483b53674c5
1649533401|865313487020525611|0xca6ed3fdc8162304d7f1fcfc9ca3a81632d5e5b0|0|0xee129e58b284a1e606c30f6e5061990a110fc9bb1e1b7f210847f483b53674c5
1649533401|927398759631863772|0x34724d71ce674fcd4d06e60dd1baa88c14d36b75|0|0xee129e58b284a1e606c30f6e5061990a110fc9bb1e1b7f210847f483b53674c5
1649533401|616972396575172969|0xf8284136b169213e4c50ce09f3e1d9a9b484baea|0|0xee129e58b284a1e606c30f6e5061990a110fc9bb1e1b7f210847f483b53674c5
1649533401|927398759631863772|0x4171160db0e7e2c75a4973b7523b437c010dd9d4|0|0xee129e58b284a1e606c30f6e5061990a110fc9bb1e1b7f210847f483b53674c5
1649533401|2165223882320418347|0x835f397d5cd21ebae820fdc3fc6eac98520534ee|0|0xee129e58b284a1e606c30f6e5061990a110fc9bb1e1b7f210847f483b53674c5
1648414161|4662509472521123358|0x823b92d6a4b2aed4b15675c7917c9f922ea8adad|0|0xde0a960051ad1bc39594bc766417c6f63bef9e52f4045022ef206c468ea4525a
1648414161|2484185046959254525|0xaf28bcb48c40dbc86f52d459a6562f658fc94b1e|8|0xde0a960051ad1bc39594bc766417c6f63bef9e52f4045022ef206c468ea4525a
1648414161|2857185804760944394|0xaf28bcb48c40dbc86f52d459a6562f658fc94b1e|5|0xde0a960051ad1bc39594bc766417c6f63bef9e52f4045022ef206c468ea4525a
1648414161|2484185046959254525|0x30670d81e487c80b9edc54370e6eaf943b6eab39|0|0xde0a960051ad1bc39594bc766417c6f63bef9e52f4045022ef206c468ea4525a
1648414161|3010116115459637240|0x6860f1a0cf179ed93abd3739c7f6c8961a4eea3c|0|0xde0a960051ad1bc39594bc766417c6f63bef9e52f4045022ef206c468ea4525a
1648414161|2126104319469632251|0x6212ce06dcac01706e6be5310c3228ede1a02adf|0|0xde0a960051ad1bc39594bc766417c6f63bef9e52f4045022ef206c468ea4525a
1648414161|884011795990004988|0x1ae766cc5947e1e4c3538ee1f3f47063d2b40e79|0|0xde0a960051ad1bc39594bc766417c6f63bef9e52f4045022ef206c468ea4525a
1648414161|932501894504224671|0xf2cc5ab715d7f0c98bb49606ef8270e00180c98e|0|0xde0a960051ad1bc39594bc766417c6f63bef9e52f4045022ef206c468ea4525a
1648414161|2051504167909294277|0xaf28bcb48c40dbc86f52d459a6562f658fc94b1e|33|0xde0a960051ad1bc39594bc766417c6f63bef9e52f4045022ef206c468ea4525a
1648414161|9325018945042246717|0xaf28bcb48c40dbc86f52d459a6562f658fc94b1e|329|0xde0a960051ad1bc39594bc766417c6f63bef9e52f4045022ef206c468ea4525a
1648414161|1551683152455029853|0x28c173b8f20488eef1b0f48df8453a2f59c38337|0|0xde0a960051ad1bc39594bc766417c6f63bef9e52f4045022ef206c468ea4525a
1648414161|3107096312488076606|0x7cf2ebb5ca55a8bd671a020f8bdbaf07f60f26c1|0|0xde0a960051ad1bc39594bc766417c6f63bef9e52f4045022ef206c468ea4525a
1648414161|869091765677937394|0xca6ed3fdc8162304d7f1fcfc9ca3a81632d5e5b0|0|0xde0a960051ad1bc39594bc766417c6f63bef9e52f4045022ef206c468ea4525a
1648414161|932501894504224671|0x34724d71ce674fcd4d06e60dd1baa88c14d36b75|0|0xde0a960051ad1bc39594bc766417c6f63bef9e52f4045022ef206c468ea4525a
1647115867|5950350149034966419|0x823b92d6a4b2aed4b15675c7917c9f922ea8adad|0|0xa0b7d803f790df016b221663eee6775aa7369f2f6e148bea343ea60b4e315784
1647115867|3175000266089552977|0xaf28bcb48c40dbc86f52d459a6562f658fc94b1e|8|0xa0b7d803f790df016b221663eee6775aa7369f2f6e148bea343ea60b4e315784
1647115867|2180314868041916799|0xaf28bcb48c40dbc86f52d459a6562f658fc94b1e|5|0xa0b7d803f790df016b221663eee6775aa7369f2f6e148bea343ea60b4e315784
1647115867|3175000266089552977|0x30670d81e487c80b9edc54370e6eaf943b6eab39|0|0xa0b7d803f790df016b221663eee6775aa7369f2f6e148bea343ea60b4e315784
1647115867|3845524797809164864|0x6860f1a0cf179ed93abd3739c7f6c8961a4eea3c|0|0xa0b7d803f790df016b221663eee6775aa7369f2f6e148bea343ea60b4e315784
1647115867|959160919545934885|0x6212ce06dcac01706e6be5310c3228ede1a02adf|0|0xa0b7d803f790df016b221663eee6775aa7369f2f6e148bea343ea60b4e315784
1647115867|1127902192429016022|0x1ae766cc5947e1e4c3538ee1f3f47063d2b40e79|0|0xa0b7d803f790df016b221663eee6775aa7369f2f6e148bea343ea60b4e315784
1647115867|1190070029806993283|0xf2cc5ab715d7f0c98bb49606ef8270e00180c98e|0|0xa0b7d803f790df016b221663eee6775aa7369f2f6e148bea343ea60b4e315784
1647115867|2619930289500470289|0xaf28bcb48c40dbc86f52d459a6562f658fc94b1e|33|0xa0b7d803f790df016b221663eee6775aa7369f2f6e148bea343ea60b4e315784
1647115867|11905140857882645499|0xaf28bcb48c40dbc86f52d459a6562f658fc94b1e|329|0xa0b7d803f790df016b221663eee6775aa7369f2f6e148bea343ea60b4e315784
1647115867|1980489676469847032|0x28c173b8f20488eef1b0f48df8453a2f59c38337|0|0xa0b7d803f790df016b221663eee6775aa7369f2f6e148bea343ea60b4e315784
1647115867|3965419912752406725|0x7cf2ebb5ca55a8bd671a020f8bdbaf07f60f26c1|0|0xa0b7d803f790df016b221663eee6775aa7369f2f6e148bea343ea60b4e315784
1647115867|1110139953178165376|0xca6ed3fdc8162304d7f1fcfc9ca3a81632d5e5b0|0|0xa0b7d803f790df016b221663eee6775aa7369f2f6e148bea343ea60b4e315784
1647115867|1190070029806993283|0x34724d71ce674fcd4d06e60dd1baa88c14d36b75|0|0xa0b7d803f790df016b221663eee6775aa7369f2f6e148bea343ea60b4e315784
1645916462|5343690397062921238|0x823b92d6a4b2aed4b15675c7917c9f922ea8adad|0|0x5281f4050ede054072a2588672d1c87f156339abbef7a2073925be296d93e463
1645916462|2848670412034757041|0xaf28bcb48c40dbc86f52d459a6562f658fc94b1e|8|0x5281f4050ede054072a2588672d1c87f156339abbef7a2073925be296d93e463
1645916462|1956433096192435644|0xaf28bcb48c40dbc86f52d459a6562f658fc94b1e|5|0x5281f4050ede054072a2588672d1c87f156339abbef7a2073925be296d93e463
1645916462|996061294413064250|0xca6ed3fdc8162304d7f1fcfc9ca3a81632d5e5b0|0|0x5281f4050ede054072a2588672d1c87f156339abbef7a2073925be296d93e463
1645916462|924682309145678538|0x30670d81e487c80b9edc54370e6eaf943b6eab39|0|0x5281f4050ede054072a2588672d1c87f156339abbef7a2073925be296d93e463
1645916462|1424335206017378520|0x754f37225ce0e30639093af47c16ef057b544b4f|0|0x5281f4050ede054072a2588672d1c87f156339abbef7a2073925be296d93e463
1645916462|1245887742848914241|0x6860f1a0cf179ed93abd3739c7f6c8961a4eea3c|0|0x5281f4050ede054072a2588672d1c87f156339abbef7a2073925be296d93e463
1645916462|1479491694633085661|0x6212ce06dcac01706e6be5310c3228ede1a02adf|0|0x5281f4050ede054072a2588672d1c87f156339abbef7a2073925be296d93e463
1645916462|1012283791064742821|0x1ae766cc5947e1e4c3538ee1f3f47063d2b40e79|0|0x5281f4050ede054072a2588672d1c87f156339abbef7a2073925be296d93e463
1645916462|1067440279680449962|0xf2cc5ab715d7f0c98bb49606ef8270e00180c98e|0|0x5281f4050ede054072a2588672d1c87f156339abbef7a2073925be296d93e463
1645916462|2349017515163057059|0xaf28bcb48c40dbc86f52d459a6562f658fc94b1e|33|0x5281f4050ede054072a2588672d1c87f156339abbef7a2073925be296d93e463
1645916462|10687380794125842477|0xaf28bcb48c40dbc86f52d459a6562f658fc94b1e|329|0x5281f4050ede054072a2588672d1c87f156339abbef7a2073925be296d93e463
1645916462|532097890175057123|0x34724d71ce674fcd4d06e60dd1baa88c14d36b75|0|0x5281f4050ede054072a2588672d1c87f156339abbef7a2073925be296d93e463
1645916462|551564886157071409|0x28c173b8f20488eef1b0f48df8453a2f59c38337|0|0x5281f4050ede054072a2588672d1c87f156339abbef7a2073925be296d93e463
1644808677|5262791273264266966|0x823b92d6a4b2aed4b15675c7917c9f922ea8adad|0|0x06329aeb3f8fe20517348a5f5a305289239e0ee183c783aa93e2cf79dbf0d5f0
1644808677|2805918335005030938|0xaf28bcb48c40dbc86f52d459a6562f658fc94b1e|8|0x06329aeb3f8fe20517348a5f5a305289239e0ee183c783aa93e2cf79dbf0d5f0
1644808677|1928221657751041792|0xaf28bcb48c40dbc86f52d459a6562f658fc94b1e|5|0x06329aeb3f8fe20517348a5f5a305289239e0ee183c783aa93e2cf79dbf0d5f0
1644808677|542206441546865881|0x28c173b8f20488eef1b0f48df8453a2f59c38337|0|0x06329aeb3f8fe20517348a5f5a305289239e0ee183c783aa93e2cf79dbf0d5f0
1644808677|979360385044026499|0xca6ed3fdc8162304d7f1fcfc9ca3a81632d5e5b0|0|0x06329aeb3f8fe20517348a5f5a305289239e0ee183c783aa93e2cf79dbf0d5f0
1644808677|911584579850668263|0x30670d81e487c80b9edc54370e6eaf943b6eab39|0|0x06329aeb3f8fe20517348a5f5a305289239e0ee183c783aa93e2cf79dbf0d5f0
1644808677|1402959167502515469|0x754f37225ce0e30639093af47c16ef057b544b4f|0|0x06329aeb3f8fe20517348a5f5a305289239e0ee183c783aa93e2cf79dbf0d5f0
1644808677|1226742073999784057|0x6860f1a0cf179ed93abd3739c7f6c8961a4eea3c|0|0x06329aeb3f8fe20517348a5f5a305289239e0ee183c783aa93e2cf79dbf0d5f0
1644808677|2094272380474769468|0x6212ce06dcac01706e6be5310c3228ede1a02adf|0|0x06329aeb3f8fe20517348a5f5a305289239e0ee183c783aa93e2cf79dbf0d5f0
1644808677|999693126602033969|0x1ae766cc5947e1e4c3538ee1f3f47063d2b40e79|0|0x06329aeb3f8fe20517348a5f5a305289239e0ee183c783aa93e2cf79dbf0d5f0
1644808677|711645954530261470|0xf0fe43a75ff248fd2e75d33fa1ebde71c6d1abad|0|0x06329aeb3f8fe20517348a5f5a305289239e0ee183c783aa93e2cf79dbf0d5f0
1644808677|1050524980497052646|0xf2cc5ab715d7f0c98bb49606ef8270e00180c98e|0|0x06329aeb3f8fe20517348a5f5a305289239e0ee183c783aa93e2cf79dbf0d5f0
1644808677|2314543747353183733|0xaf28bcb48c40dbc86f52d459a6562f658fc94b1e|33|0x06329aeb3f8fe20517348a5f5a305289239e0ee183c783aa93e2cf79dbf0d5f0
1644808677|10528971336788201844|0xaf28bcb48c40dbc86f52d459a6562f658fc94b1e|329|0x06329aeb3f8fe20517348a5f5a305289239e0ee183c783aa93e2cf79dbf0d5f0
1644808677|576094344143544999|0x27e1be845635885f23f05f8ea0e3a6c340076ccf|0|0x06329aeb3f8fe20517348a5f5a305289239e0ee183c783aa93e2cf79dbf0d5f0
1644808677|525262490248526323|0x34724d71ce674fcd4d06e60dd1baa88c14d36b75|0|0x06329aeb3f8fe20517348a5f5a305289239e0ee183c783aa93e2cf79dbf0d5f0
1643535180|5738830050189988519|0x823b92d6a4b2aed4b15675c7917c9f922ea8adad|0|0x6d233f13cdd192dfef7355c8290474bdcb64292f3201e9ab20df4c9bafb19e0f
1643535180|3828485807939245058|0x63a2368f4b509438ca90186cb1c15156713d5834|0|0x6d233f13cdd192dfef7355c8290474bdcb64292f3201e9ab20df4c9bafb19e0f
1643535180|3064348111038947674|0xaf28bcb48c40dbc86f52d459a6562f658fc94b1e|8|0x6d233f13cdd192dfef7355c8290474bdcb64292f3201e9ab20df4c9bafb19e0f
1643535180|2105277328194696875|0xaf28bcb48c40dbc86f52d459a6562f658fc94b1e|5|0x6d233f13cdd192dfef7355c8290474bdcb64292f3201e9ab20df4c9bafb19e0f
1643535180|569204610956343970|0x34724d71ce674fcd4d06e60dd1baa88c14d36b75|0|0x6d233f13cdd192dfef7355c8290474bdcb64292f3201e9ab20df4c9bafb19e0f
1643535180|592596581269618379|0x28c173b8f20488eef1b0f48df8453a2f59c38337|0|0x6d233f13cdd192dfef7355c8290474bdcb64292f3201e9ab20df4c9bafb19e0f
1643535180|631583198458409062|0xca6ed3fdc8162304d7f1fcfc9ca3a81632d5e5b0|0|0x6d233f13cdd192dfef7355c8290474bdcb64292f3201e9ab20df4c9bafb19e0f
1643535180|3064348111038947674|0x428f196c4d754a96642854ac5d9f29a0e6ec707e|0|0x6d233f13cdd192dfef7355c8290474bdcb64292f3201e9ab20df4c9bafb19e0f
1643535180|990260076595283345|0x30670d81e487c80b9edc54370e6eaf943b6eab39|0|0x6d233f13cdd192dfef7355c8290474bdcb64292f3201e9ab20df4c9bafb19e0f
1643535180|1528275393800594768|0x754f37225ce0e30639093af47c16ef057b544b4f|0|0x6d233f13cdd192dfef7355c8290474bdcb64292f3201e9ab20df4c9bafb19e0f
1643535180|1333342307856641354|0x6860f1a0cf179ed93abd3739c7f6c8961a4eea3c|0|0x6d233f13cdd192dfef7355c8290474bdcb64292f3201e9ab20df4c9bafb19e0f
1643535180|1676424539117999363|0x6212ce06dcac01706e6be5310c3228ede1a02adf|0|0x6d233f13cdd192dfef7355c8290474bdcb64292f3201e9ab20df4c9bafb19e0f
1643535180|1091625281286139120|0x1ae766cc5947e1e4c3538ee1f3f47063d2b40e79|0|0x6d233f13cdd192dfef7355c8290474bdcb64292f3201e9ab20df4c9bafb19e0f
1643535180|1107219928161655393|0xf0fe43a75ff248fd2e75d33fa1ebde71c6d1abad|0|0x6d233f13cdd192dfef7355c8290474bdcb64292f3201e9ab20df4c9bafb19e0f
1643535180|608191228145134652|0xd551b861414b7a2836e4b4615b8155c4b1ecc067|0|0x6d233f13cdd192dfef7355c8290474bdcb64292f3201e9ab20df4c9bafb19e0f
1643535180|764137696900297384|0xf8284136b169213e4c50ce09f3e1d9a9b484baea|0|0x6d233f13cdd192dfef7355c8290474bdcb64292f3201e9ab20df4c9bafb19e0f
1643535180|1146206545350446076|0xf2cc5ab715d7f0c98bb49606ef8270e00180c98e|0|0x6d233f13cdd192dfef7355c8290474bdcb64292f3201e9ab20df4c9bafb19e0f
1643535180|1910344242250743460|0xe16a238d207b9ac8b419c7a866b0de013c73357b|0|0x6d233f13cdd192dfef7355c8290474bdcb64292f3201e9ab20df4c9bafb19e0f
1642285394|4497606494524454054|0x823b92d6a4b2aed4b15675c7917c9f922ea8adad|0|0xcc308195b827d951a27bf3e379c8317ca63d680222623a8b9ba43c122bbb5ca5
1642285394|2997744759878815614|0x63a2368f4b509438ca90186cb1c15156713d5834|0|0xcc308195b827d951a27bf3e379c8317ca63d680222623a8b9ba43c122bbb5ca5
1642285394|2398195807903052491|0xaf28bcb48c40dbc86f52d459a6562f658fc94b1e|8|0xcc308195b827d951a27bf3e379c8317ca63d680222623a8b9ba43c122bbb5ca5
1642285394|1648264940580233271|0xaf28bcb48c40dbc86f52d459a6562f658fc94b1e|5|0xcc308195b827d951a27bf3e379c8317ca63d680222623a8b9ba43c122bbb5ca5
1642285394|449167036628707026|0x34724d71ce674fcd4d06e60dd1baa88c14d36b75|0|0xcc308195b827d951a27bf3e379c8317ca63d680222623a8b9ba43c122bbb5ca5
1642285394|463018002515935877|0x28c173b8f20488eef1b0f48df8453a2f59c38337|0|0xcc308195b827d951a27bf3e379c8317ca63d680222623a8b9ba43c122bbb5ca5
1642285394|494677353115316108|0xca6ed3fdc8162304d7f1fcfc9ca3a81632d5e5b0|0|0xcc308195b827d951a27bf3e379c8317ca63d680222623a8b9ba43c122bbb5ca5
1642285394|2398195807903052491|0x428f196c4d754a96642854ac5d9f29a0e6ec707e|0|0xcc308195b827d951a27bf3e379c8317ca63d680222623a8b9ba43c122bbb5ca5
1642285394|779611508509738186|0x30670d81e487c80b9edc54370e6eaf943b6eab39|0|0xcc308195b827d951a27bf3e379c8317ca63d680222623a8b9ba43c122bbb5ca5
1642285394|1207012741601371303|0x754f37225ce0e30639093af47c16ef057b544b4f|0|0xcc308195b827d951a27bf3e379c8317ca63d680222623a8b9ba43c122bbb5ca5
1642285394|1048715988604470149|0x6860f1a0cf179ed93abd3739c7f6c8961a4eea3c|0|0xcc308195b827d951a27bf3e379c8317ca63d680222623a8b9ba43c122bbb5ca5
1642285394|955716646218790720|0x6212ce06dcac01706e6be5310c3228ede1a02adf|0|0xcc308195b827d951a27bf3e379c8317ca63d680222623a8b9ba43c122bbb5ca5
1642285394|449167036628707026|0x1ae766cc5947e1e4c3538ee1f3f47063d2b40e79|0|0xcc308195b827d951a27bf3e379c8317ca63d680222623a8b9ba43c122bbb5ca5
1641068130|4010782261862253104|0x823b92d6a4b2aed4b15675c7917c9f922ea8adad|0|0x896b63989b0a7f1606300c3386017f2e8989070a3c3f34377c6e8cbee3021148
1641068130|2674690420879390039|0x63a2368f4b509438ca90186cb1c15156713d5834|0|0x896b63989b0a7f1606300c3386017f2e8989070a3c3f34377c6e8cbee3021148
1641068130|2138248293355313686|0xaf28bcb48c40dbc86f52d459a6562f658fc94b1e|8|0x896b63989b0a7f1606300c3386017f2e8989070a3c3f34377c6e8cbee3021148
1641068130|1471455742320714107|0xaf28bcb48c40dbc86f52d459a6562f658fc94b1e|5|0x896b63989b0a7f1606300c3386017f2e8989070a3c3f34377c6e8cbee3021148
1641068130|268221063762038176|0x6691af446bb121b19aec9c0ff6ed9c4721d5fee1|0|0x896b63989b0a7f1606300c3386017f2e8989070a3c3f34377c6e8cbee3021148
1641068130|401078226186225310|0x34724d71ce674fcd4d06e60dd1baa88c14d36b75|0|0x896b63989b0a7f1606300c3386017f2e8989070a3c3f34377c6e8cbee3021148
1641068130|416118659668208759|0x28c173b8f20488eef1b0f48df8453a2f59c38337|0|0x896b63989b0a7f1606300c3386017f2e8989070a3c3f34377c6e8cbee3021148
1641068130|1539137692989639628|0xca6ed3fdc8162304d7f1fcfc9ca3a81632d5e5b0|0|0x896b63989b0a7f1606300c3386017f2e8989070a3c3f34377c6e8cbee3021148
1641068130|1097951644184791787|0x5706d5ad7a68bf8692bd341234be44ca7bf2f654|0|0x896b63989b0a7f1606300c3386017f2e8989070a3c3f34377c6e8cbee3021148
1641068130|2138248293355313686|0x428f196c4d754a96642854ac5d9f29a0e6ec707e|0|0x896b63989b0a7f1606300c3386017f2e8989070a3c3f34377c6e8cbee3021148
1641068130|696873417998566476|0x30670d81e487c80b9edc54370e6eaf943b6eab39|0|0x896b63989b0a7f1606300c3386017f2e8989070a3c3f34377c6e8cbee3021148
1641068130|1072884255048152705|0x754f37225ce0e30639093af47c16ef057b544b4f|0|0x896b63989b0a7f1606300c3386017f2e8989070a3c3f34377c6e8cbee3021148
1641068130|937520353710301663|0x6860f1a0cf179ed93abd3739c7f6c8961a4eea3c|0|0x896b63989b0a7f1606300c3386017f2e8989070a3c3f34377c6e8cbee3021148
1641068130|215579546575096104|0x6212ce06dcac01706e6be5310c3228ede1a02adf|0|0x896b63989b0a7f1606300c3386017f2e8989070a3c3f34377c6e8cbee3021148
1641068130|320862580948980248|0xd209390a0b04f03507614fc07f9359e831911677|0|0x896b63989b0a7f1606300c3386017f2e8989070a3c3f34377c6e8cbee3021148
1641068130|536442127524076352|0xe16a238d207b9ac8b419c7a866b0de013c73357b|0|0x896b63989b0a7f1606300c3386017f2e8989070a3c3f34377c6e8cbee3021148
1641068130|1203234678558675931|0xf2cc5ab715d7f0c98bb49606ef8270e00180c98e|0|0x896b63989b0a7f1606300c3386017f2e8989070a3c3f34377c6e8cbee3021148
1641068130|536442127524076352|0x282947b894bab892119d9a3445f3ddfe4f2ec14c|0|0x896b63989b0a7f1606300c3386017f2e8989070a3c3f34377c6e8cbee3021148
1641068130|160431290474490124|0xf0fe43a75ff248fd2e75d33fa1ebde71c6d1abad|0|0x896b63989b0a7f1606300c3386017f2e8989070a3c3f34377c6e8cbee3021148
1641068130|1097951644184791787|0xa0d1a6f30db260e4d67fe20449a23e7b89537a1b|0|0x896b63989b0a7f1606300c3386017f2e8989070a3c3f34377c6e8cbee3021148
1641068130|1097951644184791787|0xc29c546064e8fb5506c5e5beaf1594866df7177e|0|0x896b63989b0a7f1606300c3386017f2e8989070a3c3f34377c6e8cbee3021148
1641068130|401078226186225310|0x1ae766cc5947e1e4c3538ee1f3f47063d2b40e79|0|0x896b63989b0a7f1606300c3386017f2e8989070a3c3f34377c6e8cbee3021148
1639857855|2533086550415370085|0x823b92d6a4b2aed4b15675c7917c9f922ea8adad|0|0x32714d4dcf1326a8bad2ccf5795f762f20132e50fc0ac8a18b09c2eb75c7f21d
1639857855|2533086550415370085|0x63a2368f4b509438ca90186cb1c15156713d5834|0|0x32714d4dcf1326a8bad2ccf5795f762f20132e50fc0ac8a18b09c2eb75c7f21d
1639857855|2025831183266700257|0xaf28bcb48c40dbc86f52d459a6562f658fc94b1e|8|0x32714d4dcf1326a8bad2ccf5795f762f20132e50fc0ac8a18b09c2eb75c7f21d
1639857855|633271637603842521|0xaf28bcb48c40dbc86f52d459a6562f658fc94b1e|5|0x32714d4dcf1326a8bad2ccf5795f762f20132e50fc0ac8a18b09c2eb75c7f21d
1639857855|1012915591633350128|0x754f37225ce0e30639093af47c16ef057b544b4f|0|0x32714d4dcf1326a8bad2ccf5795f762f20132e50fc0ac8a18b09c2eb75c7f21d
1639857855|253627683574334914|0x6691af446bb121b19aec9c0ff6ed9c4721d5fee1|0|0x32714d4dcf1326a8bad2ccf5795f762f20132e50fc0ac8a18b09c2eb75c7f21d
1639857855|1671709511861025094|0xaf28bcb48c40dbc86f52d459a6562f658fc94b1e|33|0x32714d4dcf1326a8bad2ccf5795f762f20132e50fc0ac8a18b09c2eb75c7f21d
1639857855|381239096693497135|0x34724d71ce674fcd4d06e60dd1baa88c14d36b75|0|0x32714d4dcf1326a8bad2ccf5795f762f20132e50fc0ac8a18b09c2eb75c7f21d
1639857855|558299932396334716|0x4b21eba221184432d344628ec8be3661f1062500|0|0x32714d4dcf1326a8bad2ccf5795f762f20132e50fc0ac8a18b09c2eb75c7f21d
1639857855|394000238005413357|0x28c173b8f20488eef1b0f48df8453a2f59c38337|0|0x32714d4dcf1326a8bad2ccf5795f762f20132e50fc0ac8a18b09c2eb75c7f21d
1639857855|304672248821999802|0xca6ed3fdc8162304d7f1fcfc9ca3a81632d5e5b0|0|0x32714d4dcf1326a8bad2ccf5795f762f20132e50fc0ac8a18b09c2eb75c7f21d
1639857855|153133695742994665|0x5706d5ad7a68bf8692bd341234be44ca7bf2f654|0|0x32714d4dcf1326a8bad2ccf5795f762f20132e50fc0ac8a18b09c2eb75c7f21d
1639857855|2025831183266700257|0x428f196c4d754a96642854ac5d9f29a0e6ec707e|0|0x32714d4dcf1326a8bad2ccf5795f762f20132e50fc0ac8a18b09c2eb75c7f21d
1639857855|596583356332083382|0x30670d81e487c80b9edc54370e6eaf943b6eab39|0|0x32714d4dcf1326a8bad2ccf5795f762f20132e50fc0ac8a18b09c2eb75c7f21d
1638650383|2423641142629282323|0x823b92d6a4b2aed4b15675c7917c9f922ea8adad|0|0x8ebcb991dc270325d8c9bf5a1ba80a91a078c169f9e8daf899966cbec2bdd72d
1638650383|2423641142629282323|0x63a2368f4b509438ca90186cb1c15156713d5834|0|0x8ebcb991dc270325d8c9bf5a1ba80a91a078c169f9e8daf899966cbec2bdd72d
1638650383|606548758034198684|0xaf28bcb48c40dbc86f52d459a6562f658fc94b1e|8|0x8ebcb991dc270325d8c9bf5a1ba80a91a078c169f9e8daf899966cbec2bdd72d
1638650383|606548758034198684|0xaf28bcb48c40dbc86f52d459a6562f658fc94b1e|5|0x8ebcb991dc270325d8c9bf5a1ba80a91a078c169f9e8daf899966cbec2bdd72d
1638650383|970478012854717895|0x754f37225ce0e30639093af47c16ef057b544b4f|0|0x8ebcb991dc270325d8c9bf5a1ba80a91a078c169f9e8daf899966cbec2bdd72d
1638650383|1939679080955679583|0x428f196c4d754a96642854ac5d9f29a0e6ec707e|0|0x8ebcb991dc270325d8c9bf5a1ba80a91a078c169f9e8daf899966cbec2bdd72d
1638650383|242619503213679473|0x6691af446bb121b19aec9c0ff6ed9c4721d5fee1|0|0x8ebcb991dc270325d8c9bf5a1ba80a91a078c169f9e8daf899966cbec2bdd72d
1638650383|2152928854832966278|0xaf28bcb48c40dbc86f52d459a6562f658fc94b1e|33|0x8ebcb991dc270325d8c9bf5a1ba80a91a078c169f9e8daf899966cbec2bdd72d
1638650383|121309751606839736|0x30670d81e487c80b9edc54370e6eaf943b6eab39|0|0x8ebcb991dc270325d8c9bf5a1ba80a91a078c169f9e8daf899966cbec2bdd72d
1638650383|145571701928207684|0x34724d71ce674fcd4d06e60dd1baa88c14d36b75|0|0x8ebcb991dc270325d8c9bf5a1ba80a91a078c169f9e8daf899966cbec2bdd72d
1638650383|242619503213679473|0xa938375053b1dcc520006503c411d136c2dca101|0|0x8ebcb991dc270325d8c9bf5a1ba80a91a078c169f9e8daf899966cbec2bdd72d
1637436474|2283997289010299380|0x823b92d6a4b2aed4b15675c7917c9f922ea8adad|0|0x13bdc425d247bf5efe97b7eea87e9ca8fd9fef56ebe1a29cd083c9333fd354c1
1637436474|2283997289010299380|0x63a2368f4b509438ca90186cb1c15156713d5834|0|0x13bdc425d247bf5efe97b7eea87e9ca8fd9fef56ebe1a29cd083c9333fd354c1
1637436474|571514199910151558|0xaf28bcb48c40dbc86f52d459a6562f658fc94b1e|8|0x13bdc425d247bf5efe97b7eea87e9ca8fd9fef56ebe1a29cd083c9333fd354c1
1637436474|571514199910151558|0xaf28bcb48c40dbc86f52d459a6562f658fc94b1e|5|0x13bdc425d247bf5efe97b7eea87e9ca8fd9fef56ebe1a29cd083c9333fd354c1
1637436474|914422719856242493|0x754f37225ce0e30639093af47c16ef057b544b4f|0|0x13bdc425d247bf5efe97b7eea87e9ca8fd9fef56ebe1a29cd083c9333fd354c1
1637436474|457211359928121246|0x6877be9e00d0bc5886c28419901e8cc98c1c2739|0|0x13bdc425d247bf5efe97b7eea87e9ca8fd9fef56ebe1a29cd083c9333fd354c1
1637436474|114302839982030311|0x4b72aa21820c76e1e19193d90bdb9b5f25f8aa19|0|0x13bdc425d247bf5efe97b7eea87e9ca8fd9fef56ebe1a29cd083c9333fd354c1
1637436474|228605679964060623|0x6691af446bb121b19aec9c0ff6ed9c4721d5fee1|0|0x13bdc425d247bf5efe97b7eea87e9ca8fd9fef56ebe1a29cd083c9333fd354c1
1637436474|2010082375179488002|0xaf28bcb48c40dbc86f52d459a6562f658fc94b1e|33|0x13bdc425d247bf5efe97b7eea87e9ca8fd9fef56ebe1a29cd083c9333fd354c1
1636227175|2249281851713361871|0x823b92d6a4b2aed4b15675c7917c9f922ea8adad|0|0xd9061d407f3c1c2e2b973e1d016473bbda8e7d68061ac5799371f2660bb984c0
1636227175|2249281851713361871|0x63a2368f4b509438ca90186cb1c15156713d5834|0|0xd9061d407f3c1c2e2b973e1d016473bbda8e7d68061ac5799371f2660bb984c0
1636227175|561794438173496370|0xaf28bcb48c40dbc86f52d459a6562f658fc94b1e|8|0xd9061d407f3c1c2e2b973e1d016473bbda8e7d68061ac5799371f2660bb984c0
1636227175|547065745037861633|0xaf28bcb48c40dbc86f52d459a6562f658fc94b1e|5|0xd9061d407f3c1c2e2b973e1d016473bbda8e7d68061ac5799371f2660bb984c0
1636227175|900554380293095304|0x754f37225ce0e30639093af47c16ef057b544b4f|0|0xd9061d407f3c1c2e2b973e1d016473bbda8e7d68061ac5799371f2660bb984c0
1636227175|450277190146547652|0x6877be9e00d0bc5886c28419901e8cc98c1c2739|0|0xd9061d407f3c1c2e2b973e1d016473bbda8e7d68061ac5799371f2660bb984c0
1636227175|113621347046325108|0x4b72aa21820c76e1e19193d90bdb9b5f25f8aa19|0|0xd9061d407f3c1c2e2b973e1d016473bbda8e7d68061ac5799371f2660bb984c0
1636227175|225138595073273826|0x6691af446bb121b19aec9c0ff6ed9c4721d5fee1|0|0xd9061d407f3c1c2e2b973e1d016473bbda8e7d68061ac5799371f2660bb984c0
1636227175|12872877800544759521|0xaf28bcb48c40dbc86f52d459a6562f658fc94b1e|33|0xd9061d407f3c1c2e2b973e1d016473bbda8e7d68061ac5799371f2660bb984c0
1635034754|2400182676485876351|0x823b92d6a4b2aed4b15675c7917c9f922ea8adad|0|0x428943480e575b249c787a775432d1aea9cf5c74399837acf70d9cc69e1a1149
1635034754|2400182676485876351|0x63a2368f4b509438ca90186cb1c15156713d5834|0|0x428943480e575b249c787a775432d1aea9cf5c74399837acf70d9cc69e1a1149
1635034754|600453585959756966|0xaf28bcb48c40dbc86f52d459a6562f658fc94b1e|8|0x428943480e575b249c787a775432d1aea9cf5c74399837acf70d9cc69e1a1149
1635034754|600453585959756966|0xaf28bcb48c40dbc86f52d459a6562f658fc94b1e|5|0x428943480e575b249c787a775432d1aea9cf5c74399837acf70d9cc69e1a1149
1635034754|960236237329665691|0x754f37225ce0e30639093af47c16ef057b544b4f|0|0x428943480e575b249c787a775432d1aea9cf5c74399837acf70d9cc69e1a1149
1635034754|480526035503120724|0x6877be9e00d0bc5886c28419901e8cc98c1c2739|0|0x428943480e575b249c787a775432d1aea9cf5c74399837acf70d9cc69e1a1149
1635034754|120743384133211998|0x4b72aa21820c76e1e19193d90bdb9b5f25f8aa19|0|0x428943480e575b249c787a775432d1aea9cf5c74399837acf70d9cc69e1a1149
1635034754|240670934589848240|0x6691af446bb121b19aec9c0ff6ed9c4721d5fee1|0|0x428943480e575b249c787a775432d1aea9cf5c74399837acf70d9cc69e1a1149
1634184292|385090205318339600|0x823b92d6a4b2aed4b15675c7917c9f922ea8adad|0|0x57db47f02ccfd2dcca4ed08bf0906418bc08ec1efe5c981a67fa1a1863be19d2
1634184292|385090205318339600|0x63a2368f4b509438ca90186cb1c15156713d5834|0|0x57db47f02ccfd2dcca4ed08bf0906418bc08ec1efe5c981a67fa1a1863be19d2
1634184292|96337998339326290|0xaf28bcb48c40dbc86f52d459a6562f658fc94b1e|8|0x57db47f02ccfd2dcca4ed08bf0906418bc08ec1efe5c981a67fa1a1863be19d2
1634184292|96337998339326290|0xaf28bcb48c40dbc86f52d459a6562f658fc94b1e|5|0x57db47f02ccfd2dcca4ed08bf0906418bc08ec1efe5c981a67fa1a1863be19d2
1634184292|154062260931232396|0x754f37225ce0e30639093af47c16ef057b544b4f|0|0x57db47f02ccfd2dcca4ed08bf0906418bc08ec1efe5c981a67fa1a1863be19d2
1634184292|77096577475357588|0x6877be9e00d0bc5886c28419901e8cc98c1c2739|0|0x57db47f02ccfd2dcca4ed08bf0906418bc08ec1efe5c981a67fa1a1863be19d2
1634184292|19372314883451482|0x4b72aa21820c76e1e19193d90bdb9b5f25f8aa19|0|0x57db47f02ccfd2dcca4ed08bf0906418bc08ec1efe5c981a67fa1a1863be19d2
1634184292|38613735747420184|0xe18b265f2433edef037a018b63cf0a810ffc5936|0|0x57db47f02ccfd2dcca4ed08bf0906418bc08ec1efe5c981a67fa1a1863be19d2
1634184292|38613735747420184|0x6691af446bb121b19aec9c0ff6ed9c4721d5fee1|0|0x57db47f02ccfd2dcca4ed08bf0906418bc08ec1efe5c981a67fa1a1863be19d2
1634002600|2446368525710537046|0x823b92d6a4b2aed4b15675c7917c9f922ea8adad|0|0xe785995656da43cea3d84422e0559e4855448b40e0ba2a932480d7dff93adc72
1634002600|2446368525710537046|0x63a2368f4b509438ca90186cb1c15156713d5834|0|0xe785995656da43cea3d84422e0559e4855448b40e0ba2a932480d7dff93adc72
1634002600|612007897662459301|0xaf28bcb48c40dbc86f52d459a6562f658fc94b1e|8|0xe785995656da43cea3d84422e0559e4855448b40e0ba2a932480d7dff93adc72
1634002600|612007897662459301|0xaf28bcb48c40dbc86f52d459a6562f658fc94b1e|5|0xe785995656da43cea3d84422e0559e4855448b40e0ba2a932480d7dff93adc72
1634002600|978713716778144834|0x754f37225ce0e30639093af47c16ef057b544b4f|0|0xe785995656da43cea3d84422e0559e4855448b40e0ba2a932480d7dff93adc72
1634002600|489772624623897457|0x6877be9e00d0bc5886c28419901e8cc98c1c2739|0|0xe785995656da43cea3d84422e0559e4855448b40e0ba2a932480d7dff93adc72
1634002600|123066805508211924|0x4b72aa21820c76e1e19193d90bdb9b5f25f8aa19|0|0xe785995656da43cea3d84422e0559e4855448b40e0ba2a932480d7dff93adc72
1634002600|245302078546773769|0xe18b265f2433edef037a018b63cf0a810ffc5936|0|0xe785995656da43cea3d84422e0559e4855448b40e0ba2a932480d7dff93adc72
1634002600|245302078546773769|0x6691af446bb121b19aec9c0ff6ed9c4721d5fee1|0|0xe785995656da43cea3d84422e0559e4855448b40e0ba2a932480d7dff93adc72
1632601971|3438008489120682031|0x823b92d6a4b2aed4b15675c7917c9f922ea8adad|0|0x4e4062b495fb23d04f9041b5dbc199d3da9d02985925d658cf5e5e9a1914e6e9
1632601971|3438008489120682031|0x63a2368f4b509438ca90186cb1c15156713d5834|0|0x4e4062b495fb23d04f9041b5dbc199d3da9d02985925d658cf5e5e9a1914e6e9
1632601971|859798604557604164|0xaf28bcb48c40dbc86f52d459a6562f658fc94b1e|8|0x4e4062b495fb23d04f9041b5dbc199d3da9d02985925d658cf5e5e9a1914e6e9
1632601971|859798604557604164|0xaf28bcb48c40dbc86f52d459a6562f658fc94b1e|5|0x4e4062b495fb23d04f9041b5dbc199d3da9d02985925d658cf5e5e9a1914e6e9
1632601971|1375677767292166663|0x754f37225ce0e30639093af47c16ef057b544b4f|0|0x4e4062b495fb23d04f9041b5dbc199d3da9d02985925d658cf5e5e9a1914e6e9
1632601971|687838883646083331|0x6877be9e00d0bc5886c28419901e8cc98c1c2739|0|0x4e4062b495fb23d04f9041b5dbc199d3da9d02985925d658cf5e5e9a1914e6e9
1632601971|343919441823041665|0x4b72aa21820c76e1e19193d90bdb9b5f25f8aa19|0|0x4e4062b495fb23d04f9041b5dbc199d3da9d02985925d658cf5e5e9a1914e6e9
1632601971|343919441823041665|0xe18b265f2433edef037a018b63cf0a810ffc5936|0|0x4e4062b495fb23d04f9041b5dbc199d3da9d02985925d658cf5e5e9a1914e6e9
1632601971|343919441823041665|0x6691af446bb121b19aec9c0ff6ed9c4721d5fee1|0|0x4e4062b495fb23d04f9041b5dbc199d3da9d02985925d658cf5e5e9a1914e6e9
1631395672|3030141643422000915|0x823b92d6a4b2aed4b15675c7917c9f922ea8adad|0|0xa69cd1140484034f3051e2914b1992aa3174245fb9773a7ec281e22f06b9d544
1631395672|3030141643422000915|0x63a2368f4b509438ca90186cb1c15156713d5834|0|0xa69cd1140484034f3051e2914b1992aa3174245fb9773a7ec281e22f06b9d544
1631395672|757281630148345957|0xaf28bcb48c40dbc86f52d459a6562f658fc94b1e|8|0xa69cd1140484034f3051e2914b1992aa3174245fb9773a7ec281e22f06b9d544
1631395672|758296752976963043|0xaf28bcb48c40dbc86f52d459a6562f658fc94b1e|5|0xa69cd1140484034f3051e2914b1992aa3174245fb9773a7ec281e22f06b9d544
1631395672|1212056657368800366|0x754f37225ce0e30639093af47c16ef057b544b4f|0|0xa69cd1140484034f3051e2914b1992aa3174245fb9773a7ec281e22f06b9d544
1631395672|606028328684400183|0x6877be9e00d0bc5886c28419901e8cc98c1c2739|0|0xa69cd1140484034f3051e2914b1992aa3174245fb9773a7ec281e22f06b9d544
1631395672|302506602927891548|0x4b72aa21820c76e1e19193d90bdb9b5f25f8aa19|0|0xa69cd1140484034f3051e2914b1992aa3174245fb9773a7ec281e22f06b9d544
1631395672|302506602927891548|0xe18b265f2433edef037a018b63cf0a810ffc5936|0|0xa69cd1140484034f3051e2914b1992aa3174245fb9773a7ec281e22f06b9d544
1630205964|3073941896948853542|0x823b92d6a4b2aed4b15675c7917c9f922ea8adad|0|0x93ed9ef36605225fa7cffe6b14993c6c3077ab141c96ad043be34722c3448f47
1630205964|3073941896948853542|0x63a2368f4b509438ca90186cb1c15156713d5834|0|0x93ed9ef36605225fa7cffe6b14993c6c3077ab141c96ad043be34722c3448f47
1630205964|768485474237213385|0xaf28bcb48c40dbc86f52d459a6562f658fc94b1e|8|0x93ed9ef36605225fa7cffe6b14993c6c3077ab141c96ad043be34722c3448f47
1630205964|768485474237213385|0xaf28bcb48c40dbc86f52d459a6562f658fc94b1e|5|0x93ed9ef36605225fa7cffe6b14993c6c3077ab141c96ad043be34722c3448f47
1630205964|923492487506651312|0x754f37225ce0e30639093af47c16ef057b544b4f|0|0x93ed9ef36605225fa7cffe6b14993c6c3077ab141c96ad043be34722c3448f47
1630205964|462837842438321698|0x6877be9e00d0bc5886c28419901e8cc98c1c2739|0|0x93ed9ef36605225fa7cffe6b14993c6c3077ab141c96ad043be34722c3448f47
1630205964|155007013269437927|0x4b72aa21820c76e1e19193d90bdb9b5f25f8aa19|0|0x93ed9ef36605225fa7cffe6b14993c6c3077ab141c96ad043be34722c3448f47
1630205964|155007013269437927|0xe18b265f2433edef037a018b63cf0a810ffc5936|0|0x93ed9ef36605225fa7cffe6b14993c6c3077ab141c96ad043be34722c3448f47
1629048604|1281200821419479616|0x823b92d6a4b2aed4b15675c7917c9f922ea8adad|0|0xd5eebeec49be1f01fd51a1f256edeb514c09d82369b308e091bb72df904f4267
1629048604|800966290944002347|0x63a2368f4b509438ca90186cb1c15156713d5834|0|0xd5eebeec49be1f01fd51a1f256edeb514c09d82369b308e091bb72df904f4267
1629048604|320386516377600938|0xf7253a0e87e39d2cd6365919d4a3d56d431d0041|0|0xd5eebeec49be1f01fd51a1f256edeb514c09d82369b308e091bb72df904f4267
1629048604|400483145472001173|0xac43e14c018490d045a774008648c701cda8c6b3|5|0xd5eebeec49be1f01fd51a1f256edeb514c09d82369b308e091bb72df904f4267
1629048604|239944643192276565|0x754f37225ce0e30639093af47c16ef057b544b4f|0|0xd5eebeec49be1f01fd51a1f256edeb514c09d82369b308e091bb72df904f4267
1629048604|159848014097876330|0xfa0462dace7cc753b1c51168cb64856c5be3401e|0|0xd5eebeec49be1f01fd51a1f256edeb514c09d82369b308e091bb72df904f4267
1629048604|79751385003476095|0x23ca2a059dab1ebcb6a7ccb2d4351c3c2dd6cafb|0|0xd5eebeec49be1f01fd51a1f256edeb514c09d82369b308e091bb72df904f4267
1627010577|622230907985267004|0x823b92d6a4b2aed4b15675c7917c9f922ea8adad|0|0xaf53a50537f48050ba87fb31a4b620f161e25601550006cfc3f18a4e5e2b83a8
1627010577|622230907985267004|0x63a2368f4b509438ca90186cb1c15156713d5834|0|0xaf53a50537f48050ba87fb31a4b620f161e25601550006cfc3f18a4e5e2b83a8
1627010577|124495880551365323|0x90eda5165e5e1633e0bdb6307cdecae564b10ff7|0|0xaf53a50537f48050ba87fb31a4b620f161e25601550006cfc3f18a4e5e2b83a8
1627010577|124495880551365323|0xe7879a2d05dba966fcca34ee9c3f99eee7edefd1|0|0xaf53a50537f48050ba87fb31a4b620f161e25601550006cfc3f18a4e5e2b83a8
1626835632|119941083253832980|0x823b92d6a4b2aed4b15675c7917c9f922ea8adad|0|0x37d43ef3c50e4f6592e3c21c1d4370743dd3f28fd7737e277857ed43446ee046
1626835632|119941083253832980|0x63a2368f4b509438ca90186cb1c15156713d5834|0|0x37d43ef3c50e4f6592e3c21c1d4370743dd3f28fd7737e277857ed43446ee046
1626835632|23997796609492940|0x90eda5165e5e1633e0bdb6307cdecae564b10ff7|0|0x37d43ef3c50e4f6592e3c21c1d4370743dd3f28fd7737e277857ed43446ee046
1626835632|23997796609492940|0xe7879a2d05dba966fcca34ee9c3f99eee7edefd1|0|0x37d43ef3c50e4f6592e3c21c1d4370743dd3f28fd7737e277857ed43446ee046
1626671470|37715070321353733|0x823b92d6a4b2aed4b15675c7917c9f922ea8adad|0|0x8228804856a73d19f570c3c7f802e8a9a5638d32e9f910b79818947882a2b044
1626671470|37715070321353733|0x63a2368f4b509438ca90186cb1c15156713d5834|0|0x8228804856a73d19f570c3c7f802e8a9a5638d32e9f910b79818947882a2b044
1626671470|7546026450079161|0x90eda5165e5e1633e0bdb6307cdecae564b10ff7|0|0x8228804856a73d19f570c3c7f802e8a9a5638d32e9f910b79818947882a2b044
1626671470|7546026450079161|0x88f91b038d12c9de42596b18ef764ce84e0c914f|0|0x8228804856a73d19f570c3c7f802e8a9a5638d32e9f910b79818947882a2b044
1626639337|7149786620327843|0x823b92d6a4b2aed4b15675c7917c9f922ea8adad|0|0x2051e4ebab12a934ebafa969e424192bce9648e0b3b983fbb741c00d8ade72f1
1626639337|7149786620327843|0x63a2368f4b509438ca90186cb1c15156713d5834|0|0x2051e4ebab12a934ebafa969e424192bce9648e0b3b983fbb741c00d8ade72f1
1626639337|1430528393284444|0x90eda5165e5e1633e0bdb6307cdecae564b10ff7|0|0x2051e4ebab12a934ebafa969e424192bce9648e0b3b983fbb741c00d8ade72f1
1626639337|1430528393284444|0x88f91b038d12c9de42596b18ef764ce84e0c914f|0|0x2051e4ebab12a934ebafa969e424192bce9648e0b3b983fbb741c00d8ade72f1
1626638016|150769782727450302|0x823b92d6a4b2aed4b15675c7917c9f922ea8adad|0|0x198ea3b9ecd5ed00b5b9e4d69d7976f8b49ed87e050acce4279d1605399493cd
1626638016|150769782727450302|0x63a2368f4b509438ca90186cb1c15156713d5834|0|0x198ea3b9ecd5ed00b5b9e4d69d7976f8b49ed87e050acce4279d1605399493cd
1626638016|30165998860404393|0x90eda5165e5e1633e0bdb6307cdecae564b10ff7|0|0x198ea3b9ecd5ed00b5b9e4d69d7976f8b49ed87e050acce4279d1605399493cd
1626638016|30165998860404393|0x88f91b038d12c9de42596b18ef764ce84e0c914f|0|0x198ea3b9ecd5ed00b5b9e4d69d7976f8b49ed87e050acce4279d1605399493cd
1626622962|138475992026377|0x823b92d6a4b2aed4b15675c7917c9f922ea8adad|0|0x6509bbb6602c387fa2ce5badb441b0a60e9e84a799466a6c7e6fbaa1eb82d7bd
1626622962|138475992026377|0x63a2368f4b509438ca90186cb1c15156713d5834|0|0x6509bbb6602c387fa2ce5badb441b0a60e9e84a799466a6c7e6fbaa1eb82d7bd
1626622962|27706258788025|0x90eda5165e5e1633e0bdb6307cdecae564b10ff7|0|0x6509bbb6602c387fa2ce5badb441b0a60e9e84a799466a6c7e6fbaa1eb82d7bd
1626622962|27706258788025|0x88f91b038d12c9de42596b18ef764ce84e0c914f|0|0x6509bbb6602c387fa2ce5badb441b0a60e9e84a799466a6c7e6fbaa1eb82d7bd
1626622962|138475992026377|0x823b92d6a4b2aed4b15675c7917c9f922ea8adad|0|0x5bcc728d0ab28ebf108e7db5b7648be071fd025816d9ec2238a85497ed4d3dee
1626622962|138475992026377|0x63a2368f4b509438ca90186cb1c15156713d5834|0|0x5bcc728d0ab28ebf108e7db5b7648be071fd025816d9ec2238a85497ed4d3dee
1626622962|27706258788025|0x90eda5165e5e1633e0bdb6307cdecae564b10ff7|0|0x5bcc728d0ab28ebf108e7db5b7648be071fd025816d9ec2238a85497ed4d3dee
1626622962|27706258788025|0x88f91b038d12c9de42596b18ef764ce84e0c914f|0|0x5bcc728d0ab28ebf108e7db5b7648be071fd025816d9ec2238a85497ed4d3dee
1626610839|1335629604216396|0x823b92d6a4b2aed4b15675c7917c9f922ea8adad|0|0x8ae01643e89cb5ad4ca4a17a9e5e5205e991781c8883343b7349a0fafdb76fab
1626610839|1335629604216396|0x63a2368f4b509438ca90186cb1c15156713d5834|0|0x8ae01643e89cb5ad4ca4a17a9e5e5205e991781c8883343b7349a0fafdb76fab
1626610839|267232600524127|0x90eda5165e5e1633e0bdb6307cdecae564b10ff7|0|0x8ae01643e89cb5ad4ca4a17a9e5e5205e991781c8883343b7349a0fafdb76fab
1626610839|267232600524127|0x88f91b038d12c9de42596b18ef764ce84e0c914f|0|0x8ae01643e89cb5ad4ca4a17a9e5e5205e991781c8883343b7349a0fafdb76fab
1626610178|6071043655529076|0x823b92d6a4b2aed4b15675c7917c9f922ea8adad|0|0x9d1a58cf567a9fb927f46def7f548b70afe840f02c18aae3d07ce2165659b5a6
1626610178|6071043655529076|0x63a2368f4b509438ca90186cb1c15156713d5834|0|0x9d1a58cf567a9fb927f46def7f548b70afe840f02c18aae3d07ce2165659b5a6
1626610178|1214693638746033|0x90eda5165e5e1633e0bdb6307cdecae564b10ff7|0|0x9d1a58cf567a9fb927f46def7f548b70afe840f02c18aae3d07ce2165659b5a6
1626610178|1214693638746033|0x88f91b038d12c9de42596b18ef764ce84e0c914f|0|0x9d1a58cf567a9fb927f46def7f548b70afe840f02c18aae3d07ce2165659b5a6
1626610110|128706125497216425|0x823b92d6a4b2aed4b15675c7917c9f922ea8adad|0|0x8afbe6693834197a0f8b9eb8979e030409c9ab9cb7cd90273d03ea86ed449933
1626610110|128706125497216425|0x63a2368f4b509438ca90186cb1c15156713d5834|0|0x8afbe6693834197a0f8b9eb8979e030409c9ab9cb7cd90273d03ea86ed449933
1626610110|25751505141415906|0x90eda5165e5e1633e0bdb6307cdecae564b10ff7|0|0x8afbe6693834197a0f8b9eb8979e030409c9ab9cb7cd90273d03ea86ed449933
1626610110|25751505141415906|0x88f91b038d12c9de42596b18ef764ce84e0c914f|0|0x8afbe6693834197a0f8b9eb8979e030409c9ab9cb7cd90273d03ea86ed449933
1626610024|121420873110581532|0x823b92d6a4b2aed4b15675c7917c9f922ea8adad|0|0xaeb674f87a2780f88dec54b8fbb3e3b46cdd95948fbaa3f8e20b592a0d393a9d
1626610024|121420873110581532|0x63a2368f4b509438ca90186cb1c15156713d5834|0|0xaeb674f87a2780f88dec54b8fbb3e3b46cdd95948fbaa3f8e20b592a0d393a9d
1626610024|24293872774920666|0x90eda5165e5e1633e0bdb6307cdecae564b10ff7|0|0xaeb674f87a2780f88dec54b8fbb3e3b46cdd95948fbaa3f8e20b592a0d393a9d
1626610024|24293872774920666|0x88f91b038d12c9de42596b18ef764ce84e0c914f|0|0xaeb674f87a2780f88dec54b8fbb3e3b46cdd95948fbaa3f8e20b592a0d393a9d
1626609964|1214208731105815332|0x823b92d6a4b2aed4b15675c7917c9f922ea8adad|0|0xce09f4efd6040a406ebbca884af97538adba0b3e523e99b066312ba52a30e136
1626609964|1214208731105815332|0x63a2368f4b509438ca90186cb1c15156713d5834|0|0xce09f4efd6040a406ebbca884af97538adba0b3e523e99b066312ba52a30e136
1626609964|242938727749206662|0x90eda5165e5e1633e0bdb6307cdecae564b10ff7|0|0xce09f4efd6040a406ebbca884af97538adba0b3e523e99b066312ba52a30e136
1626609964|242938727749206662|0x88f91b038d12c9de42596b18ef764ce84e0c914f|0|0xce09f4efd6040a406ebbca884af97538adba0b3e523e99b066312ba52a30e136
