Timestamp|Amount|Caller|Note|txHash
1664471351|36004932092620866|0x57a6a824d389169b752d355f49d1a4fa4fbae907||0x25a9aad3866904e4375898c67abedaa90c798c1fb0ab6578855b2dee86d9fdb7
1664457983|1000000000000000|0x7e6948f25855ace05f2c22ebbfae9bbb31070e91||0x9c1e7154fdbb456dc3a8abfb679491cf54e6c569ffe3806f3389d6dbcd3c277c
1664417051|9056770008035167|0x57a6a824d389169b752d355f49d1a4fa4fbae907||0xea4171f588ef3f177b638853891a8afb3f3f55d1cc47ad44586e8d9ce373e42e
1664395583|28273632846177545|0x60535a6605958fff6cec5b1e92892601efb3473b||0xf77bdb5c4d8ac1a226d7dcd22b4bf09107ce27721fdc46e2b20ec6cdda751de0
1664295419|65000000000000000|0x224e69025a2f705c8f31efb6694398f8fd09ac5c||0x53d6e25a8c197566c6baa4795233c3a54135efe77e9c2be1bc845a75f7a7d85c
1664224787|10000000000000000|0x6e5c10f5b5363fcd1762b846024bb43629337836||0xb406574e5ab533bc489fcce10493ff66116a31c85d06c2c62df1291f6df9b355
1664178587|56407990443266803|0xca6ed3fdc8162304d7f1fcfc9ca3a81632d5e5b0||0x4d8e7c46f0d4386f58fa59e12cacbc0ad37c4537b84f4ab4ee943f970b4817a6
1664116043|653136080094965872|0x823b92d6a4b2aed4b15675c7917c9f922ea8adad||0xa500ed55f3a93fe51489d2faa5727d9cface7d9b1139b54b64a66df1fb3f0154
1664115887|205271343379100430|0x823b92d6a4b2aed4b15675c7917c9f922ea8adad||0x14b7bb21e6831e7b15876dfe03daeafb6b95d7930bb7e3c037f802c4de86b3de
1664062583|46414634146341464|0x6877be9e00d0bc5886c28419901e8cc98c1c2739||0x2383121a4576f7ef476c8d8fd51806102c1a6a647c35853b57a14f55295e749c
1663839827|3414634146341464|0x472731c3aa2beddff525914f17bf334f906fc33b||0xa89b6baa067d03ca350dde5ad059910f6711e2e4943a1399a95496515bbd7521
1663835051|5000000000000000|0xa13d49fcbf79eaf6a0a58cbdd3361422db4eaff1|https://www.juicebox.money/assets/stickers/banny_coder.png|0x842565dbaf0d2bce792457cf33036b24a1baeb5268cc4939c7dbe33c394c6a2a
1663793063|97560975609756098|0x823b92d6a4b2aed4b15675c7917c9f922ea8adad||0x72f8c25d8a755aaa1c2d1bfbf124282bed84ee3eade1f632bbf0036df72e68fa
1663776659|1560975609756098|0x93d224e1915f6b8f3ca705226c6af97811a9dc99||0x3173f99861e29e2793558200a206b51d0f052658912a9046de40b0d4e632a86c
1663774523|243902439024391|0x93d224e1915f6b8f3ca705226c6af97811a9dc99||0x235006dd7b59cda42a8779df9e86fc8a9ba35754397e7a35760424541b4a111c
1663755707|975609756097561|0x507edd093d6732e2749a672bed2ad2a600a06fa2||0x0415db8c347b9de536ace3a7612d3d3b81c81e375f898053e0b63ebd9c5b937e
1663720931|24390243902439025|0x14a2b07eec1f8d1ef0f9deeef9a352c432269cdb||0x8b84dba33a3de0ba9b5404084a1e0dd270d717935ebcf58f63a6bacf6a86a7b7
1663707143|5000000000000000|0x3757a7894d40fe277afde8c4c47ac554ad740246||0x9210adf473d473a8a8231d96679cfbf151fe66c39bd908df217e566dcff0de68
1663703315|26829268292682927|0xf8284136b169213e4c50ce09f3e1d9a9b484baea||0x76738dc8ecc04f4571ec58aa4480a6a0885d06b9c662a94c3310ec5d20ca0256
1663693691|1935655915365853659|0x016dfbf8f727623a927c5445c7976c145c899555||0xcbba005866d496febe1472fe8d5c904bc3f13aa4cc5e52e33032d9c88952a2bb
1663610819|1513428048780487805|0xde7700448ab1d3b49d55979778789454db332112||0x48a30ac9164f286b6998e71242f4d3502e26de25b2af84d771e7f2e6bbc229ed
1663599095|973341463414634147|0xde7700448ab1d3b49d55979778789454db332112||0x353ef718c0bc3172bd2fb24a56a9262f27d0381bbe97aad8f68032b2d1aed015
1663598987|531001859268292683|0xde7700448ab1d3b49d55979778789454db332112||0x2024b26fb81e9df36c1cd01db28067d1bed73f95e631fdefd24ef02d7a748cf7
1663577231|46067057916310722|0xca6ed3fdc8162304d7f1fcfc9ca3a81632d5e5b0||0xd47bbcfef4a2db95b9acddf081739c742f712a243f6354b8593fc4240b668cd3
1663563023|135085365853658537|0x673ed2dbd171a2cb7f596bc8bf7bc6080b592afe||0x349ce4db49156f05bb5dde56910939117941fb24443de0404ebebd4c4376c8ea
1663534415|334365874634146342|0x90c824a56e87376dd394b51bc0fdaf10f1ba81ab||0xdaacee87d55a7c71889613f2a5426813c7dea6372fcfe861f97d07526f24e16c
1663520531|1353364687804878049|0x70d3e96ebe14442fd38f562e6ab4ce8fc3d55824||0x470647dcba94745e598e77a207e1c077e259024b18fa53d31ae047a00bee9ac0
1663493063|1004453730243902440|0x0f8f024ba552bc84873a1ef69dcb1cad73445e85||0xf237ac12d36ed46ab28a0919926f55beef6f5dbdf839fe500f506896edb6b22b
1663453463|38580487804878049|0x20fa7558e9795a84dc2aa5e9be953b30b27f9276||0x4e8e4bfd3e3d9d940ac8d5886894bbaddc63c4d20acd696b95d714b63f92fdbe
1663450535|57024390243902440|0xa0aecc4a848e6f9998216e004a90b61c810febec||0xae55d7350b4436574c7645b1766729ea95b6cb0f5688b4f6b09cb7fb704a11cc
1663450331|496228337730968049|0x088008233462058159adbdc9b9370f4d4e2140f0||0xec6efdb6dc7302d0b3f6d6c7362160590476849d24cf1bb001b234b279f29d0e
1663440107|104731707317073171|0xdc64706d40110074c4bbcc2106eedf4adcd5359c||0x4b0b9851a4d647cadc62e08bb0e0f7856282e07007de35eb9954cb7e6cb0367f
1663437107|2471291656097560976|0x5c9defd440c5d1cf3ed5be0e9f9958777b0e8acc||0x8c2c65f62035840a2a54e602c7e0e1e25c31a6fdd1a4847c53865666de262f88
1663435703|50000000000000000|0xa02e3ca79e662b909397ba0a952abd00e799e2b7||0x329f7a8b7057571b1f6d63f4a356228d27f087bb27ad52897652af3d920c95d1
1663433975|3405090000000000|0x673ed2dbd171a2cb7f596bc8bf7bc6080b592afe|test https://juicebox.money/assets/stickers/banny_party.png ipfs://QmcTKvZ35fgqciwYgssAkzPCxgHjfZx3HoqLJGhfMcpe2m|0x27b6df4bf395548844d91998756049459b078f0453077b99e887909b352961a7
1663433867|3405090000000000|0x673ed2dbd171a2cb7f596bc8bf7bc6080b592afe|Test https://juicebox.money/assets/stickers/banny_dao.png ipfs://QmcTKvZ35fgqciwYgssAkzPCxgHjfZx3HoqLJGhfMcpe2m|0xf052eefc0ff26954897bc8b4f7a8a76f3d5161e51a7ffdbda896bbbc1adbc9ff
1663433759|3420130000000000|0x673ed2dbd171a2cb7f596bc8bf7bc6080b592afe|Test https://juicebox.money/assets/stickers/banny_love.png ipfs://QmcTKvZ35fgqciwYgssAkzPCxgHjfZx3HoqLJGhfMcpe2m|0x5af488aa03be4ecd6f9952ca77a4c60c9344a55f8ff807af9bb0f5a47752833c
1663433639|3420130000000000|0x673ed2dbd171a2cb7f596bc8bf7bc6080b592afe|test https://juicebox.money/assets/stickers/banny_blockchain.png ipfs://QmcTKvZ35fgqciwYgssAkzPCxgHjfZx3HoqLJGhfMcpe2m|0xf6e095f8eb41d5ab47b8ab95de0e04bbfafaec0b3eeaa906b8cbb08c6174b8d5
1663429211|3471960000000000|0x673ed2dbd171a2cb7f596bc8bf7bc6080b592afe|Test|0x5e3cd9897781957817994250b271a8e21d9db487b587a292f98a6532bad9fcd9
1663429211|3471960000000000|0x673ed2dbd171a2cb7f596bc8bf7bc6080b592afe||0xb9a1cd067981b5392db2ac69c19c75b1ce80ba05822a78373c4570a1074e1b15
1663429163|4166350000000000|0x673ed2dbd171a2cb7f596bc8bf7bc6080b592afe||0xdd2a638a1d655c142eebff33ffa76565bdea610a544b36315b8a612ce0b6572f
1663429151|3471960000000000|0x673ed2dbd171a2cb7f596bc8bf7bc6080b592afe|Test|0x538b5fd6ac224071677d3f33a293e92d6a3b345237d1bce67d45604c32188f4c
1663429079|3471960000000000|0x673ed2dbd171a2cb7f596bc8bf7bc6080b592afe|Test 2|0x5c59e0f128b92feda3845ea9350cbbecc768981947974b869eea58b94271e303
1663428947|3471960000000000|0x673ed2dbd171a2cb7f596bc8bf7bc6080b592afe|Test|0x0d0891b86a1fd71de190daab46c44cc78deae76d2ed2340f3188396d957e047d
1663357403|698760000000000|0x36f8a9ebb4479b1b877920b4ce0a11ee25c29a8b|;'|0xd017ebb67593902a9bd8715f54d99530025784630f865df1324f4dbe2f3db4d2
1663357331|698760000000000|0x36f8a9ebb4479b1b877920b4ce0a11ee25c29a8b|[]|0x403a91fc6ea6b7d05b11a125f45d22f9ae638fc99a41b037d5bc8402b82a5546
1663357235|698760000000000|0x36f8a9ebb4479b1b877920b4ce0a11ee25c29a8b|zzzzzzz|0xa5d8e9c8a2ed9b6e18cab44d519a1cb22ad35d217f516d982f89b27795437516
1663357139|698760000000000|0x36f8a9ebb4479b1b877920b4ce0a11ee25c29a8b|;;;;;;;;|0xb4ef0a041a5f5925116942ef4b345dee4e772aaa6bf25f9c86f30dc1d2c75389
1663356995|698760000000000|0x36f8a9ebb4479b1b877920b4ce0a11ee25c29a8b|12345|0x2496e1f3e13d17b290f6df93f7ec928a902b7eea21de1719f26bcb3c8472a03d
1663356923|698760000000000|0x36f8a9ebb4479b1b877920b4ce0a11ee25c29a8b||0xa1b4716ecd7524426f964bd8cb4733bd7fae575b8612fae95400e123599f8da7
1663356707|698760000000000|0x36f8a9ebb4479b1b877920b4ce0a11ee25c29a8b|safd|0x1ae0659a3e8b9528bd800c5be0ec65fdbdc7838414a109d0fa37a0d5ad3071bd
1663356371|698760000000000|0x36f8a9ebb4479b1b877920b4ce0a11ee25c29a8b|wwwwww|0xadb8123692cf7929e4542203ba5bd74f460903028d471ed68de130bc26a21a02
1663356239|698760000000000|0x36f8a9ebb4479b1b877920b4ce0a11ee25c29a8b|sfad|0x87f607046bda4bcbccbf68c14f3e74ab90111b5cfdb3bd922f87b58ee1ff4958
1663356059|698760000000000|0x36f8a9ebb4479b1b877920b4ce0a11ee25c29a8b|sdafasfdsfdaasfdasdf|0x9ef056c20327f8daeaca4940874ef684fcde6b9a31a29da1351263d5adcc10c7
1663355795|698760000000000|0x36f8a9ebb4479b1b877920b4ce0a11ee25c29a8b||0xbf5d425be5ba04ea5a28441a74327c5b7fce404647e865a41ad3b3576685188c
1663355555|698760000000000|0x36f8a9ebb4479b1b877920b4ce0a11ee25c29a8b|......|0xb16aed1b969c9401f1fef26d46dcc8a74bf2d5615817af2eca4998403c424075
1663355459|698760000000000|0x36f8a9ebb4479b1b877920b4ce0a11ee25c29a8b|.|0x41e378d101b9c77c8708addef267dc3c0140d072723d6fde6f43609cebe0fc45
1663355243|7686400000000000|0x36f8a9ebb4479b1b877920b4ce0a11ee25c29a8b||0x2c58e86a6593fcd637d460d2ad60b99a5367e2bf179a1173c67de1a46b4a0adb
1663354943|6987630000000000|0x36f8a9ebb4479b1b877920b4ce0a11ee25c29a8b|lol|0x5c896ea69550cf1386ea8d1d36d3563f0466df61ced2d7698bcdde43ef32642d
1663354523|48327270000000000|0x36f8a9ebb4479b1b877920b4ce0a11ee25c29a8b||0xecc66daff8f2e5b560005d537f9f172180d0e610f56ae82cac62f344cee4b816
1663354331|700400000000000|0xc82970ce17c5b6ee0fef129297f217b2f5dfe1f7||0xef593cd6c1c7ec205408fa1f6286e49917b4b9a60314e336ece5c831afcbcf26
1663279259|4095555346552085|0x57a6a824d389169b752d355f49d1a4fa4fbae907||0x83d18e794143a3cb287a8967be21e9d1e064ec8958f8db15fc83c948ec2f4b9e
1663145810|243902439024391|0x403a4400dd5e04a3ad80f2f4d4d78fbceece3321||0xb728349e656f095eb4883f57dfef73b112126740b77375cb65b0d9c5163300f6
1663118207|20491009297662593|0xe16a238d207b9ac8b419c7a866b0de013c73357b||0xf792f5fefea87a4ecf639e7bf738ae0411f956a9b4b9a69d4f5307466406c781
1663030572|1000000000000000|0x7f726bae10bd055fac980abd001945fd9a1d6879||0xd2574a1a0f5d6667b3fe98fabea01fc9646148803355192b2f915e91ecfaae7a
1663014074|21192249441387428|0x60535a6605958fff6cec5b1e92892601efb3473b||0x903467e497d04c73835f34c4fd6a45c0d41a1c01c8e2a3d9df1a4fc9054bc729
1662974855|1536585365853659|0x82639e8b08299311426cc1fcf36e37054f22de5b||0x45a8ab1f06fbc138cb43a2ea57098cc893d21a80f1e8e89d7aa0061d4d7ce307
1662864460|41546398753255837|0xca6ed3fdc8162304d7f1fcfc9ca3a81632d5e5b0||0x04fa1596cd190d84d9f39c4ff6a3d95125c8755f9ab0d1f782d2d3002cd279bc
1662860297|82905364785820922|0xca6ed3fdc8162304d7f1fcfc9ca3a81632d5e5b0||0x3c17cf549232f5a1f4aa893ffff8707956eef6adacf039a1c0f6b506f615f9d7
1662857631|21697550428952333|0x36f8a9ebb4479b1b877920b4ce0a11ee25c29a8b||0xbe25af212c5d8c3b080b7767827cf17bc169b3e7154ea66fd7a9316596cb7a12
1662854938|54930507415069196|0xc109636a2b47f8b290cc134dd446fcd7d7e0cc94||0xfdd9f8e271a4c7f9681deb3bc8355c1072e17a0f639677cbad0135d8950f3a35
1662739149|41470088426790756|0xf7253a0e87e39d2cd6365919d4a3d56d431d0041||0x67422c7a76806610a00aab3a6c07a8f82d0f315e40b9566f83e6ee47a051f13a
1662734868|48779084283039586|0x823b92d6a4b2aed4b15675c7917c9f922ea8adad||0xb4a32360f77c223f97581c157ef802a99813bd9c6468de717cf65fa17d225ddf
1662734582|97560975609756098|0x823b92d6a4b2aed4b15675c7917c9f922ea8adad||0x599cd0647f347ff0394ca24642f0e917a3ac27bf092cd4b0ed20e8f02735a23f
1662688446|2006571148925482|0x57a6a824d389169b752d355f49d1a4fa4fbae907||0xe61203babb16afe06dccb54d3239cd2bd2ddce08d5b06263d6ee48dcd70a5ba8
1662643247|10367848951340709|0xf7253a0e87e39d2cd6365919d4a3d56d431d0041||0xead65da6560b42f844bad48da28d89b7ac2f98e620e27adedd5985b038832b4a
1662640442|973663563262125|0x2d57be1ac8f55c25eb35aa06e4609633971a6206||0xe65601e31dc723f5cf3e55526938a0d0df6b5d09639eae21b9cd04e3a8289cf0
1662625704|487804878048781|0x0c057c74fe71aef32482ae6e2daa3c444c29cec1||0x0d5c847264ec15327157fe1ee7adb6af4ac04b51e324c11524e24df995c1c68b
1662571650|100000000000000|0x8c329635267f684359a539b0c6bdcf9ed24a932c||0xac742910f67b819931fb223ad4adc5696a535563219bf704c4b29507c76c1ef3
1662558639|2126959973921896|0x57a6a824d389169b752d355f49d1a4fa4fbae907||0x717a91379f19f4397fa40c20c796e43a8cbdd366ed39608058fcb3de07dafbdd
1662543000|87804878048780488|0x80000000000495561f29841ab6e2ddd2bbf88b54||0xc9f798391b4f0700dce4114c3a3de7050c279762919437346b6cd3ebc591e133
1662537890|3658536585365854|0x472731c3aa2beddff525914f17bf334f906fc33b||0x56b406e25495a3a9fb759ff66d19bdf8023af76e13cc472cd8c07d0c3f8a9a0d
1662512557|17450038418242537|0x2bd5d2e3d5852ad9960638083cb7c9f493e7a597||0xb0b1722bd5ceb62658b8c954859f042b410773eb94cd14c941b1df4bd545ba72
1662483146|13774436142879147|0x0b537e107caf82aa05774ef2bf029b0cf53928c8||0x0efb315c216f14abd3cc58217b8eb7614d4a574e614794242eeb5b177088f59b
1662480312|1314243604251754|0x57a6a824d389169b752d355f49d1a4fa4fbae907||0x2d3902a105fcf075eacdd521eb9096b4d323dfa367c14e15ea877dbecb63beb9
1662479785|1|0xf7253a0e87e39d2cd6365919d4a3d56d431d0041||0x4bc77aefef5df06d2ce55d85c01d1d640cfa6e637c899c15f717ff3cf6385df9
1662479631|21409240089810974|0xf7253a0e87e39d2cd6365919d4a3d56d431d0041||0x8a336573ac96d7c216aec318cf4d1576cbfc2cb49e100457479bc55a417dbb34
1662432902|2621951219512196|0x82639e8b08299311426cc1fcf36e37054f22de5b||0x71f85438726cc4fe02a27b37b28bcd97737ba4449711006304ea5c64861ea2ba
1662380578|111707317073170732|0xdcfc09ebaf6c428b6045599e404a0bc9ac572c8e||0xcb2443d43efaadfe95ed992eec7e016bc2f222edaf172113203a85035bc8b877
1662358065|24390243902439025|0xdcfc09ebaf6c428b6045599e404a0bc9ac572c8e||0x56fd2ea0c8b07e014a8e79bad078ef29a0a7eeecc75c6aa8d4fc80137ff0f750
1662357638|24390243902439025|0xdcfc09ebaf6c428b6045599e404a0bc9ac572c8e||0x4538dca387d585796712480355d761085803f340ec60d3b24206776dceaf0e17
1662357538|54146341463414635|0xdcfc09ebaf6c428b6045599e404a0bc9ac572c8e||0x9f76b561e42d76f87765c78287a8adcd3447b8c901bdefd1550773180284909c
1662355247|78658536585365854|0xdcfc09ebaf6c428b6045599e404a0bc9ac572c8e||0xfd7da3c84dc81cfce23c48e68fd00996989acc82abc6ae42c5ac347da233232c
1662354602|152195121951219513|0xdcfc09ebaf6c428b6045599e404a0bc9ac572c8e||0x8f048698dfe7e688942eeca8ddef27ba6fa52a482fb17e3ba1279fadcfcab924
1662354122|48780487804878049|0xdcfc09ebaf6c428b6045599e404a0bc9ac572c8e||0x0ece7bf095037f29c2be9ee7cfb295488cb1d6ef874e260a2ddc8f14920159cc
1662348201|100000000000000|0x45f9ef1d2010ba23f6b851c9510f3bab8b9bd55a||0x16f7ee2f7fffc11c40ca04f16459237a430b56ceec35298608f29a90f376e897
1662344469|99383263060798153|0x6c70e5fc4e4926cd836a6f8b0645aa1a077fa605||0xa4ed067fde60844e87035ac2284d55093a3cd79f721dd1d32b17cf18bab0c22b
1662344352|18634944238708965|0x6c70e5fc4e4926cd836a6f8b0645aa1a077fa605||0x6debe4c3a3357e58de38e0f3f7b6180311935c62a56a9d24568e51179139ecd6
1662277891|18245853658536586|0xc70bc0caa0f75d9bd7a7334c1ec8311b5ed8a653||0x4ba0aed927177f738bbeea588d98bb83daed277d5f5268131c39b7e5a7b34668
1662243394|10121951219512196|0xdcfc09ebaf6c428b6045599e404a0bc9ac572c8e||0x79e6f59d9da26a91fea17313f977be8d2dcc5aa7a25563bbd8ad136f6651ec69
1662187513|46830352620687589|0xca6ed3fdc8162304d7f1fcfc9ca3a81632d5e5b0||0x8566607bee58c2884a889a9ffe62382fe336b0b54a2db4dbe046d651eb7fab78
1662157538|61826982765524526|0xc109636a2b47f8b290cc134dd446fcd7d7e0cc94||0xe2ce1182c93e7bf3ede7f76ed24b251d9c7154a927c1e34fa7e450b2abca8fb7
1662135403|48780487804878049|0xc109636a2b47f8b290cc134dd446fcd7d7e0cc94||0x0f550e3bebfbfc4c3d810b601227f402cebefc7783b2fa5c9ef0ff5320303cbb
1662046160|27390243902439025|0x14a2b07eec1f8d1ef0f9deeef9a352c432269cdb||0x20fdbeab31f7913f7200d60a14c1b19dbc8c9e3bb2b170ab409c41bce9ba9fa0
1661934868|24951219512195122|0x926edf61468d341e20423de07734f68a96b98234||0x68c9da1d91fcc8301cd7dfea653f545d10cf679d04d61c173751f74f00493504
1661925073|49024390243902440|0x069e85d4f1010dd961897dc8c095fbb5ff297434||0x76906eb3b5266c22dc64d835de0f77c7468fc92904f97769646eda5fc822e420
1661826953|47738798255743062|0xca6ed3fdc8162304d7f1fcfc9ca3a81632d5e5b0||0xd3f77fc85a202ab9de8e7844e71188e3395858f1f5a68f672700f4241f45124b
1661818403|672073170731707318|0xdcfc09ebaf6c428b6045599e404a0bc9ac572c8e||0x80d2c439fc3ccb27219ab403efeb0c35f17e2165080fa49b18ccf6a6d66796ce
1661801315|32926829268292683|0x82fd171d9a11259758012df50d57918210f7d4b9||0x0c86b906b9018db739d539dfcd98bf117981b2028edeaa3b6ebb6850ecc89b6a
1661800036|26097560975609757|0xdcfc09ebaf6c428b6045599e404a0bc9ac572c8e||0xbd168f9403a7644ab431a5485c95a3454087bfc6b745da0b49ac0d2004e790e8
1661732691|52955796088753231|0xf9733cc8b7ddd9dcdffd62cb56111fee3dc6f30a||0xb9b64abe2ddc8a770c5da8b6f63c03a29b3ca8db1e6b27ef0cc462a3e237838a
1661723269|99133475191579539|0x823b92d6a4b2aed4b15675c7917c9f922ea8adad||0xee5619ca2c1ae2d30b1e81ab91374adb65fac931fd537f8e1925d7aeb23e72e3
1661601065|327000000000000|0x5587b77d82c7dc2c6ca95ef79b6cf65b632da905||0xc90571d5f95c3d9bf93d612825419396227d5ec804d676085e67565aed41cca5
1661598643|4049033467367139|0xf7253a0e87e39d2cd6365919d4a3d56d431d0041||0x03da04321f036bb833d16f7a8b02e005e978e5cc774cd6893a450e3ed31d7c51
1661518198|21989701489802276|0x60535a6605958fff6cec5b1e92892601efb3473b||0x0f1fbf2db1ddb1f03cebf0224874cb915af0f8e7efcf38f058d12f29708fc877
1661446848|97560975609756098|0x823b92d6a4b2aed4b15675c7917c9f922ea8adad||0x5ccb16cb803f531ed0837649effe05a4856c9be5f24e19fff79005e39818d8cd
1661360773|2439024390243903|0xf8284136b169213e4c50ce09f3e1d9a9b484baea||0x217cd5fcf11f97ec354be6cf8fc40f143ca8df11f11e89dcbcb7856cdfba8e4f
1661303921|12189628452404178|0x719ef68eb1c14bad00f58112d1de343233af6d3d||0xb91b38f5c6e5e363c3c140aa87d4c45b053868637eab17b7035384119bc72746
1661151086|121951219512196|0xb3c0fda34cb33c93ca7687d88892dc7ca3411520||0xa56e97a9429ef131096c7a2d974115a6ea7c74803f1f5c5e07102da7a9f3e76c
1661078380|1000000000000000|0xeca040fbf33df1ac552c2736a22f0430ad0246f2||0x327397064f56813766e61599eede04ba9d833bf8971ae82e3a87b25e16668222
1661076973|1000000000000000|0x2dc6609cf4bb48df9e7907b49010223387ecc9d7||0x0c20f5b839f6dbeae2032b497bb7e47708412ffe1e4bc77e1c26dcc464932192
1661073871|1000000000000000|0x5587b77d82c7dc2c6ca95ef79b6cf65b632da905||0x4e2b7c139255e7ade9a5f5a81b45f691b12a251984655d18ad092784cb0ddb12
1661065557|1000000000000000|0x7354a64a2f333b738a59e9f58eebeab091dd2dfa||0xa92a2c75609f335b6bae4399092bf2cc7d473bca6185906dd43d29efc8934e12
1661063219|1000000000000000|0x495f70fe32984d047745c37bfc9e176b94a7397c||0x187ae32f2f48b253f69f19d86cdc871487786522b71f7dbb0446196879da268b
1661038764|66927371219512196|0xe7879a2d05dba966fcca34ee9c3f99eee7edefd1||0xf9c1d6e8f9f243d8cd9af4c95486cb9e4d0e1acef219a87edae7063a13f67e51
1661020706|15602359064572227|0x6c70e5fc4e4926cd836a6f8b0645aa1a077fa605||0x1bb9def3eee6843148bba84e66e0f62cd0675feae27da0200d929a96fb38f99a
1661020053|3901746631512050|0x6c70e5fc4e4926cd836a6f8b0645aa1a077fa605||0x1810155c21a6b4e11e8f45eb1dae74be37ab378d8131de712e0d401854a9dae3
1660721858|121951219512196|0xc70bc0caa0f75d9bd7a7334c1ec8311b5ed8a653||0xcbb61e332bbc0a7d534dd83655eefbc3b140457127c43bbc2dfa465657f3d503
1660595661|15601763885345142|0x6c70e5fc4e4926cd836a6f8b0645aa1a077fa605||0x280d344641ece5f69707f5a1b9375118bfd9e5dce4cd1f42bd375b82beddb81d
1660595570|3901083019232802|0x6c70e5fc4e4926cd836a6f8b0645aa1a077fa605||0xc1be33846fc47bddfd6ed877a304ce3acb19601ae54086364ba85b9216ab3c05
1660586533|1585365853658537|0xe898908cbe1aa10389f9bae84a05a67e8f940122||0x763901e6603e3368293570954227c37ca2b9091f2f2250cf6b11931efc1bb023
1660586158|731707317073171|0x8d816a37591ecb1b27176cc717dd171b1d6ebb9c||0xdef04bc569895c4102e831478d918ab642f2e98ce5e317380d03617d99978ff7
1660498511|1|0x823b92d6a4b2aed4b15675c7917c9f922ea8adad||0x1e8bf683995f7336fde0a0f2cb082d8c3b82d4aac9fb046ffced41134bcffb18
1660491162|6695415121951220|0x82639e8b08299311426cc1fcf36e37054f22de5b||0xa3766171327c1e44fb33617b66a04364ab7bbd704153e5b33c206a4c806ed249
1660410112|97560975609756098|0x823b92d6a4b2aed4b15675c7917c9f922ea8adad||0x4108a2597e0d4e5802078dca9a772f6f08f2198474fa3974db1f9293e588a122
1660409421|4463414634146342|0x82639e8b08299311426cc1fcf36e37054f22de5b||0x3136f204a79d9cf180f9d8e9b49576946bd9153bfe6285bbaa0e71d87dbe8c4a
1660341419|2073170731707318|0xe898908cbe1aa10389f9bae84a05a67e8f940122||0x50d7e986ea260045b993b56454930fcd66f987a6da53fa0f701fdaccbcc1b19b
1660327762|14658536585365854|0x82639e8b08299311426cc1fcf36e37054f22de5b||0x3e2834fcd6851076f896727caa364a88ef799f9528039c31b4472d402ccbcc93
1660324280|19298348303256304|0x60535a6605958fff6cec5b1e92892601efb3473b||0x4a1986701b0f7f7750ba3963c6e8e6e37e5443aa4bcd49df5353d370542e0235
1660312761|22492389512195122|0x82639e8b08299311426cc1fcf36e37054f22de5b||0x51df2592790e660b3fb8866d8cf23c5d115d7a642433b8ff7b24ce0d38ba6a14
1660312531|2439024390243903|0x82639e8b08299311426cc1fcf36e37054f22de5b||0xf68879a65a33b9496b15b8de8460ce365d259578997e76fa7e34d51faf45e2e1
1659735708|365853658536586|0xe898908cbe1aa10389f9bae84a05a67e8f940122||0x0ea0ac7dbf57809da520afe2cf2438d9088817ff38888f05b1722d6d88161d23
1659562311|10000000000000000|0x6877be9e00d0bc5886c28419901e8cc98c1c2739|https://jbx.mypinata.cloud/ipfs/QmSaspKJxKscXfz4hUF1gAZRvXfkkH3W1fpDi8Z15yghF1|0x0fade01a28564a7d213249563d2b087aff90dfdd45e5f8401f8bfb8ccb71bff5
1659558755|10000000000000000|0x28c173b8f20488eef1b0f48df8453a2f59c38337|https://jbx.mypinata.cloud/ipfs/QmahR7GZpMtXcx4MdYj7j6y5Z8MwWxrfELTCe8aQ2MjrNM|0x7d29f429f541d76f001762cf774af1df5c6ef849fd9111dc3f478a692da183fa
1659547726|10000000000000000|0x823b92d6a4b2aed4b15675c7917c9f922ea8adad|https://jbx.mypinata.cloud/ipfs/QmahR7GZpMtXcx4MdYj7j6y5Z8MwWxrfELTCe8aQ2MjrNM|0xc4cf537880df8d0cb0308b3babba83db39afac91c5e33560d162cc02e69bdf6b
1659546635|10000000000000000|0x8dff5c0ef4a8c86d4ed8cb20a14fee7efa080e09|https://jbx.mypinata.cloud/ipfs/QmahR7GZpMtXcx4MdYj7j6y5Z8MwWxrfELTCe8aQ2MjrNM|0x022341bad4a00b06dc115c890b90846bf7b37510aa43ba2707e0561474e7fd1d
1659546577|10000000000000000|0x6877be9e00d0bc5886c28419901e8cc98c1c2739|https://jbx.mypinata.cloud/ipfs/QmahR7GZpMtXcx4MdYj7j6y5Z8MwWxrfELTCe8aQ2MjrNM|0x4706072eacfb4e9c6837c3ad256c30ba7dc678937a9dfecb8d594cfdf9ebcc49
1659534073|48780487804878049|0xf7253a0e87e39d2cd6365919d4a3d56d431d0041||0xf713668401457a91f0916020f2b943a10515273cf2d441cd6a5f88f870c26352
1659498975|1000000000000000|0xf0fe43a75ff248fd2e75d33fa1ebde71c6d1abad|Bull on https://juicebox.money/assets/stickers/banny_party_2.png|0x4223414e4f63764c10a1fa662c91605d26ecb9a94bf4d9df785fb12472e5d174
1659491607|100000000000000|0x2eeb17c2e810a80e76c37003f0540fd6c75dc236||0xf79ad557a225eb54460125af0663983c7d875c4026419f29915c023df36c7d37
1659428510|4784288536585366|0xe5cecb5231f0917808e5d57a8e9ef946cbe10030||0x10080e61945640c71025b02ff710a0703685da91a211041c37e348c6b2bdc1b9
1659373013|4750000000000000|0x114756e21f7f11c0f87355d2aad8bfcc5626a983|https://jbx.mypinata.cloud/ipfs/QmahR7GZpMtXcx4MdYj7j6y5Z8MwWxrfELTCe8aQ2MjrNM|0x12cb534445ec5b937d963977f942d63fecff5807c1da6dcd56d91dab17aa00ad
1659209452|1|0x823b92d6a4b2aed4b15675c7917c9f922ea8adad||0xa1728e6b167f19f7b887c13c776c07d97efbe7b1570c52b19c4f8373259a1be0
1659184098|100000000000000000|0xf0c0917bed1d2311cfa261493a21ddfc450eeea5||0x67db46f6c638150cc1b524829f7e3b72c1103346dc7431a5ea39edafa42e5352
1659099143|3000000000000000000|0xbdfa4f4492dd7b7cf211209c4791af8d52bf5c50||0xc5784e3a89d23b71a7cb7e5076704cd1284215759ff12a5533c0528fe7f81320
1659048324|100000000000000000|0x1ba2a537a771aa4eac2f18427716557e4e744864||0xaaf8c79a3832bc82b7eadf1649a2990a8f90175af268ca91086011432a149270
1659046315|21080213344294745|0x60535a6605958fff6cec5b1e92892601efb3473b||0xada0c6a2c0dc9ce4f736a286c00ad6118ddb2c00db0fd3340284c0929b44cf60
1658969060|97560975609756098|0x823b92d6a4b2aed4b15675c7917c9f922ea8adad||0x8c3bb26a3d832025d55c3db767074815f15fad8eabd44e0ca9cda44af7ce874a
1658885749|1000000000000000|0x6c2e47aca7f7e23f3ce8f1606cfaa157b5583c04||0x94f4ff8ec20038590919eb6ef0427d726f2fb9424ef955c397443fc137c6b724
1658689996|72988147366154395|0x5bd9c90827ac6391e91a60c5de8b63dcaa48b7aa||0xd7d1ab2943a11da34d2d0cd37d0abab543f0aecf305bacaceaee2082d7a67650
1658677189|331353658536585366|0x34aa3f359a9d614239015126635ce7732c18fdf3||0x54e7e0d841e919e8c6c791a53f3876f9a1f1dc4f0607b340a2c603d85b53247a
1658641396|31297800000000000|0x8b80755c441d355405ca7571443bb9247b77ec16||0x74f6627aa391f6038349f4fd9b66d2d73157405aff8c3999fac0b6a68eab8e78
1658620461|53024390243902440|0x66b8887d8cd8ca84884b7d64b9239d4d5082d9c8||0xa967e73bacf9dd94857c6d7f2477fc047c8063f18aa3b6b524703ad55c90ce40
1658590930|6000000000000000|0x63a9da320290e99df7f4d3435e8d72e59e3d8892||0x71e4ae57ec86100ac40d1e784c6f739cbd57b61f517ea462e18b57fe4095fd73
1658383397|100000000000000|0x0028c35095d34c9c8a3bc84cb8542cb182fcfa8e|deploying juice, steady lads|0x2b3f6da2b5b1150ed2546e3830555813c7ebb0b08380df642988708b219b92b0
1658296221|10000000000000000|0x48b576c87e788a762d6f95a456f2a39113b46950||0xb8720b859f77d678481a1eab31578cf2f0c1b887cd9e2d644c920e1d676c4f27
1658294703|10000000000000000|0x10061123876ceea12642342afe829444b7e0d48a||0x420379ced5e7877ba90e3b65b34303e5e047f75dabdbea139eaed785d70e71b8
1658279709|975609756097561|0x57a6a824d389169b752d355f49d1a4fa4fbae907||0xa7559387d535f445b104df9d951306f302f16b8fe50d2f9bc7f932a0e8ce5652
1658274384|23865209297885543|0x60535a6605958fff6cec5b1e92892601efb3473b||0x56ca17ec1e2486bae983dd5161b83b68af424497b4f4facd602d6cfa4da08519
1658115394|710650000000000|0xc0b8eed3314b625d0c4ebc5432a5bd4f31370b4d|Wraeth's mainnet NextJS https://www.juicebox.money/assets/stickers/banny_party_2.png https://jbx.mypinata.cloud/ipfs/QmSy76sgrP84smrxBXoRuvhVT8WVZfGNqJF3bwmrZG8KB7|0x9e4f633b5d81d05696b61cfa3f8f90f5f6dec0bf13685368c9949fd81305c7fd
1658115358|100000000000000|0x0028c35095d34c9c8a3bc84cb8542cb182fcfa8e|off fleek|0x7317628c7cd019ee32513f04de1da863cd70eae3c09b2f1bdd9a75de41c5eeb4
1658111439|73210000000000|0x267a3195ea57ad38e65993dbcb9fbebf8995621d||0x5277ebff42c36638d6e8def46ea4aa0ad97978db17963bc4dca6d4bb10e7ab97
1658008337|2000000000000000|0xc0b8eed3314b625d0c4ebc5432a5bd4f31370b4d|happy birthday Banny! https://jbx.mypinata.cloud/ipfs/QmTLnhYt7vMe8Zhui7WZjgiFjZwFWicnS2KLMFUtzJLtgW|0xb7064831a69f29a54941e45f6089d07a8c42a1ba0631a5382554249c09fdb235
1658007305|97560975609756098|0x823b92d6a4b2aed4b15675c7917c9f922ea8adad||0x442a711b2ad092adf2832845d9e49cd2377cb2ba754661686ad7b5ba7d5541b2
1658007290|1|0x823b92d6a4b2aed4b15675c7917c9f922ea8adad||0xf02d8b5b6ee8333c6a0195363f7f35823a5d96502b057a3e6df401462ac61a96
1658003904|1000000000000000|0x2b19fde5d7377b48be50a5d0a78398a496e8b15c|happy birthday Banny! https://jbx.mypinata.cloud/ipfs/QmTLnhYt7vMe8Zhui7WZjgiFjZwFWicnS2KLMFUtzJLtgW|0x6f55177ac2e17959772707836417bc640a2f052b19733de1e7eafa815d4e729f
1657991968|1000000000000000|0x34724d71ce674fcd4d06e60dd1baa88c14d36b75|happy birthday Banny! https://jbx.mypinata.cloud/ipfs/QmTLnhYt7vMe8Zhui7WZjgiFjZwFWicnS2KLMFUtzJLtgW|0x05fa42226f528dda4ff6e1e7b949f1160468be1388bed99692e6477ec2cee326
1657986552|1000000000000000|0x30670d81e487c80b9edc54370e6eaf943b6eab39|happy birthday Banny! https://jbx.mypinata.cloud/ipfs/QmTLnhYt7vMe8Zhui7WZjgiFjZwFWicnS2KLMFUtzJLtgW|0xc4ce8629d139906785db5bff56b0990556c9487db73e04481525f93da33022bf
1657986516|1000000000000000|0x30670d81e487c80b9edc54370e6eaf943b6eab39|happy birthday Banny! https://jbx.mypinata.cloud/ipfs/QmTLnhYt7vMe8Zhui7WZjgiFjZwFWicnS2KLMFUtzJLtgW|0x24e8352b95f8e2ec4217cd63be2e047fb6556a5d321510781bd23c5e2a2b6d4b
1657985508|1000000000000000|0x5706d5ad7a68bf8692bd341234be44ca7bf2f654|happy birthday Banny! https://jbx.mypinata.cloud/ipfs/QmTLnhYt7vMe8Zhui7WZjgiFjZwFWicnS2KLMFUtzJLtgW|0xf81997e40123f7b086364669ec180536d392ec380ab37aa9422ebb0fb31a4cfd
1657978363|1000000000000000|0x60535a6605958fff6cec5b1e92892601efb3473b|happy birthday Banny! https://jbx.mypinata.cloud/ipfs/QmTLnhYt7vMe8Zhui7WZjgiFjZwFWicnS2KLMFUtzJLtgW|0xdb563fcf6a2c3db1d7e0e4b7e0bcddf5063d92e9cfd70e3a4d57dfd7884cefb0
1657976142|1000000000000000|0xca6ed3fdc8162304d7f1fcfc9ca3a81632d5e5b0|happy birthday Banny! https://jbx.mypinata.cloud/ipfs/QmTLnhYt7vMe8Zhui7WZjgiFjZwFWicnS2KLMFUtzJLtgW|0x59f5f3e170e40b28f94709426b62c5c6cd9bd261abb768463b0370304361f9b8
1657976017|1000000000000000|0x90eda5165e5e1633e0bdb6307cdecae564b10ff7|happy birthday Banny! https://jbx.mypinata.cloud/ipfs/QmTLnhYt7vMe8Zhui7WZjgiFjZwFWicnS2KLMFUtzJLtgW|0x85c09a6977ff6262f8ce7d445ece768e88bc7d0e5c7cd87d00f483248a4b19b1
1657963157|1000000000000000|0x5159128278bb4c4fd8d605576e247fda25f00d1e|happy birthday Banny! https://jbx.mypinata.cloud/ipfs/QmTLnhYt7vMe8Zhui7WZjgiFjZwFWicnS2KLMFUtzJLtgW|0x4c763d6cda2058cbdc997b15e90a0c935e13050d8165d18351053503c8bbc0ac
1657962592|1000000000000000|0x5706d5ad7a68bf8692bd341234be44ca7bf2f654|happy birthday Banny!  https://jbx.mypinata.cloud/ipfs/QmTLnhYt7vMe8Zhui7WZjgiFjZwFWicnS2KLMFUtzJLtgW|0xb59f5c4962338b3f150b228a3247bb83190a7d4a1f8af0ad205a173cf308a185
1657961072|1000000000000000|0x163a5a40ca4a14593322ec295dfbe6d88298bdaa|happy birthday Banny! https://jbx.mypinata.cloud/ipfs/QmTLnhYt7vMe8Zhui7WZjgiFjZwFWicnS2KLMFUtzJLtgW|0xf5b1b44e47b05cd403a17870ef11b1a3d52c2afbd779068da2f580dbb71c9753
1657959028|1000000000000000|0x474461503d4719e3b9e70c81c5bd3cee00407629|happy birthday Banny! https://jbx.mypinata.cloud/ipfs/QmTLnhYt7vMe8Zhui7WZjgiFjZwFWicnS2KLMFUtzJLtgW|0x36b72b982e78e3d2e7cb16bfbef23a9e296d2a9ecb3767273f9a0c3b5d95da1f
1657958827|1000000000000000|0x4fd9d0ee6d6564e80a9ee00c0163fc952d0a45ed|happy birthday Banny! https://jbx.mypinata.cloud/ipfs/QmTLnhYt7vMe8Zhui7WZjgiFjZwFWicnS2KLMFUtzJLtgW|0x9770a7964f80b99c3c29e59907445d8e12f6a56a5e33c74a50b4e63a4c1015ec
1657958646|1000000000000000|0x0cb0c7a482ebb2b7ea1305ec234d762136bbffb5|happy birthday Banny! https://jbx.mypinata.cloud/ipfs/QmTLnhYt7vMe8Zhui7WZjgiFjZwFWicnS2KLMFUtzJLtgW|0xcf93eff9132211ac57f0dcceabc20240bd981ba6d0bb0bd69e023985da701955
1657958532|1000000000000000|0x00e9d6c7fb5e3b29875987fc3235744238476c43|happy birthday Banny! https://jbx.mypinata.cloud/ipfs/QmTLnhYt7vMe8Zhui7WZjgiFjZwFWicnS2KLMFUtzJLtgW|0x3b8c1d64e32d75a4088244ae1b6d77bfd5c5661602eb9c3a7999986c53f4ae7b
1657958509|1000000000000000|0xb1dc7d09c5308cd0a1f49e258f5e2e675278da15|happy birthday Banny! https://jbx.mypinata.cloud/ipfs/QmTLnhYt7vMe8Zhui7WZjgiFjZwFWicnS2KLMFUtzJLtgW|0x4d5ccbd18ac784c87922982717de69e6f92cb597909fdc9480be5bcb5fc25500
1657958460|1000000000000000|0xc61ac325f512b4e4acb397b23b8494770eaa0855|happy birthday Banny! https://jbx.mypinata.cloud/ipfs/QmTLnhYt7vMe8Zhui7WZjgiFjZwFWicnS2KLMFUtzJLtgW|0x7625aa38f1b28fc53ae031ebfb06173a3d8bce637633d193e77f9a84bd59befc
1657958401|1000000000000000|0x6860f1a0cf179ed93abd3739c7f6c8961a4eea3c|happy birthday Banny! https://jbx.mypinata.cloud/ipfs/QmTLnhYt7vMe8Zhui7WZjgiFjZwFWicnS2KLMFUtzJLtgW|0x0549c7a68a6fa04dbb200ae4763cca268fc719d62631058f34b854097912d0b7
1657957566|1000000000000000|0x59b74027768caa41c3902f369dc17d5f940d1fe4|happy birthday Banny! https://jbx.mypinata.cloud/ipfs/QmTLnhYt7vMe8Zhui7WZjgiFjZwFWicnS2KLMFUtzJLtgW|0x3fa54a0f1f532ef2bb7e56fdf5f1b51dc4ba8167ab9dbf02c65f01f0467dc5e4
1657957434|1000000000000000|0x5d95baebb8412ad827287240a5c281e3bb30d27e|happy birthday Banny! https://jbx.mypinata.cloud/ipfs/QmTLnhYt7vMe8Zhui7WZjgiFjZwFWicnS2KLMFUtzJLtgW|0xb7edcd7d1bc0a63a7b76b1e8cd5f087931a2b276f0a6952128cde5a2857fd07d
1657957240|1000000000000000|0x984fd83fbfdb8de06b0e9f548bc1aa0551ba9a84|happy birthday Banny! https://jbx.mypinata.cloud/ipfs/QmTLnhYt7vMe8Zhui7WZjgiFjZwFWicnS2KLMFUtzJLtgW|0xe105ebfd6217c91a8f25821e0e407d623cd9f8993c0ba80a38d35aea479011b1
1657957180|1000000000000000|0x4ef912078cf4ab1e3e0703131fb7ffa5ebbc8869|happy birthday Banny! https://jbx.mypinata.cloud/ipfs/QmTLnhYt7vMe8Zhui7WZjgiFjZwFWicnS2KLMFUtzJLtgW|0x24730e21abaa65ddab01ab9b0ec688ff6f99d521fedffc84e3f4e2fea375c69a
1657957144|1000000000000000|0xf4844a06d4f995c4c03195afcb5aa59dcbb5b4fc|happy birthday Banny! https://jbx.mypinata.cloud/ipfs/QmTLnhYt7vMe8Zhui7WZjgiFjZwFWicnS2KLMFUtzJLtgW|0x28f6cf582434c6ad0a694f8a73ade888dde9c648bf9bdaaab1b34f7798353fe9
1657957038|1000000000000000|0xfdb66e0294eb698b500c5fe4eb81df5b3fb39c3b|happy birthday Banny! https://jbx.mypinata.cloud/ipfs/QmTLnhYt7vMe8Zhui7WZjgiFjZwFWicnS2KLMFUtzJLtgW|0x1098c9022622aed89e8319bdc34426f151f266fef8272e793c294a7eda7c604c
1657956369|1000000000000000|0x26ccb2d8514f8df177ace1112b9ed2058e2ea468|happy birthday Banny! https://jbx.mypinata.cloud/ipfs/QmTLnhYt7vMe8Zhui7WZjgiFjZwFWicnS2KLMFUtzJLtgW|0x56ce35e84f075b40e2efb170fa296721a3da76ea40102f8f6f13bb2f52f1bc2a
1657953587|1000000000000000|0xbd722f41bca276b05a27e0b716bdec2cb801d952|happy birthday Banny! https://jbx.mypinata.cloud/ipfs/QmTLnhYt7vMe8Zhui7WZjgiFjZwFWicnS2KLMFUtzJLtgW|0x490292cd783067df54bed347229e09a7d578976553bff962c3896f7c06d18434
1657953167|1000000000000000|0xc6eb8f98421c0e7256adaa4be30b04e333c5d225|happy birthday Banny! https://jbx.mypinata.cloud/ipfs/QmTLnhYt7vMe8Zhui7WZjgiFjZwFWicnS2KLMFUtzJLtgW|0x8a67b94c78b13eccbc703b97da277cad4790861a490ad52c50b70cfc06447582
1657952859|1000000000000000|0x6853e29151bde9249058ac7a10bf8862b33b5140|happy birthday Banny! https://jbx.mypinata.cloud/ipfs/QmTLnhYt7vMe8Zhui7WZjgiFjZwFWicnS2KLMFUtzJLtgW|0xee113875358bcb9f04bd89c15b84572591a496560e6f2952530f8da615836cd1
1657951761|1000000000000000|0x441e1e47a6fa2dbfd3cd9b54291e9ab3a58d7975|happy birthday Banny! https://jbx.mypinata.cloud/ipfs/QmTLnhYt7vMe8Zhui7WZjgiFjZwFWicnS2KLMFUtzJLtgW|0x8410cc7606603f4b64db8c264b2a60886b9d7304a172ca19475bc2bd11f03014
1657951544|1000000000000000|0x441e1e47a6fa2dbfd3cd9b54291e9ab3a58d7975|happy birthday Banny! https://jbx.mypinata.cloud/ipfs/QmTLnhYt7vMe8Zhui7WZjgiFjZwFWicnS2KLMFUtzJLtgW|0xbca6dfd315dc05889e619e0b121763ae0ecac3ac2a81fb0f149277cb22a33bd1
1657951263|1000000000000000|0x8b80755c441d355405ca7571443bb9247b77ec16|happy birthday Banny! https://jbx.mypinata.cloud/ipfs/QmTLnhYt7vMe8Zhui7WZjgiFjZwFWicnS2KLMFUtzJLtgW|0x9154ac093e302b84fa0c98420b4e252692a489f65c39696a624023d173ab1f4b
1657951189|1000000000000000|0x00003183f59e825911d98fb509a157cd2abbae25|happy birthday Banny! https://jbx.mypinata.cloud/ipfs/QmTLnhYt7vMe8Zhui7WZjgiFjZwFWicnS2KLMFUtzJLtgW|0xd4d897f430ef5a4f41fcf2fdb93cc930e5900b2aa5870ee27861e8b1ae616fdb
1657950931|1000000000000000|0x28c173b8f20488eef1b0f48df8453a2f59c38337|happy birthday Banny! https://jbx.mypinata.cloud/ipfs/QmTLnhYt7vMe8Zhui7WZjgiFjZwFWicnS2KLMFUtzJLtgW|0xf35169374f77007420b60824d27400972322531bf856e4987816bd1ca33f777f
1657948545|1000000000000000|0xfda746f4c3f9f5a02b3e63ed6d0ebbc002d1f788|happy birthday Banny! https://jbx.mypinata.cloud/ipfs/QmTLnhYt7vMe8Zhui7WZjgiFjZwFWicnS2KLMFUtzJLtgW|0x2adb0bf8ba15671389d52942d99f9951319907f4eecd62daf7b3f41b43354125
1657948365|1000000000000000|0x68dfb9b374b0a1ce996770ddf32916a530b4785f|happy birthday Banny! https://jbx.mypinata.cloud/ipfs/QmTLnhYt7vMe8Zhui7WZjgiFjZwFWicnS2KLMFUtzJLtgW|0xecaee42c033420894f642c28a9ff72b1aad6d369a8362ce35b2ab2db50a763bc
1657942792|1000000000000000|0x26416423d530b1931a2a7a6b7d435fac65eed27d|happy birthday Banny! https://jbx.mypinata.cloud/ipfs/QmTLnhYt7vMe8Zhui7WZjgiFjZwFWicnS2KLMFUtzJLtgW|0x02898cfbe37d313a83148c31e0f89b44f6ea6143eb9d9bfc463bfdd025a54f98
1657942567|10000000000000000|0x2638bf07baa4a246af902ad19d3d14e0dff0ce97|happy birthday Banny! https://jbx.mypinata.cloud/ipfs/QmTLnhYt7vMe8Zhui7WZjgiFjZwFWicnS2KLMFUtzJLtgW|0xfd4b31da6214cc69e1991a1c6ca4e731a4a1fcce4328f4e78b0041239674a43a
1657941901|10000000000000000|0x2333fcc3833d2e951ce8e821235ed3b729141996|happy birthday Banny! https://jbx.mypinata.cloud/ipfs/QmTLnhYt7vMe8Zhui7WZjgiFjZwFWicnS2KLMFUtzJLtgW|0xbfdd1a428bd2d6c12487d89890f3a5d2812efa96899d975e85c382c7eee7585d
1657940012|1000000000000000|0x823b92d6a4b2aed4b15675c7917c9f922ea8adad|happy birthday Banny! https://jbx.mypinata.cloud/ipfs/QmTLnhYt7vMe8Zhui7WZjgiFjZwFWicnS2KLMFUtzJLtgW|0xdf84dd0f19bb0647e0df03f1e5cd8aab0084029ab3d023784cab6462c0350815
1657939849|1000000000000000|0x6877be9e00d0bc5886c28419901e8cc98c1c2739|happy birthday Banny! https://jbx.mypinata.cloud/ipfs/QmTLnhYt7vMe8Zhui7WZjgiFjZwFWicnS2KLMFUtzJLtgW|0x8ac1695869ba67320f5b918893a63bb081b76020965edad69796ae2ffaf4ea8a
1657939148|1000000000000000000|0x823b92d6a4b2aed4b15675c7917c9f922ea8adad|Good project|0xe30ccfb8169a1f092c219b28c34a6e67020ff9ca07660243710529498cee19d4
1657938810|1000000000000000|0x6877be9e00d0bc5886c28419901e8cc98c1c2739|happy birthday Banny! https://jbx.mypinata.cloud/ipfs/QmTLnhYt7vMe8Zhui7WZjgiFjZwFWicnS2KLMFUtzJLtgW|0xc4611212de7e0f0aeea05658fa990a3ff00d022af48fb99031b147b5763f2e26
1657730172|34462128940548150|0x60535a6605958fff6cec5b1e92892601efb3473b||0xa820e55c5a89fc9853f85c903056b5c03f44bdf437b839ace62f011284c8c0e6
1657722848|43902439024390244|0xf7253a0e87e39d2cd6365919d4a3d56d431d0041||0xaf44725fdaa22d7886f8df087f8eaa1334384b8b808ed50e1dd909e82ba15d95
1657250158|100000000000000|0x0028c35095d34c9c8a3bc84cb8542cb182fcfa8e|juicy http://localhost:3000/assets/stickers/banny_love.png http://localhost:3000/assets/stickers/banny_dao.png http://localhost:3000/assets/stickers/banny_coder.png https://jbx.mypinata.cloud/ipfs/QmPFnGAo5PBzA4UwWoHHSujc3xBUUGZNPAzVGGSHH44ko6|0x072e6404cc8123ae891eaea5c0ac411e70449a8e271412064d7967035ce7ccd0
1657250098|100000000000000|0x0028c35095d34c9c8a3bc84cb8542cb182fcfa8e|http://localhost:3000/assets/stickers/banny_blockchain.png http://localhost:3000/assets/stickers/banny_coder.png http://localhost:3000/assets/stickers/banny_dao.png|0x2fb57c8fa896411105ca2b73f40d0c034eb2bfdb6e660e849f593ec84980fb87
1657250039|100000000000000|0x0028c35095d34c9c8a3bc84cb8542cb182fcfa8e||0x363017feb6bdffb0f7a048f43060a17714da40ea6922281887f30b0974025ef5
1657041563|427106829268292683|0x56b7b097e3baacb780b469cc98dc82ff89cfebbe||0x9ca351500413667bb5c9d61f07dd2d6d934ed37d8c3ef37be0f87482e67fc7c5
1657015791|24390243902439025|0xf7253a0e87e39d2cd6365919d4a3d56d431d0041||0xd219ce49adc5f18e1ac5a75c79f6096e869537ec8e002d8b13df6e671bb83f2c
1657015223|121951219512196|0x8951ad90b1afc583f83e15d026a786c592d8e16a||0x19eb0135287a737e55aa50fab56e21dadf32a0192561fbed64335798b8a71c15
1656792531|97560975609756098|0x823b92d6a4b2aed4b15675c7917c9f922ea8adad||0xe503174a7dc48237b1d5e93828f66957e7561b31b76cef94168758f92040a541
1656792463|1|0x823b92d6a4b2aed4b15675c7917c9f922ea8adad||0x3883f96c7d68d614caef3dd9b69d883b5bacf9d6611e02506e3dd4943efc607c
1656428304|50879953428805252|0x60535a6605958fff6cec5b1e92892601efb3473b||0x84dfee53fd43a80e16a4519146d392e39fd14f4534a912301fd8e57609da65dc
1656265048|78047978144159089|0xf9733cc8b7ddd9dcdffd62cb56111fee3dc6f30a||0xc1f390696960a1eb5bbf91c49e08d154db743a4342dcbfd06f7b58964f202eb8
1656042809|2935701219512196|0x5d95baebb8412ad827287240a5c281e3bb30d27e||0xb3443f6b868697f68216e8446d863e030dad026915e06052f8d5b41f45352b28
1655969903|1219512195121952|0x27ff48d04a3d4f3cf53253c5b9fac11dad4802db||0x2a36bff7eafa4bee4ac53b30237a020f1fcf43f8420b1e7ba89933fb4f068d9c
1655470921|48780487804878049|0xc109636a2b47f8b290cc134dd446fcd7d7e0cc94||0xc4987cfabfb5ac2ae752d35517f6375d9521959c465f62798729c54338d02a19
1655447758|62338098830746258|0x89680047d2ea72f7b36ee0116d9c783bfa06fcc4||0x9de9cac638d4e0942d3bc37dd93591054c49c831f7e7f5fe48bffbceeb305ae1
1654980316|20901715856690869|0xceb15131d3c0adcffbfe229868b338ff24ed338a||0x9bc63bfabe2e5b4edd985284473cb7c4d3bc18a936da40a3740174aaf9b287b3
1654890177|48780487804878049|0xc109636a2b47f8b290cc134dd446fcd7d7e0cc94||0x211e8072956d6fbe2143ac2f170fa3e5dfe100f28589859187dcbbe746eac98c
1654640264|2000000000000000000|0x231a07c825f052b895de5fd1513ce40d18e14af5||0x9f692cbc3ececb12629df7e0540fc1cfe67357c52194bbf5c6f4a4ac022e1ae0
1654628680|27268292682926830|0xdc0b3e6493ede1a8380b39d0b3010aa0045d2190||0xb3ac8f8e7b30b3a8ed34166ccdae280a4f113f2b3691059c47d818c9e0ecce06
1654586098|24390243902439025|0xdc0b3e6493ede1a8380b39d0b3010aa0045d2190||0xda08b24b860fd057ff535dec1cc46d78910e63377152737b91bc1db23017a572
1654063657|159134146341463415|0xcf8147ebacd210dbfbef8472d4478bce3f509718||0x1b265ee911cb087dc43018064ba938fddef08f3207463b43e1e8a76a4c6201a1
1654039333|43800000000000000|0xe9be6df23c7f9caba3005da2fa2d8714d340d0af||0xba5d115d434208eb64cc582624f532388d8629ff37998ba104f2ec0271808220
1654039333|154200000000000000|0xe9be6df23c7f9caba3005da2fa2d8714d340d0af||0xba5d115d434208eb64cc582624f532388d8629ff37998ba104f2ec0271808220
1654015957|73167606098059540|0x823b92d6a4b2aed4b15675c7917c9f922ea8adad||0x8b73cc9ade04ba67022c7e257cd68fe04fa983913f9c2ceb2234f75b606dc03a
1653938409|12193916517224574|0x823b92d6a4b2aed4b15675c7917c9f922ea8adad||0xfc733b4774897402509a804201bfb25d0cd205cca3b2c8bad14e5df476285005
