timestamp,govFeeAmount,projectId,govFeeAmountFiat,date
1670294675000,0.4311824974419169,302,544.1058747621453,12/5/2022, 9:44:35 PM
1670290703000,0.001928527032442059,302,2.433593418598076,12/5/2022, 8:38:23 PM
1670202215000,0.567718824483161,329,715.1880895313095,12/4/2022, 8:03:35 PM
1670107175000,0.31607305867467045,33,392.8917210924575,12/3/2022, 5:39:35 PM
1670103299000,1.9362701960817035,1,2406.862935513888,12/3/2022, 4:34:59 PM
1669598051000,0.6171151962765737,329,722.0962054644976,11/27/2022, 8:14:11 PM
1669580051000,0.26144286184655896,5,312.7369629733504,11/27/2022, 3:14:11 PM
1669005947000,0.3383545746218834,33,375.6710960215217,11/20/2022, 11:45:47 PM
1668984239000,0.6405071982782362,329,732.9023808342929,11/20/2022, 5:43:59 PM
1668972383000,2.24288070298597,1,2566.423315092297,11/20/2022, 2:26:23 PM
1668379919000,0.5974788295289684,329,730.72045826622,11/13/2022, 5:51:59 PM
1668101339000,0.24209233327101007,5,315.0962157615657,11/10/2022, 12:28:59 PM
1667812883000,0.1995900643396184,33,313.3541328723763,11/7/2022, 4:21:23 AM
1667784527000,0.46553242019291147,329,730.8806093940027,11/6/2022, 8:28:47 PM
1667784491000,1.9659434104746651,1,3086.5088134708735,11/6/2022, 8:28:11 PM
1667590631000,0.06940611284576116,2,114.11703502928181,11/4/2022, 3:37:11 PM
1667548907000,0.000476190476190477,350,0.7829489799090203,11/4/2022, 4:01:47 AM
1667480579000,0.06924959789433564,302,106.02893400979242,11/3/2022, 9:02:59 AM
1667171795000,0.46177515831006244,329,734.7081845856673,10/30/2022, 7:16:35 PM
1666802123000,0.20358216563403783,5,319.3690308036795,10/26/2022, 12:35:23 PM
1666615883000,0.2392276725930648,33,321.3627840315806,10/24/2022, 8:51:23 AM
1666570067000,0.08021874584204386,302,107.7606081934032,10/23/2022, 8:07:47 PM
1666566707000,0.5350126071262431,329,730.0176784071534,10/23/2022, 7:11:47 PM
1666566623000,0.08378297427596966,302,114.32076843856022,10/23/2022, 7:10:23 PM
1666466807000,4.391417066830734,1,5769.302245336948,10/22/2022, 3:26:47 PM
1665961043000,0.5586831465779726,329,730.167094025725,10/16/2022, 6:57:23 PM
1665660179000,0.08299794792629814,302,106.91496981277449,10/13/2022, 7:22:59 AM
1665587747000,0.2443912214673249,5,316.30848315856525,10/12/2022, 11:15:47 AM
1665542639000,0.01904761904761905,474,24.652781931204142,10/11/2022, 10:43:59 PM
1665391319000,0.23921160670574212,33,308.8417181978704,10/10/2022, 4:41:59 AM
1665356111000,0.5535814226931847,329,731.9839722785086,10/9/2022, 6:55:11 PM
1665279467000,6.9770051955841454,1,9225.48295212933,10/8/2022, 9:37:47 PM
1665177911000,0.001373802028351518,558,1.820143078456576,10/7/2022, 5:25:11 PM
1664755307000,0.08521076852999568,302,112.77679452395617,10/2/2022, 8:01:47 PM
1664751659000,0.5682169796218879,329,726.1252426695625,10/2/2022, 7:00:59 PM
1664202407000,0.23810664227924339,5,317.9012272057914,9/26/2022, 10:26:47 AM
1664166431000,0.23623605974599354,33,315.4037727995743,9/26/2022, 12:27:11 AM
1664152631000,0.0850861490266279,302,113.60032183418772,9/25/2022, 8:37:11 PM
1664146715000,0.5673654880244184,329,734.2135479736575,9/25/2022, 6:58:35 PM
1664092163000,3.196493076459964,1,4136.502082481081,9/25/2022, 3:49:23 AM
1663800539000,0.04878048780487805,197,61.11095425212577,9/21/2022, 6:48:59 PM
1663636463000,0.14379950791052384,302,190.41795157147996,9/19/2022, 9:14:23 PM
1663551479000,0.5440914251426126,329,750.8030227094897,9/18/2022, 9:37:59 PM
1663056228000,1.1466135633655425,294,1803.8584359802703,9/13/2022, 4:03:48 AM
1663013967000,0.007233621142660243,168,12.370680571726126,9/12/2022, 4:19:27 PM
1663001614000,0.157971449965862,5,270.157132705655,9/12/2022, 12:53:34 PM
1662942687000,0.41489767551502804,329,709.5431890231025,9/11/2022, 8:31:27 PM
1662932285000,0.1787425732177554,33,314.82239644320777,9/11/2022, 5:38:05 PM
1662880342000,2.142462350212822,1,3773.5561217507784,9/11/2022, 3:12:22 AM
1662434028000,0.06738689540925955,302,105.43077059685672,9/5/2022, 11:13:48 PM
1662423167000,0.4494527732704323,329,703.195360833981,9/5/2022, 8:12:47 PM
1661860107000,0.1705613177223993,5,260.17425387843895,8/30/2022, 7:48:27 AM
1661834283000,0.20005967315805503,302,305.1710486886425,8/30/2022, 12:38:03 AM
1661801236000,0.21637616333432122,33,336.5033312423095,8/29/2022, 3:27:16 PM
1661753867000,0.5040347623110155,329,783.8634994073733,8/29/2022, 2:17:47 AM
1661753625000,2.6603626639465725,1,4137.336039864462,8/29/2022, 2:13:45 AM
1661553535000,0.04782777185239138,380,72.22898027802486,8/26/2022, 6:38:55 PM
1661486627000,0.007392645645948296,168,11.1642929595711,8/26/2022, 12:03:47 AM
1661153930000,3.119172586093222,294,5060.255628481418,8/22/2022, 3:38:50 AM
1661129268000,0.4816872051097568,329,781.4445413157022,8/21/2022, 8:47:48 PM
1660926868000,0.07857142857142857,434,127.17041104926349,8/19/2022, 12:34:28 PM
1660524252000,0.34029523756440877,329,649.3777934912243,8/14/2022, 8:44:12 PM
1660510793000,0.1580308063218647,33,306.0584464890329,8/14/2022, 4:59:53 PM
1660443473000,2.1493827284709575,1,4162.712031262753,8/13/2022, 10:17:53 PM
1660396984000,0.13668626468519415,5,270.96846784409644,8/13/2022, 9:23:04 AM
1660313017000,0.021653017270161327,8,42.42542635089606,8/12/2022, 10:03:37 AM
1660228761000,0.045372783972968185,168,85.36559922763789,8/11/2022, 10:39:21 AM
1660143701000,3.3244720416881295,294,6159.842953624138,8/10/2022, 11:01:41 AM
1660128685000,0.28894856568870936,302,535.3866009393768,8/10/2022, 6:51:25 AM
1659916055000,0.3910101720976274,329,664.3287918536322,8/7/2022, 7:47:35 PM
1659311998000,0.39429057089585395,329,663.2012247558777,7/31/2022, 7:59:58 PM
1659300687000,0.1835610958519767,33,308.75185097621136,7/31/2022, 4:51:27 PM
1659209503000,2.2052534398692853,1,3741.841174554598,7/30/2022, 3:31:43 PM
1658994733000,0.1673093902254119,5,288.36585201872424,7/28/2022, 3:52:13 AM
1658708585000,0.41484346836674696,329,601.7231020026761,7/24/2022, 8:23:05 PM
1658190096000,0.009523809523809525,437,14.69171258507832,7/18/2022, 8:21:36 PM
1658180329000,0.015175485096637036,168,23.83551162214319,7/18/2022, 5:38:49 PM
1658166558000,0.08285602051316213,8,130.13855091483447,7/18/2022, 1:49:18 PM
1658100896000,0.490432160974491,329,659.4940747892839,7/17/2022, 7:34:56 PM
1658090386000,0.2328422627833506,33,313.10771373767267,7/17/2022, 4:39:46 PM
1658000047000,2.7044731849836072,1,3664.6845984025554,7/16/2022, 3:34:07 PM
1657890479000,0.2203307342796419,5,271.9099694645269,7/15/2022, 9:07:59 AM
1657819079000,0.08780487804878048,640,104.58709789261272,7/14/2022, 1:17:59 PM
1657691182000,0.0509977827051,22,56.75649224418849,7/13/2022, 1:46:22 AM
1657685609000,0.2784949196016846,302,309.94278390143035,7/13/2022, 12:13:29 AM
1657681300000,0.08252380952380951,2,91.84246268672749,7/12/2022, 11:01:40 PM
1657509363000,0.5754767277051968,329,631.5566114296139,7/10/2022, 11:16:03 PM
1657266757000,0.002439024390243903,603,3.0085723884397537,7/8/2022, 3:52:37 AM
1657185159000,0.000714285714285715,219,0.8859845754726547,7/7/2022, 5:12:39 AM
1657146127000,0.102625903388224,8,121.99404298596451,7/6/2022, 6:22:07 PM
1656904303000,0.2782006342980708,302,320.8622327406576,7/3/2022, 11:11:43 PM
1656900656000,0.618322211401236,329,713.1408805156605,7/3/2022, 10:10:56 PM
1656793806000,0.2939913913354791,33,314.14200304906547,7/2/2022, 4:30:06 PM
1656792632000,9.132868665747132,1,9758.849207145528,7/2/2022, 4:10:32 PM
1656716768000,2.2838781323903974,294,2441.0533467871032,7/1/2022, 7:06:08 PM
1656548257000,0.02266586882808392,168,23.97212549322748,6/29/2022, 8:17:37 PM
1656440893000,0.021549316183344804,168,24.642365727509958,6/28/2022, 2:28:13 PM
1656381503000,0.21987671244915036,5,251.43639440968562,6/27/2022, 9:58:23 PM
1656292448000,0.5494784243317301,329,656.2006012149644,6/26/2022, 9:14:08 PM
1656133746000,0.08252380952380951,2,102.68323773288168,6/25/2022, 1:09:06 AM
1655994322000,0.37462193707317076,528,428.7475968119417,6/23/2022, 10:25:22 AM
1655683244000,0.5885658653155811,329,666.2885737433689,6/19/2022, 8:00:44 PM
1655682226000,0.33261304361697247,33,374.44049483595427,6/19/2022, 7:43:46 PM
1655590637000,9.770358638356528,1,9723.9745375214,6/18/2022, 6:17:17 PM
1655565777000,0.12273302890632844,8,122.15036235340962,6/18/2022, 11:22:57 AM
1655247022000,0.02127650158484405,168,25.848104010799346,6/14/2022, 6:50:22 PM
1655241349000,0.21806245480465863,5,264.91671998633984,6/14/2022, 5:15:49 PM
1655083708000,0.48713875065205003,329,587.2921811901903,6/12/2022, 9:28:28 PM
1654940505000,0.005231031871188178,337,8.003680771934029,6/11/2022, 5:41:45 AM
1654913834000,0.08252380952380951,2,126.26461542900822,6/10/2022, 10:17:14 PM
1654482904000,0.19109843939023108,329,355.47774472031125,6/5/2022, 10:35:04 PM
1654453673000,0.17204671830938764,33,310.60134196884155,6/5/2022, 2:27:53 PM
1654399506000,33.45352856015871,1,60394.7053828303,6/4/2022, 11:25:06 PM
1654295399000,0.18461969644999104,8,328.06549111266366,6/3/2022, 6:29:59 PM
1654242026000,0.08252380952380951,2,146.6431514107161,6/3/2022, 3:40:26 AM
1653917926000,0.13793388189396757,5,275.307267273329,5/30/2022, 9:38:46 AM
1653916312000,0.15496322870180088,302,309.29676186841596,5/30/2022, 9:11:52 AM
1653869431000,0.1964357823540373,329,392.07334479400004,5/29/2022, 8:10:31 PM
1653755896000,0.005238095238095239,365,9.421734952556063,5/28/2022, 12:38:16 PM
1653726048000,0.08095238095238096,369,145.60863108495732,5/28/2022, 4:20:48 AM
1653718538000,0.004761904761904762,287,8.565213593232784,5/28/2022, 2:15:38 AM
1653705452000,0.08252380952380951,2,148.43515157072412,5/27/2022, 10:37:32 PM
1653700493000,0.01731707317073171,568,31.148130408561176,5/27/2022, 9:14:53 PM
1653697671000,4.8561863758536585,568,8734.797447124058,5/27/2022, 8:27:51 PM
1653691849000,0.002195121951219513,643,3.786312586900269,5/27/2022, 6:50:49 PM
1653639116000,0.051428571428571435,301,88.707894893092,5/27/2022, 4:11:56 AM
1653497518000,0.055,369,106.96635644789846,5/25/2022, 12:51:58 PM
1653262180000,0.27740569122342773,329,567.7513453158182,5/22/2022, 7:29:40 PM
1653209317000,0.2075041006416382,33,424.68751011655365,5/22/2022, 4:48:37 AM
1653189608000,2.9844518870307164,1,6108.11756031097,5/21/2022, 11:20:08 PM
1653177444000,0.08252380952380951,2,163.24423717765598,5/21/2022, 7:57:24 PM
1653117973000,0.06748619047619048,369,133.49761417804146,5/21/2022, 3:26:13 AM
1653081573000,0.1359257268980291,8,266.95689607668857,5/20/2022, 5:19:33 PM
1652925126000,0.026937250474306815,168,54.5169074843922,5/18/2022, 9:52:06 PM
1652909885000,0.08804878048780489,568,168.62901012175334,5/18/2022, 5:38:05 PM
1652883295000,0.06656613390243903,568,127.48593683424252,5/18/2022, 10:14:55 AM
1652868805000,0.029026829268292684,568,55.59151937559519,5/18/2022, 6:13:25 AM
1652864140000,0.01197560975609756,568,22.935413842044564,5/18/2022, 4:55:40 AM
1652860699000,0.22952380952380955,411,439.5787492449663,5/18/2022, 3:58:19 AM
1652767050000,0.0954323861904762,35,199.9479204720522,5/17/2022, 1:57:30 AM
1652740132000,0.00902439024390244,568,18.282410204993905,5/16/2022, 6:28:52 PM
1652721785000,0.12956773840840696,5,262.48981691770115,5/16/2022, 1:23:05 PM
1652657857000,0.3338450464836292,329,716.781155040248,5/15/2022, 7:37:37 PM
1652643780000,0.000634146341463415,625,1.3615422840218288,5/15/2022, 3:43:00 PM
1652472803000,0.3843439024390244,586,772.6135131472425,5/13/2022, 4:13:23 PM
1652457075000,0.08252380952380951,2,165.89052145714635,5/13/2022, 11:51:15 AM
1652424725000,0.01296956756097561,519,26.071606948091524,5/13/2022, 2:52:05 AM
1652424098000,1.9656425365853658,568,3951.3622465333983,5/13/2022, 2:41:38 AM
1652422604000,0.00051219512195122,574,1.0296218310641578,5/13/2022, 2:16:44 AM
1652298859000,0.14207257895502912,168,295.6402848903982,5/11/2022, 3:54:19 PM
1652266643000,0.002439024390243903,620,5.075390838189699,5/11/2022, 6:57:23 AM
1652261145000,2.3919113895121953,574,4977.352912357632,5/11/2022, 5:25:45 AM
1652126014000,0.11873962064235982,33,267.1511993407651,5/9/2022, 3:53:34 PM
1652121444000,0.012195121951219513,638,27.43769466122859,5/9/2022, 2:37:24 PM
1652053336000,0.2828433698299658,329,712.1514999354107,5/8/2022, 7:42:16 PM
1651960699000,1.7913304838287043,1,4731.314214037722,5/7/2022, 5:58:19 PM
1651951723000,0.024390243902439025,603,64.42022212049373,5/7/2022, 3:28:43 PM
1651931363000,0.09913537176078813,8,261.83922942193544,5/7/2022, 9:49:23 AM
1651872815000,0.08252380952380951,2,222.79012662885168,5/6/2022, 5:33:35 PM
1651668136000,1.0967695152380952,343,3226.753289268654,5/4/2022, 8:42:16 AM
1651576591000,0.09153714888783586,5,255.0268217305154,5/3/2022, 7:16:31 AM
1651543375000,0.25123673026454946,329,699.9574009000975,5/2/2022, 10:02:55 PM
1651304493000,0.08252380952380951,2,225.9645608383882,4/30/2022, 3:41:33 AM
1651272233000,0.023579690975609757,550,66.43554074898553,4/29/2022, 6:43:53 PM
1651172921000,0.000243902439024391,623,0.7152329472226615,4/28/2022, 3:08:41 PM
1651167946000,0.000521516366780074,7,1.529323320951559,4/28/2022, 1:45:46 PM
1651114001000,1.1808768424390244,568,3462.86829973107,4/27/2022, 10:46:41 PM
1651101094000,0.002398649618207722,233,6.931119282530318,4/27/2022, 7:11:34 PM
1651052049000,0.10531737682926828,574,304.32427303504494,4/27/2022, 5:34:09 AM
1651048641000,0.24234390243902437,568,700.2750557848693,4/27/2022, 4:37:21 AM
1651030961000,2.3103803668292686,568,6676.057140215069,4/26/2022, 11:42:41 PM
1650943300000,0.002439024390243903,571,6.845728868187918,4/25/2022, 11:21:40 PM
1650943071000,0.04878048780487805,603,136.91457736375835,4/25/2022, 11:17:51 PM
1650867575000,0.1059156712055523,33,318.6299634135989,4/25/2022, 2:19:35 AM
1650849499000,0.04285714285714286,457,128.92870058937,4/24/2022, 9:18:19 PM
1650846247000,0.24567068629241004,329,739.0600549868475,4/24/2022, 8:24:07 PM
1650770606000,0.053853658536585365,602,157.40895898441892,4/23/2022, 11:23:26 PM
1650763649000,0.07289748025316378,168,213.0721810003386,4/23/2022, 9:27:29 PM
1650751347000,1.4006480449096967,1,4118.868866755019,4/23/2022, 6:02:27 PM
1650738328000,0.10975609756097561,173,322.75843658467033,4/23/2022, 2:25:28 PM
1650721209000,0.014851533224187353,601,43.673725203840874,4/23/2022, 9:40:09 AM
1650662787000,0.5569461429567847,149,1652.5067054372541,4/22/2022, 5:26:27 PM
1650631386000,0.05365853658536585,561,159.20945432985533,4/22/2022, 8:43:06 AM
1650618676000,0.9096003273170732,574,2698.8617466303504,4/22/2022, 5:11:16 AM
1650581142000,0.08252380952380951,2,246.53896296034284,4/21/2022, 6:45:42 PM
1650577618000,0.16331164296757492,8,487.8917166924925,4/21/2022, 5:46:58 PM
1650507034000,0.03005146048780488,568,89.77840391589719,4/20/2022, 10:10:34 PM
1650461057000,0,78,0,4/20/2022, 9:24:17 AM
1650436786000,0.058536585365853655,585,180.27374503035216,4/20/2022, 2:39:46 AM
1650372722000,0.004876531390547821,601,15.14011067223226,4/19/2022, 8:52:02 AM
1650364376000,0.13414634146341464,561,416.48259661935634,4/19/2022, 6:32:56 AM
1650356471000,0.007142857142857143,215,22.176346053757936,4/19/2022, 4:21:11 AM
1650353698000,1.7622926829268293,568,5471.369733842722,4/19/2022, 3:34:58 AM
1650308920000,0.05682926829268293,542,174.00500075054362,4/18/2022, 3:08:40 PM
1650238939000,0.23825022206056137,329,713.7308172891096,4/17/2022, 7:42:19 PM
1650231547000,0.2926829268292683,528,876.7959281033634,4/17/2022, 5:39:07 PM
1650201141000,0.08495223945403725,5,254.493073591586,4/17/2022, 9:12:21 AM
1650007893000,0.000243902439024391,592,0.7427873353173877,4/15/2022, 3:31:33 AM
1649975746000,0.08252380952380951,2,249.50390610463106,4/14/2022, 6:35:46 PM
1649974434000,0.005238095238095239,365,15.836947300351659,4/14/2022, 6:13:54 PM
1649691130000,2.314813986097561,568,6927.548692176785,4/11/2022, 11:32:10 AM
1649687231000,0.16180022900629357,8,484.21988616722155,4/11/2022, 10:27:11 AM
1649675939000,0.09119732120263802,302,272.9264152634743,4/11/2022, 7:18:59 AM
1649670218000,0.09719301605227343,33,290.8697438694612,4/11/2022, 5:43:38 AM
1649638027000,0.22344196920907938,329,668.6952519158162,4/10/2022, 8:47:07 PM
1649545638000,0.003095238095238096,365,10.108855923923565,4/9/2022, 7:07:18 PM
1649533401000,0.9700823845521587,1,3168.2289885423643,4/9/2022, 3:43:21 PM
1649509521000,1.8448943326829268,568,6025.31063204694,4/9/2022, 9:05:21 AM
1649457885000,0.000634146341463415,517,2.024211033500571,4/8/2022, 6:44:45 PM
1649422914000,4.314707317073171,568,13772.654017667359,4/8/2022, 9:01:54 AM
1649413959000,0.06523759914899287,168,208.24005337906266,4/8/2022, 6:32:39 AM
1649379484000,0.08252380952380951,2,263.4180706287838,4/7/2022, 8:58:04 PM
1649274781000,0,37,0,4/6/2022, 3:53:01 PM
1649123318000,2.2359077997560974,409,7653.445061417382,4/4/2022, 9:48:38 PM
1649116608000,69.00066850608465,409,242949.084895743,4/4/2022, 7:56:48 PM
1649065322000,0.20449224904252916,329,720.0104846632584,4/4/2022, 5:42:02 AM
1649024759000,0.12762129645246528,527,449.42920814343347,4/3/2022, 6:25:59 PM
1649021055000,7.721080192380953,409,27190.438064278795,4/3/2022, 5:24:15 PM
1648897784000,0.000476190476190477,409,1.6382553516615115,4/2/2022, 7:09:44 AM
1648892296000,4.710311447142857,409,16205.055166175927,4/2/2022, 5:38:16 AM
1648884440000,0.002439024390243903,568,8.391063996315046,4/2/2022, 3:27:20 AM
1648848095000,0.018834634146341463,552,65.00201573876896,4/1/2022, 5:21:35 PM
1648845553000,0.09769067466234735,33,337.14967450887997,4/1/2022, 4:39:13 PM
1648767715000,0.08252380952380951,2,270.9506583893714,3/31/2022, 7:01:55 PM
1648754702000,0.047619047619047616,504,156.3477544081774,3/31/2022, 3:25:02 PM
1648730687000,0.14024390243902438,528,460.4632035314005,3/31/2022, 8:44:47 AM
1648617559000,0.006097560975609757,552,20.63285830354522,3/30/2022, 1:19:19 AM
1648604655000,0.07685402708994032,5,260.0577931645845,3/29/2022, 9:44:15 PM
1648545774000,0.12351219512195122,542,420.0877550923718,3/29/2022, 5:22:54 AM
1648509983000,0.2127117803816274,329,708.1035044352656,3/28/2022, 7:26:23 PM
1648500277000,0.001422592658678416,556,4.735717247003379,3/28/2022, 4:44:37 PM
1648478397000,0.002439024390243903,510,8.119351523626134,3/28/2022, 10:39:57 AM
1648458244000,0.004761904761904762,425,15.852067260412928,3/28/2022, 5:04:04 AM
1648427740000,0.05921872522463715,253,197.13523522074055,3/27/2022, 8:35:40 PM
1648414161000,0.9325018945042246,1,3063.430136475541,3/27/2022, 4:49:21 PM
1648356579000,0.003758131491505802,7,12.346112469870688,3/27/2022, 12:49:39 AM
1648350707000,0.000487804878048781,553,1.6025234618197783,3/26/2022, 11:11:47 PM
1648348812000,0.024985620325043492,222,82.08208769695672,3/26/2022, 10:40:12 PM
1648254006000,0.14554516287148506,28,457.13926684475126,3/25/2022, 8:20:06 PM
1648170402000,0.06897492648638676,168,214.2410915970163,3/24/2022, 9:06:42 PM
1648162864000,0.08252380952380951,2,256.3731724701285,3/24/2022, 7:01:04 PM
1648094414000,0.09076536380952381,299,281.9768549770994,3/24/2022, 12:00:14 AM
1648033343000,0.015463414634146341,518,46.83613544850248,3/23/2022, 7:02:23 AM
1647986608000,0.16336608979585185,8,485.1621603146861,3/22/2022, 6:03:28 PM
1647930191000,0.0762175975249147,259,226.34987661999986,3/22/2022, 2:23:11 AM
1647877615000,0.008027290143759518,516,23.251743733251974,3/21/2022, 11:46:55 AM
1647822539000,0.24967123974039276,329,723.1944504360554,3/20/2022, 8:28:59 PM
1647796831000,0.03287450698860125,7,94.04219413555612,3/20/2022, 1:20:31 PM
1647767546000,0.003792682926829269,511,10.84950792488411,3/20/2022, 5:12:26 AM
1647753588000,0.009523809523809525,455,27.24420915144685,3/20/2022, 1:19:48 AM
1647740351000,0.000571428571433334,286,1.634652549100435,3/19/2022, 9:39:11 PM
1647639889000,0.08252380952380951,2,243.09417439775274,3/18/2022, 5:44:49 PM
1647559784000,0.09340535346544032,5,263.16034326118717,3/17/2022, 7:29:44 PM
1647502016000,0.05365853658536585,510,151.1776186567561,3/17/2022, 3:26:56 AM
1647449369000,0.07286926285714286,431,201.9760684702092,3/16/2022, 12:49:29 PM
1647436761000,0.05340562116831336,302,148.02753554584604,3/16/2022, 9:19:21 AM
1647317733000,0.004878048780487805,527,12.782262694736273,3/15/2022, 12:15:33 AM
1647314728000,0.2785184822079608,329,729.8197630088841,3/14/2022, 11:25:28 PM
1647192981000,3.9457486966666666,441,9937.339861790853,3/13/2022, 1:36:21 PM
1647121068000,0.12475858521430812,33,321.80954762801707,3/12/2022, 4:37:48 PM
1647115867000,1.1101399531781653,1,2863.5595339781175,3/12/2022, 3:11:07 PM
1647053833000,0.001180489567934004,213,3.045023420102608,3/11/2022, 9:57:13 PM
1646961290000,0.08252380952380951,2,211.49468898465847,3/10/2022, 8:14:50 PM
1646944726000,0.000476190476190477,407,1.2435546297641495,3/10/2022, 3:38:46 PM
1646894739000,0.026056430659900855,181,68.0454494627212,3/10/2022, 1:45:39 AM
1646876606000,0.15809058649143845,168,412.84798958247114,3/9/2022, 8:43:26 PM
1646766760000,0.007222265316307217,7,18.60908492735175,3/8/2022, 2:12:40 PM
1646706858000,0.1944644921984942,8,501.06249108644283,3/7/2022, 9:34:18 PM
1646678326000,2.0994290928321937,181,5245.757114171045,3/7/2022, 1:38:46 PM
1646635203000,0.004761904761904762,124,11.898375547453416,3/7/2022, 1:40:03 AM
1646620653000,0.28186932989935903,329,704.2952999148388,3/6/2022, 9:37:33 PM
1646421766000,0.2623731595983672,313,687.2487459445365,3/4/2022, 2:22:46 PM
1646412847000,0.08252380952380951,2,216.15924697716997,3/4/2022, 11:54:07 AM
1646344355000,0.02040250619047619,193,57.87999909429401,3/3/2022, 4:52:35 PM
1646114062000,0.05285714285714285,264,157.37030495857397,3/1/2022, 12:54:22 AM
1646054916000,0.10050707778470579,5,293.40980586501536,2/28/2022, 8:28:36 AM
1646029410000,0.2326319914285714,463,679.1214006764774,2/28/2022, 1:23:30 AM
1646007057000,0.2722485516890454,329,794.7738254735116,2/27/2022, 7:10:57 PM
1646002411000,0.11185797691252652,33,294.1286622207284,2/27/2022, 5:53:31 PM
1645916462000,1.622249665167857,1,4518.51519021284,2/26/2022, 6:01:02 PM
1645899917000,0.002380952380952381,387,6.631759421194626,2/26/2022, 1:25:17 PM
1645893103000,0.047619047619047616,439,132.63518842389252,2/26/2022, 11:31:43 AM
1645879481000,0.000476190476190477,379,1.3263518842389272,2/26/2022, 7:44:41 AM
1645833065000,0.008718733333333334,240,24.167374182804647,2/25/2022, 6:51:05 PM
1645767735000,0.5509047619047619,409,1527.047681242835,2/25/2022, 12:42:15 AM
1645748637000,0.08252380952380951,2,228.7469644389172,2/24/2022, 7:23:57 PM
1645698417000,0.04760550040964072,332,123.77113861677417,2/24/2022, 5:26:57 AM
1645690113000,5.524316424761905,409,14362.855722311866,2/24/2022, 3:08:33 AM
1645662318000,0.14569676844664609,168,378.801919279352,2/23/2022, 7:25:18 PM
1645467560000,0.26953883526888806,329,693.9313388476902,2/21/2022, 1:19:20 PM
1645457323000,0.0968625,8,249.37380263619806,2/21/2022, 10:28:43 AM
1645413778000,0.08252380952380951,2,212.4586520993953,2/20/2022, 10:22:58 PM
1645394959000,0.047619047619047616,175,125.35673329130714,2/20/2022, 5:09:19 PM
1645393119000,0.11021636892158018,33,290.14364322801566,2/20/2022, 4:38:39 PM
1645339450000,0,17,0,2/20/2022, 1:44:10 AM
1645310468000,0.10354133791154004,233,286.7030294908167,2/19/2022, 5:41:08 PM
1645271990000,0.08830096185101197,310,244.50286021286374,2/19/2022, 6:59:50 AM
1645258717000,0.06726190476190476,377,186.24630754758283,2/19/2022, 3:18:37 AM
1645227764000,0.0877195238095238,120,244.93956385337873,2/18/2022, 6:42:44 PM
1645204436000,0.000952380952380953,398,2.6593369978272623,2/18/2022, 12:13:56 PM
1644965780000,0.045619000775994775,302,145.03649858904254,2/15/2022, 5:56:20 PM
1644857838000,0.24154040946896374,329,709.0770160920705,2/14/2022, 11:57:18 AM
1644808677000,1.694395129833956,1,4974.143437882913,2/13/2022, 10:17:57 PM
1644768000000,0.11210763073395898,5,323.905366524114,2/13/2022, 11:00:00 AM
1644648258000,0.08252380952380951,2,240.81152103593627,2/12/2022, 1:44:18 AM
1644607914000,0.5085238095238095,197,1490.2611468549933,2/11/2022, 2:31:54 PM
1644594440000,0.09663236217809344,168,283.1872415525316,2/11/2022, 10:47:20 AM
1644502149000,0.14802112666666667,343,456.18801278944045,2/10/2022, 9:09:09 AM
1644490595000,0.0968625,8,298.52165284705876,2/10/2022, 5:56:35 AM
1644477630000,0.00285238788174209,7,8.790807020452387,2/10/2022, 2:20:30 AM
1644398048000,0.011904761904761904,265,38.58239338675867,2/9/2022, 4:14:08 AM
1644367863000,0.000260255398601084,323,0.8434671982677953,2/8/2022, 7:51:03 PM
1644363626000,64.42095238095239,323,201472.54134868723,2/8/2022, 6:40:26 PM
1644340755000,3.8975420952380952,323,12189.321671271717,2/8/2022, 12:19:15 PM
1644339398000,38.22483354619048,323,119545.80105615778,2/8/2022, 11:56:38 AM
1644327198000,0.052564087670072625,14,164.39093082541856,2/8/2022, 8:33:18 AM
1644323069000,5.550240521428571,323,17358.03370828939,2/8/2022, 7:24:29 AM
1644318853000,0.10527136618839675,7,329.22968216619535,2/8/2022, 6:14:13 AM
1644314237000,11.788303295714286,323,36867.18894082811,2/8/2022, 4:57:17 AM
1644302740000,8.324577853809524,323,26034.602002529573,2/8/2022, 1:45:40 AM
1644294766000,28.594738289758645,323,89428.27417965469,2/7/2022, 11:32:46 PM
1644291731000,0.023809523809523808,173,74.46281206524318,2/7/2022, 10:42:11 PM
1644259866000,0.025315011899200688,246,79.74110490460646,2/7/2022, 1:51:06 PM
1644254865000,36.82401274551495,323,115993.91993338894,2/7/2022, 12:27:45 PM
1644246471000,12.09657910095238,323,38103.65908247393,2/7/2022, 10:07:51 AM
1644244436000,11.593560280952381,323,36519.173297741676,2/7/2022, 9:33:56 AM
1644237582000,4.383777392380953,323,13808.694000073892,2/7/2022, 7:39:42 AM
1644225158000,2.5280770176190472,323,7963.324507670892,2/7/2022, 4:12:38 AM
1644217025000,0.05428571428571429,323,170.9974640705311,2/7/2022, 1:57:05 AM
1644216962000,15.760183584289587,323,49643.842061570336,2/7/2022, 1:56:02 AM
1644188489000,0.01904761904761905,323,58.339158256205444,2/6/2022, 6:01:29 PM
1644187108000,8.468428576666668,323,25937.152233065288,2/6/2022, 5:38:28 PM
1644186295000,66.27248277238095,323,202979.74517570302,2/6/2022, 5:24:55 PM
1644182998000,69.02959590761904,323,211424.24730086618,2/6/2022, 4:29:58 PM
1644171940000,10.885335872380953,323,33339.669936866085,2/6/2022, 1:25:40 PM
1644171177000,58.69714049142857,323,179777.94283659922,2/6/2022, 1:12:57 PM
1644170474000,0.34486812714285714,275,1056.2641029626868,2/6/2022, 1:01:14 PM
1644168172000,27.631899293809525,323,84631.14165560697,2/6/2022, 12:22:52 PM
1644164992000,22.522768584761906,323,68982.86644380164,2/6/2022, 11:29:52 AM
1644163724000,0.014280708203602352,293,43.739036034784064,2/6/2022, 11:08:44 AM
1644160709000,9.651847619047619,323,29561.734949900932,2/6/2022, 10:18:29 AM
1644159444000,33.71790717428571,323,103271.4019422067,2/6/2022, 9:57:24 AM
1644148387000,19.108901573809526,323,58526.854733378175,2/6/2022, 6:53:07 AM
1644141602000,17.92318735190476,323,54895.24232736556,2/6/2022, 5:00:02 AM
1644133388000,2.8003333333333336,323,8576.877198931685,2/6/2022, 2:43:08 AM
1644130767000,7.958352500476191,323,24374.88826415731,2/6/2022, 1:59:27 AM
1644127182000,6.947571428571429,323,21279.062126055294,2/6/2022, 12:59:42 AM
1644125926000,11.934134902857142,323,36551.93769930611,2/6/2022, 12:38:46 AM
1644118819000,14.518124924232762,323,44466.197345754226,2/5/2022, 10:40:19 PM
1644109080000,10.404363380476191,323,31866.54459495513,2/5/2022, 7:58:00 PM
1644076578000,0.7744366666666667,173,2337.7713642241633,2/5/2022, 10:56:18 AM
1644070165000,2.857142857142857,323,8624.781137591859,2/5/2022, 9:09:25 AM
1644067000000,0.000474312434397374,252,1.4317943281305114,2/5/2022, 8:16:40 AM
1644065509000,6.379773587619048,323,19258.452815211225,2/5/2022, 7:51:49 AM
1644055914000,4.389595305714286,323,13250.75457803522,2/5/2022, 5:11:54 AM
1644052298000,6.621087107619047,323,19986.899518650887,2/5/2022, 4:11:38 AM
1644044159000,5.248639300952381,323,15843.927834307096,2/5/2022, 1:55:59 AM
1644037206000,5.922246672491901,323,17877.328487576004,2/5/2022, 12:00:06 AM
1644032739000,0.004761904761904762,323,14.374635229319766,2/4/2022, 10:45:39 PM
1644031850000,29.00073841809524,323,87543.75758961818,2/4/2022, 10:30:50 PM
1644006700000,0.08252380952380951,2,247.00196803224114,2/4/2022, 3:31:40 PM
1644002385000,26.464432937619048,323,79210.67939263277,2/4/2022, 2:19:45 PM
1643988214000,1.7107848452380954,323,5120.5491614105,2/4/2022, 10:23:34 AM
1643987240000,18.408628484285714,323,55098.85559852962,2/4/2022, 10:07:20 AM
1643982816000,6.490708936190476,323,19427.337278957613,2/4/2022, 8:53:36 AM
1643980935000,4.9528617795238095,323,14824.407816281035,2/4/2022, 8:22:15 AM
1643979942000,10.896271983333333,323,32613.625566102717,2/4/2022, 8:05:42 AM
1643978232000,46.211179443333336,323,138314.6552911033,2/4/2022, 7:37:12 AM
1643963939000,0.90766,323,2716.716637268912,2/4/2022, 3:38:59 AM
1643963099000,10.653401324285715,323,31886.689532632994,2/4/2022, 3:24:59 AM
1643933433000,9.547619047619047,303,28576.97322011792,2/3/2022, 7:10:33 PM
1643899967000,0.38095238095238093,173,1016.0978012250232,2/3/2022, 9:52:47 AM
1643899692000,0.23809523809523808,303,635.0611257656395,2/3/2022, 9:48:12 AM
1643898859000,4.804285714285714,303,12814.263395699074,2/3/2022, 9:34:19 AM
1643891493000,0.25,310,666.8141820539215,2/3/2022, 7:31:33 AM
1643818855000,0.5571428571428572,173,1498.892426279912,2/2/2022, 11:20:55 AM
1643753083000,0.02619047619047619,308,73.26615097145356,2/1/2022, 5:04:43 PM
1643719389000,0.11809303369194252,5,330.35756861484913,2/1/2022, 7:43:09 AM
1643535180000,3.898661718879068,1,10176.21822396965,1/30/2022, 4:33:00 AM
1643519090000,0.08252380952380951,2,215.4021956613978,1/30/2022, 12:04:50 AM
1643508141000,0.25,310,652.5456013977719,1/29/2022, 9:02:21 PM
1643501489000,0.06333333333333334,254,165.31155235410222,1/29/2022, 7:11:29 PM
1643441086000,0.000936516365155223,307,2.438317634827036,1/29/2022, 2:24:46 AM
1643418585000,0.23809523809523808,197,619.9056838902515,1/28/2022, 8:09:45 PM
1643332602000,29.605500952380954,303,75526.92131671032,1/27/2022, 8:16:42 PM
1643330071000,0.05865498259413392,246,149.6353756129869,1/27/2022, 7:34:31 PM
1643314567000,0.023809523809523808,173,57.425329888700496,1/27/2022, 3:16:07 PM
1643245698000,0.018310468095238095,255,44.162356172994066,1/26/2022, 8:08:18 PM
1643230736000,0.16683262531519719,168,412.1483912950846,1/26/2022, 3:58:56 PM
1643227617000,0.01261904761904762,139,31.174479008769634,1/26/2022, 3:06:57 PM
1643142721000,0.9132615849401198,233,2251.390021077143,1/25/2022, 3:32:01 PM
1642986196000,0.03094128063784986,7,75.73904176991289,1/23/2022, 8:03:16 PM
1642911700000,0.29523809523809524,173,749.2660815589746,1/22/2022, 11:21:40 PM
1642879483000,0.11190476190476191,278,269.39704529902235,1/22/2022, 2:24:43 PM
1642840863000,0.08252380952380951,2,198.66599127795985,1/22/2022, 3:41:03 AM
1642830207000,0.0968625,8,233.1846371514075,1/22/2022, 12:43:27 AM
1642824805000,0.07214285714285713,199,173.67511643745482,1/21/2022, 11:13:25 PM
1642807738000,0.03681260645023071,246,94.40016226608563,1/21/2022, 6:28:58 PM
1642776016000,0.07561904761904761,276,193.91320131857202,1/21/2022, 9:40:16 AM
1642717804000,0.19047619047619047,244,574.3978623893021,1/20/2022, 5:30:04 PM
1642669639000,0.002374316470815998,149,7.15996210373021,1/20/2022, 4:07:19 AM
1642644643000,7.629425458694319,199,23007.20979234582,1/19/2022, 9:10:43 PM
1642638368000,0.001428571428571429,282,4.307983967919767,1/19/2022, 7:26:08 PM
1642637390000,0.00457700604627122,7,13.802368067885775,1/19/2022, 7:09:50 PM
1642608726000,0.005476190476190477,150,16.95987945700992,1/19/2022, 11:12:06 AM
1642550184000,0.10365189423075667,5,328.20894592184226,1/18/2022, 6:56:24 PM
1642464841000,0.20018938754802193,253,633.8904692431475,1/17/2022, 7:14:01 PM
1642463964000,0.01779461222649084,246,57.23802478057769,1/17/2022, 6:59:24 PM
1642428609000,0.23809523809523808,260,765.855471576089,1/17/2022, 9:10:09 AM
1642382423000,0.00998982617188917,7,32.13320474210841,1/16/2022, 8:20:23 PM
1642356875000,50.27845274819376,199,168749.34188304475,1/16/2022, 1:14:35 PM
1642285394000,0.9893547062306322,1,3295.784555897583,1/15/2022, 5:23:14 PM
1642234877000,0.052286563333333334,199,174.1794392139774,1/15/2022, 3:21:17 AM
1642234006000,0.3642857142857143,199,1213.5255672368519,1/15/2022, 3:06:46 AM
1642230605000,29.716600712380952,199,98993.32672584387,1/15/2022, 2:10:05 AM
1642190419000,0.3568480725623583,197,1181.8758423191603,1/14/2022, 3:00:19 PM
1642184636000,0.041493216468022606,7,137.42495457953154,1/14/2022, 1:23:56 PM
1642184456000,0.08252380952380951,2,273.3177068661193,1/14/2022, 1:20:56 PM
1642171986000,0.08714285714285713,8,288.6159281967676,1/14/2022, 9:53:06 AM
1642086940000,0.13303285714285715,255,433.25593698700914,1/13/2022, 10:15:40 AM
1642086909000,0.10981859410430839,197,357.6526800154711,1/13/2022, 10:15:09 AM
1642070723000,13.28911538,199,43279.444336879846,1/13/2022, 5:45:23 AM
1642060085000,0.47619047619047616,199,1550.837555301444,1/13/2022, 2:48:05 AM
1642050117000,0.6493809523809523,199,2114.8771741645787,1/13/2022, 12:01:57 AM
1642049517000,18.46087127142857,199,60122.60618976558,1/12/2022, 11:51:57 PM
1642036553000,0.11432756232653833,168,372.33730225033054,1/12/2022, 8:15:53 PM
1641956598000,0.3423809523809524,173,1156.5751469658935,1/11/2022, 10:03:18 PM
1641937364000,0.8918857142857143,244,2895.430022230266,1/11/2022, 4:42:44 PM
1641858769000,0.2723809523809524,255,840.7661854261672,1/10/2022, 6:52:49 PM
1641831907000,0.09348019047619048,177,288.54801509635354,1/10/2022, 11:25:07 AM
1641664761000,2.1773223734166436,149,6751.965735964588,1/8/2022, 12:59:21 PM
1641636717000,0.019613292857142858,202,60.821623365336464,1/8/2022, 5:11:57 AM
1641580838000,0.08252380952380951,2,264.2242855878578,1/7/2022, 1:40:38 PM
1641512281000,0.004761904761904762,244,16.27060004102816,1/6/2022, 6:38:01 PM
1641427080000,0.19857142857142857,197,706.299950870992,1/5/2022, 6:58:00 PM
1641384275000,0.08895238095238096,139,316.3952777522814,1/5/2022, 7:04:35 AM
1641354845000,0.047619047619047616,197,169.37648701942254,1/4/2022, 10:54:05 PM
1641296728000,0.08490406582693845,137,322.2031296852324,1/4/2022, 6:45:28 AM
1641275232000,0.00761904761904762,149,28.913585753146283,1/4/2022, 12:47:12 AM
1641185772000,0.09523809523809523,173,358.99094667760676,1/2/2022, 11:56:12 PM
1641104676000,0.006823544538586445,7,26.170995371074937,1/2/2022, 1:24:36 AM
1641096859000,0.14285714285714288,197,547.9137130705654,1/1/2022, 11:14:19 PM
1641068190000,3.8938958376135,199,14720.156247909446,1/1/2022, 3:16:30 PM
1641068130000,1.2533694568319542,1,4738.132454059509,1/1/2022, 3:15:30 PM
1641044809000,0.039652092311301616,7,149.8974340147267,1/1/2022, 8:46:49 AM
1641042301000,0.004761904761904762,91,18.001504163465945,1/1/2022, 8:05:01 AM
1640953571000,0.0868873587477932,5,320.30178018176514,12/31/2021, 7:26:11 AM
1640948849000,0.06270167201958315,168,231.14360313957346,12/31/2021, 6:07:29 AM
1640935103000,0.10339354239955277,224,381.1502175593143,12/31/2021, 2:18:23 AM
1640928463000,0.08252380952380951,2,304.215981229012,12/31/2021, 12:27:43 AM
1640785577000,0,80,0,12/29/2021, 8:46:17 AM
1640759129000,0.004856903842147681,7,17.700527157270066,12/29/2021, 1:25:29 AM
1640752035000,0.08536619047619048,223,311.10901552630617,12/28/2021, 11:27:15 PM
1640699086000,0.06837000548692107,7,260.3092492166061,12/28/2021, 8:44:46 AM
1640680943000,0.4655,149,1772.3262510708776,12/28/2021, 3:42:23 AM
1640655037000,0.11904761904761904,173,453.2571866070476,12/27/2021, 8:30:37 PM
1640635081000,0.11647238737661106,109,471.1367878093818,12/27/2021, 2:58:01 PM
1640634002000,0.1161098038532451,109,469.6701188386593,12/27/2021, 2:40:02 PM
1640633427000,0.17416470577986765,109,704.505178257989,12/27/2021, 2:30:27 PM
1640630804000,0.08714285714285713,8,352.49733193896986,12/27/2021, 1:46:44 PM
1640618967000,0.5060846657142857,177,2047.1384603222596,12/27/2021, 10:29:27 AM
1640596428000,0.000047056479688521,224,0.19034587669591455,12/27/2021, 4:13:48 AM
1640585383000,0.06523909962670389,7,263.89550802556784,12/27/2021, 1:09:43 AM
1640479398000,0.28571428571428575,173,1164.2947482713003,12/25/2021, 7:43:18 PM
1640438794000,0.05819478609633449,168,239.2138507579429,12/25/2021, 8:26:34 AM
1640362566000,0.08252380952380951,2,334.64373318533256,12/24/2021, 11:16:06 AM
1640198286000,0.002857142857142858,214,11.40741307610662,12/22/2021, 1:38:06 PM
1640074545000,0,115,0,12/21/2021, 3:15:45 AM
1640054419000,0,34,0,12/20/2021, 9:40:19 PM
1640050978000,0.079605214850525,33,321.330407541364,12/20/2021, 8:42:58 PM
1640040102000,0.22545566666666667,173,890.6586413401534,12/20/2021, 5:41:42 PM
1640039030000,0.10476666666666667,159,413.8788719337434,12/20/2021, 5:23:50 PM
1639879682000,0.011232753333333335,149,44.13170996995803,12/18/2021, 9:08:02 PM
1639857855000,0.7975713319947639,1,3163.507150989681,12/18/2021, 3:04:15 PM
1639857338000,0.17184014285714286,173,681.5910990632606,12/18/2021, 2:55:38 PM
1639849916000,0.16666666666666666,173,661.0708919450917,12/18/2021, 12:51:56 PM
1639848736000,0.48880952380952386,31,1938.8264873761052,12/18/2021, 12:32:16 PM
1639792305000,0.8885714285714286,173,3524.452241055832,12/17/2021, 8:51:45 PM
1639792304000,0.08252380952380951,2,327.3245302116697,12/17/2021, 8:51:44 PM
1639777848000,0.09762723285714286,149,379.45238973935705,12/17/2021, 4:50:48 PM
1639607750000,0.006672326190476191,120,26.79421069943893,12/15/2021, 5:35:50 PM
1639586697000,0.13333333333333333,168,535.4296724418521,12/15/2021, 11:44:57 AM
1639577791000,0,5,0,12/15/2021, 9:16:31 AM
1639577098000,0.6792039152380952,149,2727.4944739286757,12/15/2021, 9:04:58 AM
1639562769000,0.001904761904761905,188,7.648995320597887,12/15/2021, 5:06:09 AM
1639546301000,0.006181946461952391,138,24.82498176882176,12/15/2021, 12:31:41 AM
1639477319000,0,66,0,12/14/2021, 5:21:59 AM
1639397848000,0,92,0,12/13/2021, 7:17:28 AM
1639389121000,0.000427760176592774,174,1.6181719454054897,12/13/2021, 4:52:01 AM
1639329829000,0.047619047619047616,149,196.94483381606724,12/12/2021, 12:23:49 PM
1639321276000,0,101,0,12/12/2021, 10:01:16 AM
1639314984000,0.02428571428571429,140,100.44186524619431,12/12/2021, 8:16:24 AM
1639312315000,1.633858201047619,140,6757.37856957118,12/12/2021, 7:31:55 AM
1639310397000,0,110,0,12/12/2021, 6:59:57 AM
1639287654000,0,91,0,12/12/2021, 12:40:54 AM
1639286258000,0,88,0,12/12/2021, 12:17:38 AM
1639267458000,0.27355735333333336,120,1131.3898573193271,12/11/2021, 7:04:18 PM
1639150371000,1.8505025874714287,149,7250.64061389964,12/10/2021, 10:32:51 AM
1639095621000,0.4142857142857143,2,1623.2545936955091,12/9/2021, 7:20:21 PM
1639036987000,0.000086872182546015,151,0.36080912954367633,12/9/2021, 3:03:07 AM
1638916888000,0.08714285714285713,8,375.6350934741377,12/7/2021, 5:41:28 PM
1638891534000,0.047619047619047616,144,205.26507840116815,12/7/2021, 10:38:54 AM
1638867488000,0,118,0,12/7/2021, 3:58:08 AM
1638807120000,0.009523809523809525,28,41.405863148553046,12/6/2021, 11:12:00 AM
1638797426000,0.04047619047619048,123,175.97491838135045,12/6/2021, 8:30:26 AM
1638733050000,0.11204423118252221,33,470.42586979414335,12/5/2021, 2:37:30 PM
1638690288000,0.04476190476190476,124,187.93611914708163,12/5/2021, 2:44:48 AM
1638660033000,0.17088919714285716,120,700.928836108091,12/4/2021, 6:20:33 PM
1638659014000,0.35004266523809524,120,1435.7548752973796,12/4/2021, 6:03:34 PM
1638658858000,0.13285714285714287,120,544.9344023405748,12/4/2021, 6:00:58 PM
1638658333000,0.3352781476190476,120,1375.1958913274032,12/4/2021, 5:52:13 PM
1638650383000,0.638472376878104,1,2618.794561005646,12/4/2021, 3:39:43 PM
1638641853000,0.000047619047619048,109,0.19531699008622908,12/4/2021, 1:17:33 PM
1638637188000,0.023809523809523808,120,97.65849504311375,12/4/2021, 11:59:48 AM
1638635315000,0.11771428571428572,120,482.8235994931544,12/4/2021, 11:28:35 AM
1638573077000,0.11610109523809523,120,492.2866994813716,12/3/2021, 6:11:17 PM
1638547804000,0.2111582380952381,120,895.3437681791831,12/3/2021, 11:10:04 AM
1638508906000,0.5218476190476191,120,2212.7150608383813,12/3/2021, 12:21:46 AM
1638507780000,0,112,0,12/3/2021, 12:03:00 AM
1638499990000,0.4917287038095238,120,2085.0061762312703,12/2/2021, 9:53:10 PM
1638490701000,0.21707038095238096,120,920.4121733310601,12/2/2021, 7:18:21 PM
1638489720000,0.06252380952380952,2,265.11067588429336,12/2/2021, 7:02:00 PM
1638486389000,0.12443587095238096,120,562.3805805406856,12/2/2021, 6:06:29 PM
1638484843000,6.282946409571428,120,28395.405780323254,12/2/2021, 5:40:43 PM
1638471014000,0.01904761904761905,28,86.08459101007209,12/2/2021, 1:50:14 PM
1638335677000,0,89,0,12/1/2021, 12:14:37 AM
1638311579000,0.000476190476190477,120,2.2081531508721013,11/30/2021, 5:32:59 PM
1638290337000,0,52,0,11/30/2021, 11:38:57 AM
1638286344000,0,52,0,11/30/2021, 10:32:24 AM
1638275103000,0,5,0,11/30/2021, 7:25:03 AM
1638257683000,0,52,0,11/30/2021, 2:34:43 AM
1638251075000,0,112,0,11/30/2021, 12:44:35 AM
1638175753000,0,80,0,11/29/2021, 3:49:13 AM
1638168669000,0,77,0,11/29/2021, 1:51:09 AM
1638166871000,0,94,0,11/29/2021, 1:21:11 AM
1638166871000,0,67,0,11/29/2021, 1:21:11 AM
1638166783000,0,92,0,11/29/2021, 1:19:43 AM
1638038869000,0.06252380952380952,2,255.3527705580376,11/27/2021, 1:47:49 PM
1638005084000,0,68,0,11/27/2021, 4:24:44 AM
1638003098000,0,70,0,11/27/2021, 3:51:38 AM
1637837392000,0,49,0,11/25/2021, 5:49:52 AM
1637734040000,0,52,0,11/24/2021, 1:07:20 AM
1637693358000,0.0761904761904762,8,331.84159678449333,11/23/2021, 1:49:18 PM
1637550494000,0.09571820834188038,33,392.54639083503497,11/21/2021, 10:08:14 PM
1637487568000,0,36,0,11/21/2021, 4:39:28 AM
1637477050000,0,36,0,11/21/2021, 1:44:10 AM
1637470541000,0,36,0,11/20/2021, 11:55:41 PM
1637462623000,0,36,0,11/20/2021, 9:43:43 PM
1637437555000,0.06252380952380952,2,277.3676715704611,11/20/2021, 2:45:55 PM
1637436474000,0,1,0,11/20/2021, 2:27:54 PM
1637430544000,0,36,0,11/20/2021, 12:49:04 PM
1637424691000,0,36,0,11/20/2021, 11:11:31 AM
1637412351000,0,36,0,11/20/2021, 7:45:51 AM
1637396102000,0,36,0,11/20/2021, 3:15:02 AM
1637370472000,0,36,0,11/19/2021, 8:07:52 PM
1637345117000,0,36,0,11/19/2021, 1:05:17 PM
1637322951000,0,36,0,11/19/2021, 6:55:51 AM
1637302440000,0,36,0,11/19/2021, 1:14:00 AM
1637291557000,0,36,0,11/18/2021, 10:12:37 PM
1637285859000,0,36,0,11/18/2021, 8:37:39 PM
1637284626000,0,36,0,11/18/2021, 8:17:06 PM
1637284425000,0,36,0,11/18/2021, 8:13:45 PM
1637284308000,0,36,0,11/18/2021, 8:11:48 PM
1637284061000,0,36,0,11/18/2021, 8:07:41 PM
1637283335000,0,36,0,11/18/2021, 7:55:35 PM
1637282833000,0,36,0,11/18/2021, 7:47:13 PM
1637282099000,0,36,0,11/18/2021, 7:34:59 PM
1637275244000,0,36,0,11/18/2021, 5:40:44 PM
1637274188000,0,36,0,11/18/2021, 5:23:08 PM
1637271404000,0,36,0,11/18/2021, 4:36:44 PM
1637270489000,0,36,0,11/18/2021, 4:21:29 PM
1637270470000,0,36,0,11/18/2021, 4:21:10 PM
1637269168000,0,36,0,11/18/2021, 3:59:28 PM
1637268658000,0,36,0,11/18/2021, 3:50:58 PM
1637268520000,0,36,0,11/18/2021, 3:48:40 PM
1637267114000,0,36,0,11/18/2021, 3:25:14 PM
1637264546000,0,36,0,11/18/2021, 2:42:26 PM
1637263522000,0,36,0,11/18/2021, 2:25:22 PM
1637263308000,0,36,0,11/18/2021, 2:21:48 PM
1637261842000,0,36,0,11/18/2021, 1:57:22 PM
1637260045000,0,36,0,11/18/2021, 1:27:25 PM
1637259396000,0,36,0,11/18/2021, 1:16:36 PM
1637258920000,0,36,0,11/18/2021, 1:08:40 PM
1637246035000,0,36,0,11/18/2021, 9:33:55 AM
1637226981000,0,36,0,11/18/2021, 4:16:21 AM
1637224364000,0,36,0,11/18/2021, 3:32:44 AM
1637220239000,0,36,0,11/18/2021, 2:23:59 AM
1637217832000,0,36,0,11/18/2021, 1:43:52 AM
1637211018000,0,36,0,11/17/2021, 11:50:18 PM
1637210004000,0,36,0,11/17/2021, 11:33:24 PM
1637209258000,0,36,0,11/17/2021, 11:20:58 PM
1637209110000,0,36,0,11/17/2021, 11:18:30 PM
1637209103000,0,36,0,11/17/2021, 11:18:23 PM
1637206920000,0,36,0,11/17/2021, 10:42:00 PM
1637203010000,0,36,0,11/17/2021, 9:36:50 PM
1637201670000,0,36,0,11/17/2021, 9:14:30 PM
1637199765000,0,36,0,11/17/2021, 8:42:45 PM
1637194227000,0,36,0,11/17/2021, 7:10:27 PM
1637192160000,0,36,0,11/17/2021, 6:36:00 PM
1637191414000,0,36,0,11/17/2021, 6:23:34 PM
1637191247000,0,36,0,11/17/2021, 6:20:47 PM
1637190048000,0,36,0,11/17/2021, 6:00:48 PM
1637182618000,0,36,0,11/17/2021, 3:56:58 PM
1637180485000,0,36,0,11/17/2021, 3:21:25 PM
1637152227000,0,36,0,11/17/2021, 7:30:27 AM
1637134770000,0,36,0,11/17/2021, 2:39:30 AM
1637099263000,0,36,0,11/16/2021, 4:47:43 PM
1637066218000,0,5,0,11/16/2021, 7:36:58 AM
1637040718000,0,36,0,11/16/2021, 12:31:58 AM
1637038008000,0,36,0,11/15/2021, 11:46:48 PM
1636958665000,0,36,0,11/15/2021, 1:44:25 AM
1636957096000,0,36,0,11/15/2021, 1:18:16 AM
1636946450000,0,36,0,11/14/2021, 10:20:50 PM
1636742259000,0.06252380952380952,2,292.93069737115496,11/12/2021, 1:37:39 PM
1636403897000,0.14761904761904762,31,710.7863983999488,11/8/2021, 3:38:17 PM
1636401838000,0.40476190476190477,31,1948.930447225666,11/8/2021, 3:03:58 PM
1636386463000,0.0761904761904762,8,366.85749594836074,11/8/2021, 10:47:43 AM
1636377477000,0.031650324852264294,5,152.39646084145676,11/8/2021, 8:17:57 AM
1636228117000,0.6129941809783219,33,2775.0885031771195,11/6/2021, 3:48:37 PM
1636227175000,1.0520495096881954,1,4762.737705681555,11/6/2021, 3:32:55 PM
1636160152000,0.0875,2,396.1216134881794,11/5/2021, 8:55:52 PM
1636040562000,0.002760564285714286,7,12.56060734913939,11/4/2021, 11:42:42 AM
1635749929000,0.010704761904761904,20,46.357540403743414,11/1/2021, 2:58:49 AM
1635705219000,0.1125,2,482.8545531407228,10/31/2021, 2:33:39 PM
1635614968000,0.47619047619047616,31,2059.338059862799,10/30/2021, 1:29:28 PM
1635510092000,0.03473018122208561,5,153.60952633567948,10/29/2021, 8:21:32 AM
1635301623000,0.10657305571428571,28,420.33381515482597,10/26/2021, 10:27:03 PM
1635175993000,0.28875,8,1221.4726672977788,10/25/2021, 11:33:13 AM
1635090136000,0.1125,2,460.6806367596063,10/24/2021, 11:42:16 AM
1635034754000,0.4079168382878784,1,1670.3945671771125,10/23/2021, 8:19:14 PM
1634694648000,0.07336190476190477,7,305.92706101926575,10/19/2021, 9:50:48 PM
1634398108000,0.9404211771428571,7,3624.8519804115217,10/16/2021, 11:28:28 AM
1634356537000,0.1125,2,433.63107691305095,10/15/2021, 11:55:37 PM
1634301876000,0.03959347127000534,5,153.8460455694395,10/15/2021, 8:44:36 AM
1634241959000,0.5045207485714286,28,1914.4125009141144,10/14/2021, 4:05:59 PM
1634184292000,0.06544700974139014,1,248.33978374751928,10/14/2021, 12:04:52 AM
1634032444000,0.16129361238095238,32,564.2220390550679,10/12/2021, 5:54:04 AM
1634007333000,0.1125,2,393.53684536357423,10/11/2021, 10:55:33 PM
1634002600000,0.41576623482504027,1,1454.3940663265544,10/11/2021, 9:36:40 PM
1633732001000,0.09523809523809523,8,338.9094835317532,10/8/2021, 6:26:41 PM
1633354421000,0.21924275142857141,7,743.3009819941399,10/4/2021, 9:33:41 AM
1633047704000,0.45239905,7,1495.2272856974514,9/30/2021, 8:21:44 PM
1633041395000,0.1125,2,339.01798860360867,9/30/2021, 6:36:35 PM
1632825966000,0.013120392827264156,5,36.72377507184362,9/28/2021, 6:46:06 AM
1632782947000,1.078914920952381,7,3171.7318127255526,9/27/2021, 6:49:07 PM
1632768146000,0.005714285714285715,21,16.798527330593004,9/27/2021, 2:42:26 PM
1632601971000,0.5929645548673133,1,1747.4492559884723,9/25/2021, 4:32:51 PM
1632596193000,0.1125,2,331.5342201907723,9/25/2021, 2:56:33 PM
1632439014000,0,8,0,9/23/2021, 7:16:54 PM
1632380786000,1.2576105504761905,7,3973.1311147571314,9/23/2021, 3:06:26 AM
1632344544000,0.03695469638966991,5,113.60316244232398,9/22/2021, 5:02:24 PM
1632206259000,0.01904761904761905,7,52.26878094342287,9/21/2021, 2:37:39 AM
1632204496000,4.37312839047619,7,12000.349718661328,9/21/2021, 2:08:16 AM
1631855112000,0.2261904761904762,7,771.8019817382356,9/17/2021, 1:05:12 AM
1631833242000,0.2625,2,937.9932229565601,9/16/2021, 7:00:42 PM
1631645821000,2.1501619152380953,7,7364.843978066696,9/14/2021, 2:57:01 PM
1631569784000,0.03553276867001754,5,117.30030607757598,9/13/2021, 5:49:44 PM
1631398089000,0,8,0,9/11/2021, 6:08:09 PM
1631395672000,0.5075614143085428,1,1658.7635706408153,9/11/2021, 5:27:52 PM
1631250666000,0.2125,2,682.1070854192315,9/10/2021, 1:11:06 AM
1630962805000,3.5692847276190474,7,14074.60622085828,9/6/2021, 5:13:25 PM
1630663405000,14.262131167619048,7,56138.078588528115,9/3/2021, 6:03:25 AM
1630632953000,0.2125,2,836.4347207201948,9/2/2021, 9:35:53 PM
1630411492000,0.046670112496613216,5,160.5714312674521,8/31/2021, 8:04:52 AM
1630210766000,0.023809523809523808,8,76.98531313556073,8/29/2021, 12:19:26 AM
1630205964000,1.0915986849960417,1,3529.556796477037,8/28/2021, 10:59:24 PM
1630037771000,0.2,2,653.5078869501997,8/27/2021, 12:16:11 AM
1629955206000,0.004285714285714286,7,13.384164845305067,8/26/2021, 1:20:06 AM
1629581637000,0.011904761904761904,8,38.38095785895421,8/21/2021, 5:33:57 PM
1629440461000,3.328919067142857,7,10908.767371654012,8/20/2021, 2:21:01 AM
1629422005000,0.2,2,655.3939673286671,8/19/2021, 9:13:25 PM
1629407238000,0.03775951104156207,5,118.74680648749845,8/19/2021, 5:07:18 PM
1629253869000,0.006190476190476191,13,18.801901555025577,8/17/2021, 10:31:09 PM
1629234239000,0.025521285714285715,7,76.74618190144578,8/17/2021, 5:03:59 PM
1629233133000,0.6229914833333334,7,1873.4251180844042,8/17/2021, 4:45:33 PM
1629229208000,0.7142857142857143,7,2147.960019408051,8/17/2021, 3:40:08 PM
1629048604000,0.17262204546206947,1,571.3366626136614,8/15/2021, 1:30:04 PM
1629036897000,4.243077523513763,7,14043.546668713714,8/15/2021, 10:14:57 AM
1628909796000,0.2,2,653.7096354062986,8/13/2021, 10:56:36 PM
1628879734000,2.5,7,8307.99497635245,8/13/2021, 2:35:34 PM
1628798098000,0.002652335714285715,11,8.085413827518382,8/12/2021, 3:54:58 PM
1628701736000,2.5,7,7916.618044919822,8/11/2021, 1:08:56 PM
1628616584000,9.236946835689452,7,29076.458395623427,8/10/2021, 1:29:44 PM
1628528920000,0.47619047619047616,7,1506.221264378517,8/9/2021, 1:08:40 PM
1628528753000,0.11904761904761904,7,376.55531609462923,8/9/2021, 1:05:53 PM
1628528622000,2.268823529047619,7,7176.435513605051,8/9/2021, 1:03:42 PM
1628525569000,2.847947777142857,7,9008.242953721412,8/9/2021, 12:12:49 PM
1628525426000,2.4761904761904763,7,7832.350574768288,8/9/2021, 12:10:26 PM
1628525185000,0.047619047619047616,7,150.6221264378517,8/9/2021, 12:06:25 PM
1628204014000,0.22054761904761905,2,622.3081215216062,8/5/2021, 6:53:34 PM
1628070540000,0.006192053909801252,3,16.870450525874507,8/4/2021, 5:49:00 AM
1627842688000,0.22054761904761905,2,563.5891894658636,8/1/2021, 2:31:28 PM
1627010577000,0.12424738577980571,1,263.050925310137,7/22/2021, 11:22:57 PM
1626993568000,0.24047619047619045,2,487.5735196180646,7/22/2021, 6:39:28 PM
1626835632000,0.02394989681586122,1,47.98898116625078,7/20/2021, 10:47:12 PM
1626671470000,0.007530964521037088,1,13.743478505241894,7/19/2021, 1:11:10 AM
1626639337000,0.001427673047190065,1,2.720749909085066,7/18/2021, 4:15:37 PM
1626638016000,0.030105787285832727,1,57.373302789514014,7/18/2021, 3:53:36 PM
1626622962000,0.000027650956874277,1,0.052695075073297744,7/18/2021, 11:42:42 AM
1626622962000,0.000027650956874277,1,0.052695075073297744,7/18/2021, 11:42:42 AM
1626610839000,0.000266699202119888,1,0.508254905665487,7/18/2021, 8:20:39 AM
1626610178000,0.001212269100544944,1,2.310249571206757,7/18/2021, 8:09:38 AM
1626610110000,0.0257001049315528,1,48.97729090958322,7/18/2021, 8:08:30 AM
1626610024000,0.024245382010898868,1,46.20499142413511,7/18/2021, 8:07:04 AM
1626609964000,0.24245382010898867,1,462.049914241351,7/18/2021, 8:06:04 AM
1626590406000,0.24047619047619045,2,458.28109920752394,7/18/2021, 2:40:06 AM